tree
version=v4
num_class=1
num_tree_per_iteration=1
label_index=0
max_feature_idx=21
objective=regression
feature_names=state crop season avg_price arrivals_tonnes is_festival days_to_nearest_festival year month day day_of_week is_weekend week_of_year day_of_year temp_max temp_min precipitation_mm lag_1_arrivals rolling_7_avg rolling_30_avg lag_1_price days_since_last_record
feature_infos=-1:16:13:8:25:15:30:22:32:12:24:1:31:9:28:20:14:6:3:10:29:11:27:17:4:18:5:7:21:2:23:19 -1:3:2:6:7:4:1:0:5 -1:1:0:2 [147.18106995884773:11941.727272727272] [0.01:1889128] [0:1] [0:52] [2001:2019] [1:12] [1:31] [0:6] [0:1] [1:53] [1:366] [-11.6:46.299999999999997] [-16.699999999999999:35.5] [0:265.10000000000002] [0.01:1889128] [0.01:1198461.3999999999] [0.0199999999999999:338889.57466666668] [1:343216.70088199509] [1:2362]
tree_sizes=5854 5887 5806 5900 5911 5858 5866 5735 5855 5893 5857 5856 5733 5835 5717 5830 5803 5745 5760 5779 5763 5814 5768 5721 5782 5811 5765 5774 5822 5753 5739 5727 5747 5710 5735 5607 5659 5674 5620 5652 5669 5675 5665 5688 5664 5693 5698 5676 5671 5622 5589 5630 5645 5748 5608 5606 5627 5632 5682 5637 5660 5668 5618 5731 5633 5588 5664 5678 5641 5586 5617 5613 5685 5607 5649 5622 5659 5621 5633 5587 5613 5644 5626 5677 5614 5568 5667 5667 5609 5648 5764 5612 5601 5716 5624 5642 5669 5711 5634 5566 5663 5658 5658 5597 5716 5606 5580 5659 5720 5593 5593 5624 5669 5561 5595 5733 5651 5650 5669 5608 5600 5613 5595 5587 5570 5598 5554 5573 5637 5579 5590 5567 5652 5675 5571 5601 5613 5607 5647 5571 5617 5592 5584 5569 5622 5699 5604 5675 5673 5572 5685 5515 5461 5597 5542 5592 5656 5611 5596 5567 5486 5615

Tree=0
num_leaves=63
num_cat=3
split_feature=3 3 20 20 3 3 3 3 3 20 20 3 20 3 3 20 3 20 20 20 20 20 20 3 3 20 3 20 20 3 20 20 10 20 20 3 3 0 10 3 0 20 3 3 20 3 0 10 3 20 3 3 20 3 20 20 3 3 19 20 3 20
split_gain=3.95166e+11 7.15189e+10 5.63884e+10 1.09941e+10 1.0445e+10 9.40639e+09 9.37075e+09 1.61589e+09 1.55958e+09 1.44961e+09 1.42278e+09 1.37132e+09 1.31532e+09 1.19669e+09 1.10507e+09 3.92662e+08 3.3785e+08 3.04018e+08 2.91843e+08 2.8884e+08 2.58123e+08 2.49319e+08 2.45228e+08 2.32454e+08 2.15291e+08 2.10585e+08 1.94909e+08 1.93587e+08 1.85495e+08 1.85181e+08 1.84828e+08 1.76571e+08 2.04174e+08 1.71684e+08 1.55253e+08 1.4152e+08 1.23745e+08 1.06641e+08 9.0924e+07 6.72151e+07 6.70526e+07 6.53894e+07 6.18488e+07 6.05177e+07 6.00893e+07 5.27894e+07 5.11895e+07 4.83795e+07 6.13512e+07 4.82781e+07 4.80326e+07 4.737e+07 4.72751e+07 4.72028e+07 4.63915e+07 4.56755e+07 4.53553e+07 4.48342e+07 4.43205e+07 4.13921e+07 4.09475e+07 3.9915e+07
threshold=2200.001928317613 1137.2758720104073 3749.3432519861094 1644.5808232931729 719.4881627388429 4782.7513255980266 2920.4711966842933 495.7591259452314 1390.336440162946 2505.4020647934699 940.37358525449349 4086.4962359785382 5469.7708618331062 1888.8572916287501 3336.2827255565417 3161.1678463094036 5833.4745046068419 4383.0987632676979 2700.0186567164187 2302.6551113320688 1244.7392697611187 620.30578707629672 371.72913968547647 1550.0234741784041 837.0017271157169 1686.0374659196607 3750.0000000000009 2743.3444444444444 2065.7216436495364 1718.4084893054981 4990.3547654076292 2549.1546543786994 1.0000000180025095e-35 1059.0759323049276 3108.6198219573416 2400.004260758416 3530.0651334834361 0 5.5000000000000009 5224.9642948227502 1 1433.1101708888959 4500.0473101299594 4086.4962359785382 1319.0048626859241 2593.7228879249046 2 5.5000000000000009 3207.3745910625325 1390.8904422667686 1871.1319950904133 993.90738378684819 1872.4046726614349 293.57832553676388 3065.361988127981 2002.1355204632964 566.81223065731945 1498.5128217068718 25.280833333333337 2369.7975522815182 3904.2033643443924 3415.5617713651791
decision_type=2 2 2 2 2 2 2 2 2 2 2 2 2 2 2 2 2 2 2 2 2 2 2 2 2 2 2 2 2 2 2 2 2 2 2 2 2 9 2 2 9 2 2 2 2 2 9 2 2 2 2 2 2 2 2 2 2 2 2 2 2 2
left_child=1 4 6 8 7 11 9 22 20 25 24 26 30 18 19 28 -14 -13 29 40 -3 56 53 41 -6 46 47 45 -15 55 -7 32 43 51 -21 -27 -33 61 -17 -32 -8 -10 -38 -16 -35 -11 -2 48 -4 -25 -51 -12 -31 -1 -29 57 -9 -5 -18 -30 -28 -20
right_child=2 3 5 13 10 12 14 21 23 27 33 17 16 15 31 38 58 -19 37 34 -22 -23 -24 49 -26 35 60 54 59 52 39 36 -34 44 -36 -37 42 -39 -40 -41 -42 -43 -44 -45 -46 -47 -48 -49 -50 50 -52 -53 -54 -55 -56 -57 -58 -59 -60 -61 -62 -63
leaf_value=1419.0690584944048 1476.3212137094254 1465.5625102220108 1570.4998592707659 1482.2317390412593 1444.7191559590703 1647.8479426010472 1492.761569574056 1432.6284573440666 1475.8327881791995 1532.0877247814551 1453.7252828298504 1615.4208726837105 1683.7189718986108 1504.8123190856261 1574.4753726610202 1544.3333721809865 1725.6933710167475 1632.4471980324197 1537.0762704714296 1556.3581044425969 1472.2534985296527 1440.1223574882629 1428.5128220057932 1480.3323095701521 1450.5897301332 1519.4644989232393 1597.547354451257 1545.1746460335346 1511.8738849507142 1495.8147911133512 1658.8722899811182 1576.0268985931789 1545.0099441900329 1460.6690759020655 1566.9675000530565 1528.4566792776561 1585.4686887488097 1508.7005698028727 1599.6422761485323 1672.8501642795241 1535.1908369463436 1480.7035709936838 1612.1227640029408 1617.6093649587224 1468.6025100362453 1539.5726587599374 1504.5738768731321 1602.4981982968091 1588.4700883436831 1486.3347469179082 1497.1030833529082 1457.8032998047879 1501.5705208631507 1423.6463941976153 1555.0070258206397 1497.7520938789635 1436.0714852282322 1490.1643314549547 1708.4822198255538 1520.7122922856447 1606.0859058538915 1575.8551417604326
leaf_weight=9324 211 27085 653 2141 32696 2256 145 20354 11939 3970 13536 5145 1870 16879 194 229 610 5346 150 6980 30811 34071 33010 3144 29898 11494 2488 7090 9955 11766 1629 5038 697 23627 6815 7065 6656 415 110 1822 448 16295 225 140 2655 5793 699 393 1742 13443 1122 15026 5120 14225 1444 1617 18045 10600 967 1528 3223 119
leaf_count=9324 211 27085 653 2141 32696 2256 145 20354 11939 3970 13536 5145 1870 16879 194 229 610 5346 150 6980 30811 34071 33010 3144 29898 11494 2488 7090 9955 11766 1629 5038 697 23627 6815 7065 6656 415 110 1822 448 16295 225 140 2655 5793 699 393 1742 13443 1122 15026 5120 14225 1444 1617 18045 10600 967 1528 3223 119
internal_value=1480.01 1458.93 1572.94 1484.46 1441.89 1632.07 1547.37 1432.07 1474.58 1531.23 1452.67 1612 1673.71 1501.38 1569.67 1508.79 1698.09 1624.1 1494.72 1560.13 1469.12 1437.01 1425.73 1481.46 1447.52 1521.74 1597.08 1541.34 1508.15 1494.01 1658.98 1580.26 1560.41 1458.55 1561.6 1522.89 1581.98 1527.03 1562.28 1666.25 1525.96 1478.64 1586.34 1592.56 1461.47 1536.53 1498.25 1586.24 1583.57 1485.95 1487.16 1455.87 1497.56 1421.83 1546.84 1489.84 1434.25 1488.83 1715.14 1513.05 1602.37 1551.57
internal_weight=504183 410935 93248 164468 246467 28144 65104 129029 103839 37766 117438 18990 9154 60629 27338 28701 3447 10491 31928 14388 57896 72470 56559 45943 62594 19469 8499 18297 28362 31244 5707 12950 1031 54844 13795 18559 11919 684 339 3451 593 28234 6881 334 26282 9763 910 2788 2395 17709 14565 28562 16886 23549 8534 14358 38399 12741 1577 11483 5711 269
internal_count=504183 410935 93248 164468 246467 28144 65104 129029 103839 37766 117438 18990 9154 60629 27338 28701 3447 10491 31928 14388 57896 72470 56559 45943 62594 19469 8499 18297 28362 31244 5707 12950 1031 54844 13795 18559 11919 684 339 3451 593 28234 6881 334 26282 9763 910 2788 2395 17709 14565 28562 16886 23549 8534 14358 38399 12741 1577 11483 5711 269
cat_boundaries=0 1 2 3
cat_threshold=272703488 33570816 2113536
is_linear=0
shrinkage=1


Tree=1
num_leaves=63
num_cat=2
split_feature=3 3 3 20 20 3 20 3 20 3 3 3 20 3 20 20 20 20 20 20 3 20 3 20 20 3 3 20 20 3 3 3 3 20 20 0 3 20 7 19 0 3 19 20 3 20 3 20 20 3 20 20 20 3 20 3 20 3 20 3 20 3
split_gain=3.5664e+11 6.45619e+10 5.08945e+10 1.06068e+10 9.40973e+09 8.75001e+09 7.57372e+09 1.4247e+09 1.33764e+09 1.29451e+09 1.2683e+09 1.2432e+09 1.22805e+09 1.15288e+09 1.03784e+09 3.57894e+08 2.84524e+08 2.73426e+08 2.6103e+08 2.41162e+08 2.3394e+08 2.30528e+08 2.16114e+08 2.12865e+08 2.04668e+08 1.99675e+08 1.94907e+08 1.91962e+08 1.84935e+08 1.82909e+08 1.75069e+08 1.7254e+08 1.34434e+08 1.27934e+08 1.04976e+08 1.01959e+08 9.54243e+07 8.7282e+07 8.67263e+07 9.5233e+07 7.7372e+07 6.74874e+07 6.69141e+07 5.91681e+07 5.1627e+07 4.952e+07 4.90638e+07 4.83173e+07 4.72296e+07 4.69148e+07 4.51542e+07 4.23852e+07 4.16564e+07 4.13376e+07 4.09151e+07 4.0784e+07 3.82856e+07 3.74128e+07 4.02819e+07 3.63824e+07 3.6057e+07 3.59774e+07
threshold=2200.001928317613 1115.5176803951003 3828.1534090909095 1616.4279076017899 2916.9675990675996 697.47507760448627 4792.6836324509404 1352.1589640531095 900.01401869158894 5470.869381340538 1871.1319950904133 2550.1108647450114 487.76745704637852 3267.977079231146 4269.790630326007 3161.1678463094036 3600.0489955903977 2625.3205655104398 5846.5037224942653 1718.3165638192688 1501.1286507174711 2335.445547633391 371.49673863996861 1226.4980952684891 3535.4039992962066 2784.7630142627772 4981.5572559041984 2044.5544314459996 1030.5740300135424 1700.0197676540358 814.69378470209324 580.39851174580576 4500.0473101299594 3065.361988127981 1499.8246655190121 0 4086.4962359785382 4383.0987632676979 2009.5000000000002 1353.0101666666667 1 3267.977079231146 896.35400000000016 1319.0048626859241 949.11048373342169 1400.0010844575547 1800.0057157622614 1838.8550135501357 2625.3205655104398 4500.0473101299594 1199.9986394557825 5229.0057692225555 2369.7975522815182 5833.4745046068419 3415.5617713651791 4500.0473101299594 656.3622371013613 1498.5128217068718 1820.0264981655118 4981.5572559041984 999.99998451777526 275.17052208502633
decision_type=2 2 2 2 2 2 2 2 2 2 2 2 2 2 2 2 2 2 2 2 2 2 2 2 2 2 2 2 2 2 2 2 2 2 2 9 2 2 2 2 9 2 2 2 2 2 2 2 2 2 2 2 2 2 2 2 2 2 2 2 2 2
left_child=1 5 4 7 11 12 14 23 30 26 17 21 22 33 16 27 38 29 -11 40 45 34 61 60 -15 48 -8 -12 44 57 -7 -14 -16 -6 -2 54 -18 -35 39 -4 -13 -27 -17 -30 -10 -9 50 -31 -21 -40 -22 -28 -29 -20 -19 -38 -33 -5 -59 -34 -3 -1
right_child=2 3 6 10 13 8 9 20 28 18 15 19 31 24 32 42 36 35 53 25 46 -23 -24 -25 -26 41 51 52 43 47 -32 56 59 37 -36 -37 55 -39 49 -41 -42 -43 -44 -45 -46 -47 -48 -49 -50 -51 -52 -53 -54 -55 -56 -57 -58 58 -60 -61 -62 -63
leaf_value=-58.218176622137122 9.4217329970819392 -20.242842300978705 43.605282492600672 3.540392353598135 70.035475100712461 -34.621783951229609 157.33660747048543 -5.2944127968536554 -26.86965271401457 195.44383493324472 22.868190281055135 -1.9772788046692549 -44.41043462025371 90.819104844808308 135.44745975375744 59.742338090076629 116.12463490634551 53.041839392932076 201.5149713229639 50.905318719896549 -6.962430551449831 45.842106553622848 -49.057673573075931 -8.5456464236937357 102.76310088060002 63.63537960674801 170.73761403676025 29.867055495673 -19.47258926319347 13.764587050381548 -29.248046678176049 -40.682966593416154 147.67348637648033 79.338736158618843 36.128655256771978 26.426474788402256 124.7690216805118 110.60456542812581 98.735195840135674 130.28996445451466 38.283037764142833 77.452045945691964 104.59482694022796 -11.191469857372317 -22.693924871714529 -1.0945677971694054 10.875173777244903 19.288201627152084 57.765028939029037 123.20409939505838 3.6174695933748549 181.68948270858448 38.561905075291122 226.24021828493184 91.844554651923815 139.98834431209411 -37.353001118668338 8.2762534672047448 15.765095319608555 165.82967026312622 -14.140330751345083 -54.06308722105473
leaf_weight=7824 382 2671 129 3251 4803 34833 2167 13232 12539 1869 17279 180 31154 7104 3569 214 4577 166 193 4439 1067 9786 30342 27504 7244 6536 1715 11392 25420 10932 26831 21057 3195 8837 9999 465 3575 229 1289 42 376 1022 136 2357 18068 14947 2225 6207 5772 231 18394 1822 1567 1362 115 502 14628 10549 2164 302 25814 15591
leaf_count=7824 382 2671 129 3251 4803 34833 2167 13232 12539 1869 17279 180 31154 7104 3569 214 4577 166 193 4439 1067 9786 30342 27504 7244 6536 1715 11392 25420 10932 26831 21057 3195 8837 9999 465 3575 229 1289 42 376 1022 136 2357 18068 14947 2225 6207 5772 231 18394 1822 1567 1362 115 502 14628 10549 2164 302 25814 15591
internal_value=-0.000248873 -20.0323 88.2789 3.5271 64.9799 -36.704 146.844 -6.20888 -27.148 183.733 19.5209 48.9018 -46.2165 86.9129 127.503 26.9001 117.414 12.8526 208.036 58.3283 -0.0623301 40.3362 -51.8426 -11.6831 96.8494 59.343 169.145 26.3183 -21.7238 12.178 -32.2836 -41.6916 142.274 76.6332 35.1459 42.7877 121.08 80.1285 98.6559 64.8963 25.9021 65.5037 77.1707 -18.7699 -24.4046 -3.06669 3.84156 15.765 54.7829 102.454 3.0374 176.379 30.9184 223.171 66.5535 126.643 -39.3179 8.32697 9.551 149.241 -14.7126 -55.4515
internal_weight=504183 410935 93248 170291 66709 240644 26539 105854 120048 9128 64437 38492 120596 28217 17411 30588 10345 33849 3424 18325 49865 20167 53757 55989 14348 17769 5704 30238 58384 33103 61664 66839 7066 13869 10381 746 8654 9066 1691 171 556 7558 350 27777 30607 28179 21686 17139 10211 1520 19461 3537 12959 1555 281 4077 35685 15964 12713 3497 28485 23415
internal_count=504183 410935 93248 170291 66709 240644 26539 105854 120048 9128 64437 38492 120596 28217 17411 30588 10345 33849 3424 18325 49865 20167 53757 55989 14348 17769 5704 30238 58384 33103 61664 66839 7066 13869 10381 746 8654 9066 1691 171 556 7558 350 27777 30607 28179 21686 17139 10211 1520 19461 3537 12959 1555 281 4077 35685 15964 12713 3497 28485 23415
cat_boundaries=0 1 2
cat_threshold=272703488 16384
is_linear=0
shrinkage=0.05


Tree=2
num_leaves=63
num_cat=3
split_feature=3 3 3 3 3 3 3 3 3 3 3 3 3 3 3 3 3 3 3 1 3 3 3 3 3 3 3 3 3 3 7 3 19 7 7 13 3 7 7 3 10 19 3 1 4 17 19 4 19 3 7 7 3 3 15 3 7 15 3 19 1 3
split_gain=3.21879e+11 5.96842e+10 4.45792e+10 8.95221e+09 8.90092e+09 7.67212e+09 6.76038e+09 1.42451e+09 1.13161e+09 1.11538e+09 1.0649e+09 1.01283e+09 9.86657e+08 8.71598e+08 6.92017e+08 2.09186e+08 2.02126e+08 1.69624e+08 1.69183e+08 1.65076e+08 1.45075e+08 1.44229e+08 1.42076e+08 1.42067e+08 1.39377e+08 1.31154e+08 1.23047e+08 1.16803e+08 1.14595e+08 1.02547e+08 9.90579e+07 7.09221e+07 6.61361e+07 5.77753e+07 5.75053e+07 4.65254e+07 4.00385e+07 3.88244e+07 3.67012e+07 3.58786e+07 2.89695e+07 5.69975e+07 2.84412e+07 2.84185e+07 5.79252e+07 1.48751e+08 2.74428e+07 3.93235e+07 2.73313e+07 2.71304e+07 2.67435e+07 2.6102e+07 2.51407e+07 2.51056e+07 2.50102e+07 2.45935e+07 2.38849e+07 2.35315e+07 2.35307e+07 2.32553e+07 2.26407e+07 2.22795e+07
threshold=2226.4494685553996 1151.0926196994162 3828.1534090909095 731.43679385873713 1629.2412929626068 2920.4711966842933 4981.5572559041984 495.7591259452314 949.11048373342169 4371.0287820196727 1919.3951353138928 1380.2919187605287 3336.2827255565417 2506.6491761407019 5833.4745046068419 614.12478476051888 350.00213649127096 5470.869381340538 1769.8694283200996 0 2702.1792559104724 4628.4457362818657 829.41073026168658 1498.5128217068718 1260.4066711619555 3063.3519712210964 3600.0489955903977 1059.4655861734054 2091.6735547090252 4086.4962359785382 2009.5000000000002 2336.9791367048933 5.2833333333333492 2009.5000000000002 2010.5000000000002 210.50000000000003 5224.9642948227502 2006.5000000000002 2007.5000000000002 425.26280116294134 3.5000000000000004 449.39200000000011 548.78608213214432 1 135.31000000000003 331.61500000000007 1384.531666666667 748.05500000000006 393.88000000000005 669.92943844199169 2011.5000000000002 2018.5000000000002 3207.3745910625325 257.34282873925321 21.850000000000005 1577.7277639242122 2007.5000000000002 17.150000000000002 2819.4827892043118 1156.6081666666669 2 888.16295217741879
decision_type=2 2 2 2 2 2 2 2 2 2 2 2 2 2 2 2 2 2 2 1 2 2 2 2 2 2 2 2 2 2 2 2 2 2 2 2 2 2 2 2 2 2 2 1 2 2 2 2 2 2 2 2 2 2 2 2 2 2 2 2 1 2
left_child=1 3 5 7 11 13 9 16 22 19 18 24 25 31 17 42 53 34 -6 29 56 30 -5 -13 -3 -7 -14 -10 43 -4 46 -2 -16 48 -8 50 -36 54 -22 -18 -35 -42 -9 44 45 -12 47 -11 -21 -17 57 -52 -39 -1 -27 -25 -15 -34 -40 -50 -20 -24
right_child=2 4 6 8 10 12 14 15 27 21 28 23 26 20 32 49 39 -19 60 33 38 -23 61 55 -26 37 -28 -29 -30 -31 -32 -33 35 40 36 -37 -38 52 58 -41 41 -43 -44 -45 -46 -47 -48 -49 59 -51 51 -53 -54 -55 -56 -57 -58 -59 -60 -61 -62 -63
leaf_value=-55.696544225167862 35.505034650015965 -11.885042311060344 112.40345077030716 -31.279899779537512 10.175471093354282 66.993753523428651 123.46276446819307 -42.692348935606468 -21.012346170858535 99.780996672312426 30.070900497471541 -1.8676656276959318 87.668440838062097 41.907124854540427 220.9307641894699 -37.352123011273157 -48.404687553134536 183.85577478627215 21.282472577143267 109.89412782033286 41.17845020637818 145.55127408303531 -27.777706615971621 2.5248551136999633 -6.7927995967521584 71.096838633219406 97.314256679133507 -16.435396220590881 30.396712548279595 123.37918290932471 132.92702846635032 41.983154089385927 227.60527455319641 106.02376757315209 161.14818062447071 176.30804569776669 171.38748822070659 74.762297203043389 57.478717606266514 -45.253001102878606 103.25809058515279 76.948639111261116 -39.940470878908755 22.721336080345598 24.334476845613452 83.353235698357608 116.9603308751033 11.026852901165302 43.424080045223235 -34.692085955430954 182.90091660719654 204.97140137859594 80.007838822419671 -51.856604593099647 -2.9195207672119139 6.0139230079982369 51.027271831085983 202.77727521001077 62.608002005723023 103.70375110626222 16.190829215317489 -25.135110150688561
leaf_weight=6054 7554 26311 4099 29219 18202 5509 80 17113 30673 24 817 22585 7820 782 583 18171 17426 1834 2857 30 281 3672 15923 13987 27463 21 5728 25551 11430 4426 3932 9587 186 1739 1899 172 1920 5560 5623 18742 676 296 20803 13203 2630 156 26 26 80 20288 195 428 3877 14337 25 7905 8757 196 3712 20 14981 15981
leaf_count=6054 7554 26311 4099 29219 18202 5509 80 17113 30673 24 817 22585 7820 782 583 18171 17426 1834 2857 30 281 3672 15923 13987 27463 21 5728 25551 11430 4426 3932 9587 186 1739 1899 172 1920 5560 5623 18742 676 296 20803 13203 2630 156 26 26 80 20288 195 428 3877 14337 25 7905 8757 196 3712 20 14981 15981
internal_value=-0.000173879 -18.796 84.9144 -34.1166 4.79665 62.5706 139.501 -43.0012 -24.0518 123.673 19.2633 -4.66747 81.9671 47.319 179.735 -38.5471 -49.0158 171.316 13.5668 113.727 54.6485 138.393 -28.761 0.914495 -9.28438 73.1295 91.7466 -18.9324 26.5343 117.963 131.834 39.1283 207.159 100.245 165.417 200.338 166.296 76.694 58.9824 -46.7715 102.16 95.2462 -41.1825 23.9074 28.1126 38.6136 75.2949 53.6288 68.0371 -35.9489 204.45 198.063 76.9173 -52.9967 30.8706 3.78473 50.2796 214.866 59.5183 55.48 17.0273 -26.454
internal_weight=504183 412808 91375 250281 162527 64836 26539 132934 117347 19046 64276 98251 28540 36296 7493 76375 56559 5733 36040 11366 19155 7680 61123 44477 53774 14992 13548 56224 28236 8525 4008 17141 1760 2841 3899 1177 3819 9483 9616 36168 2711 972 37916 16806 3603 973 76 50 130 38459 1005 623 9437 20391 46 21892 9539 382 9335 100 17838 31904
internal_count=504183 412808 91375 250281 162527 64836 26539 132934 117347 19046 64276 98251 28540 36296 7493 76375 56559 5733 36040 11366 19155 7680 61123 44477 53774 14992 13548 56224 28236 8525 4008 17141 1760 2841 3899 1177 3819 9483 9616 36168 2711 972 37916 16806 3603 973 76 50 130 38459 1005 623 9437 20391 46 21892 9539 382 9335 100 17838 31904
cat_boundaries=0 1 2 3
cat_threshold=37 16 16
is_linear=0
shrinkage=0.05


Tree=3
num_leaves=63
num_cat=0
split_feature=3 3 20 20 20 3 3 20 3 3 3 20 20 3 20 20 3 20 3 20 3 20 3 20 10 3 3 3 20 3 3 20 10 3 3 20 3 3 3 10 20 20 3 3 20 20 3 20 20 20 20 20 20 3 7 20 20 3 20 3 19 3
split_gain=2.90503e+11 5.26063e+10 4.17357e+10 8.00789e+09 7.87928e+09 7.59395e+09 6.21599e+09 1.45973e+09 1.22397e+09 1.15048e+09 1.11712e+09 9.72101e+08 8.57023e+08 8.05701e+08 6.81006e+08 3.59757e+08 2.47603e+08 2.46586e+08 2.36697e+08 2.09899e+08 2.06675e+08 2.00599e+08 1.90224e+08 1.71578e+08 1.59424e+08 1.5915e+08 1.45313e+08 1.44561e+08 1.34108e+08 1.31252e+08 1.22795e+08 1.16955e+08 2.00476e+08 1.18874e+08 1.05804e+08 8.7213e+07 5.93351e+07 5.69212e+07 4.88636e+07 4.89052e+07 4.85134e+07 4.80672e+07 4.76692e+07 4.7357e+07 4.67036e+07 4.62729e+07 4.5388e+07 5.02081e+07 4.52305e+07 4.42418e+07 4.33657e+07 4.16221e+07 4.14655e+07 3.98526e+07 3.77043e+07 3.72144e+07 3.67963e+07 3.65748e+07 3.57428e+07 3.56064e+07 3.52465e+07 3.34328e+07
threshold=2200.001928317613 1145.2345080786401 3824.8560737548437 1655.2857320208666 720.00386100386106 3008.6330320794664 4782.7513255980266 2549.1546543786994 506.77604356463695 1421.7020853898334 923.76340757796743 5469.7708618331062 1955.1746025670002 4260.878826384117 3343.4136040308244 3271.8972491814698 5833.4745046068419 1270.0026054280977 1769.8694283200996 2818.4868421052638 371.49673863996861 1686.0374659196607 3904.2033643443924 1059.0759323049276 5.5000000000000009 632.35395705562473 793.68573818987727 2400.004260758416 4990.3547654076292 1563.7862984081105 3600.0489955903977 2302.6551113320688 1.0000000180025095e-35 3530.0651334834361 1995.9682429870286 4501.1082227991183 3600.0489955903977 2667.2795652755995 3600.0489955903977 5.5000000000000009 2157.8606920305015 1300.0225903614462 5224.9642948227502 4500.0473101299594 3108.6198219573416 1390.8904422667686 1475.0031074236351 2505.4020647934699 888.76539094683324 1279.5083922185424 1081.2798987739693 3489.0433262110359 4182.4898543004738 1919.3951353138928 2009.5000000000002 441.94061982679932 2253.2515689623401 1593.1157772210506 290.01727432563058 1326.9312353299549 25.280833333333337 1871.1319950904133
decision_type=2 2 2 2 2 2 2 2 2 2 2 2 2 2 2 2 2 2 2 2 2 2 2 2 2 2 2 2 2 2 2 2 2 2 2 2 2 2 2 2 2 2 2 2 2 2 2 2 2 2 2 2 2 2 2 2 2 2 2 2 2 2
left_child=1 4 5 9 8 7 13 21 20 17 26 28 18 22 31 34 -13 50 57 37 58 -2 38 -12 -17 -10 -6 56 -8 49 -16 32 36 44 46 -15 -7 -9 39 -4 -36 -25 -30 -35 -33 -31 -14 -48 -28 -11 -3 -21 -24 -20 -34 -22 -23 -5 -1 -19 -18 -47
right_child=2 3 6 12 10 14 11 19 25 29 23 16 15 35 30 24 60 59 53 51 55 27 52 41 -26 -27 48 -29 42 45 -32 33 54 43 40 -37 -38 -39 -40 -41 -42 -43 -44 -45 -46 61 47 -49 -50 -51 -52 -53 -54 -55 -56 -57 -58 -59 -60 -61 -62 -63
leaf_value=-52.36271079269423 14.290578088535339 -16.10505205186972 85.973175956971673 4.3283494503417401 -30.852684187389187 61.104180246165825 144.04955814390539 47.155827939824 -38.808498360760836 -7.6989730708958595 -20.760595828680952 174.92061470562123 9.5046237233512052 122.72010021823984 84.198679659825245 46.650759719165571 211.23087371325883 -7.2597794462434537 15.7027495717847 60.283912133051025 -45.660758179925324 30.657108230511838 108.67906088243136 -16.026621225892093 101.612805343305 -33.97598021042139 -27.34345384221254 42.320523794796806 153.54752593178043 -0.27814591310765763 94.322311064694446 68.220812737043403 24.162768255893273 84.175542313475972 25.313116194769364 133.76862334471693 106.51830908931905 54.142037244798907 101.72565873877322 111.24110606678747 31.246432654329158 -8.6764537085044395 165.31888703033246 118.04333987880398 74.867159385528097 5.8828300475762116 20.684437940115576 35.191933221050014 -23.585901514567304 0.37708513362798796 -10.959305605105804 74.31751506812148 117.33584459933633 20.575084524146675 49.39532877319224 -42.444103112388852 36.303341860148223 10.238202763942409 -48.397275983033339 -3.924114695513258 195.88237987624825 14.501476150157131
leaf_weight=9092 980 4864 1196 3382 26507 112 2239 5511 36425 1841 33480 1870 826 3664 6649 437 610 15226 12701 7752 16611 5154 4232 23039 189 32009 21039 8724 1629 2930 5451 4817 201 1472 9440 3485 201 6191 2383 228 5425 2462 1822 111 5857 13443 7913 645 12931 21501 25877 567 2055 6268 562 19603 6556 11589 15154 16858 967 1228
leaf_count=9092 980 4864 1196 3382 26507 112 2239 5511 36425 1841 33480 1870 826 3664 6649 437 610 15226 12701 7752 16611 5154 4232 23039 189 32009 21039 8724 1629 2930 5451 4817 201 1472 9440 3485 201 6191 2383 228 5425 2462 1822 111 5857 13443 7913 645 12931 21501 25877 567 2055 6268 562 19603 6556 11589 15154 16858 967 1228
internal_value=-0.000105477 -18.0795 79.6741 4.03098 -32.5541 58.6638 132.931 45.4627 -41.1279 -4.3232 -23.3031 166.273 18.7704 115.263 80.1708 25.8205 187.227 -8.57332 13.6032 55.1685 -46.3116 36.3884 106.167 -18.407 63.2447 -36.5482 -28.0781 37.4482 153.579 2.19841 88.7593 72.3766 56.5713 73.764 24.8544 128.106 90.2679 50.8519 97.3468 90.0189 27.4785 -15.317 159.762 86.5504 71.8678 5.45854 20.6975 21.7778 -25.9131 -0.259879 -11.7735 61.2404 111.509 17.3127 42.7482 -43.9196 33.8182 8.90315 -49.8843 -5.50711 201.819 6.60423
internal_weight=504183 410935 93248 162583 248352 66868 26380 41435 128894 103768 119458 9137 58815 17243 25433 24875 3447 62825 33940 20021 60460 21414 10094 58981 626 68434 60477 20434 5690 40943 12100 13333 1076 12257 24249 7149 313 11702 3807 1424 14865 25501 3451 1583 10674 17601 9384 8558 33970 23342 30741 8319 6287 18969 763 36214 11710 14971 24246 32084 1577 14671
internal_count=504183 410935 93248 162583 248352 66868 26380 41435 128894 103768 119458 9137 58815 17243 25433 24875 3447 62825 33940 20021 60460 21414 10094 58981 626 68434 60477 20434 5690 40943 12100 13333 1076 12257 24249 7149 313 11702 3807 1424 14865 25501 3451 1583 10674 17601 9384 8558 33970 23342 30741 8319 6287 18969 763 36214 11710 14971 24246 32084 1577 14671
is_linear=0
shrinkage=0.05


Tree=4
num_leaves=63
num_cat=2
split_feature=3 3 20 3 20 3 3 20 20 3 20 3 20 3 20 20 3 20 3 20 20 3 20 20 3 10 3 3 20 3 20 10 3 20 20 3 10 3 20 20 3 20 3 20 20 3 3 10 20 0 0 3 20 19 20 3 20 20 3 20 20 3
split_gain=2.62183e+11 4.8619e+10 3.6557e+10 7.49819e+09 7.28896e+09 6.46431e+09 5.60821e+09 1.26443e+09 1.19318e+09 1.01566e+09 9.29182e+08 8.81713e+08 8.00044e+08 7.27229e+08 6.14608e+08 3.19697e+08 2.62616e+08 2.2345e+08 2.17306e+08 2.06136e+08 1.85295e+08 1.72388e+08 1.65421e+08 1.53592e+08 1.51714e+08 1.36234e+08 1.35212e+08 1.23325e+08 1.20833e+08 1.11029e+08 1.06029e+08 1.56641e+08 1.01231e+08 9.97422e+07 7.87096e+07 6.38262e+07 5.25992e+07 5.4974e+07 5.00018e+07 4.78775e+07 4.68872e+07 4.64076e+07 4.51704e+07 4.4707e+07 4.39791e+07 4.28659e+07 4.26027e+07 4.23564e+07 4.17764e+07 4.06715e+07 4.0496e+07 3.86628e+07 3.85772e+07 3.81317e+07 3.8069e+07 3.77361e+07 3.71176e+07 3.69784e+07 3.67963e+07 3.59949e+07 3.51783e+07 3.24826e+07
threshold=2226.4494685553996 1159.567267883501 3824.8560737548437 745.0649995418745 1670.4993966210782 3008.6330320794664 4782.7513255980266 513.84097884662287 2589.2934923515691 1431.2509292975271 978.83906634611105 5470.869381340538 2002.1355204632964 4260.878826384117 3343.4136040308244 3415.5617713651791 1800.0057157622614 5846.5037224942653 390.69393909008744 1300.0225903614462 1550.0091197351071 3904.2033643443924 645.26908564948872 2818.4868421052638 873.04174931663124 5.5000000000000009 2439.0652173913049 1600.0164473684215 4990.3547654076292 3530.0651334834361 2105.8163348239118 1.0000000180025095e-35 3530.0651334834361 1100.0024698676154 4501.1082227991183 1995.9682429870286 3.5000000000000004 4500.0473101299594 1298.0943810862038 3108.6198219573416 4000.0000000000009 2369.7975522815182 3600.0489955903977 1169.0876540339457 1400.0010844575547 1939.9037800101239 1593.1157772210506 5.5000000000000009 2281.7772687706679 0 1 573.9934929993475 4092.4176710918609 5.9331666666666605 3415.5617713651791 2702.1792559104724 300.00479156684241 2625.3205655104398 1023.0930838618063 794.96705397255585 1194.915155478059 5224.9642948227502
decision_type=2 2 2 2 2 2 2 2 2 2 2 2 2 2 2 2 2 2 2 2 2 2 2 2 2 2 2 2 2 2 2 2 2 2 2 2 2 2 2 2 2 2 2 2 2 2 2 2 2 9 9 2 2 2 2 2 2 2 2 2 2 2
left_child=1 3 5 7 9 8 13 18 20 19 24 28 16 21 30 35 46 -13 56 43 50 42 51 55 59 -17 48 38 -8 -16 31 40 39 58 -15 57 37 -34 -11 -32 -7 -37 47 -3 -35 -18 -6 -4 -22 53 -2 -9 -23 -33 -25 -10 -1 -14 -12 -5 -29 -30
right_child=2 4 6 10 12 14 11 22 23 27 33 17 15 34 29 25 45 -19 -20 -21 26 52 -24 54 -26 -27 -28 60 61 -31 32 49 36 44 -36 41 -38 -39 -40 -41 -42 -43 -44 -45 -46 -47 -48 -49 -50 -51 -52 -53 -54 -55 -56 -57 -58 -59 -60 -61 -62 -63
leaf_value=-49.367434329919064 -3.9970830918504641 -13.001579170275654 81.598878891955323 -29.254403632494594 4.4238398508415999 65.614102024298447 136.07113513286481 -38.111824413508145 46.186818999832973 -6.6744483259006735 -19.98258556160496 166.37100847740538 19.739527692136587 116.58409906422729 78.741394545528919 46.936346164462037 16.033266769532524 191.67685138616534 -41.190943388796633 -4.439771497019108 29.774502774987806 101.77291537480494 -31.695263870042595 57.23237645353295 -22.62347751337396 99.95180780506135 41.317070553811654 -3.4046342053535312 146.44361251253403 88.432461118684444 64.449345775370062 61.267095013882255 83.833617536749614 -14.335071090686426 127.08018681256638 26.130304619638412 69.09811452330149 121.48481136571581 1.1802800057563985 71.123800347139152 110.24464976501466 35.558548546281664 96.639376133400219 -9.0513863544077893 -6.3386307414254119 20.694041860583706 10.787449540258562 105.300903505047 35.766643353729549 49.898664575995824 20.768143205590302 -34.935331361414434 109.62046768404578 11.787451696540291 69.681273564178795 52.324306243572828 -45.621291223477321 32.477444430743859 -16.481147204850341 -26.029186460255495 6.9139019231642029 156.06494806191
leaf_weight=11019 302 10400 1189 16022 3247 143 2086 18017 5381 2210 13948 1987 5623 3664 5133 394 11713 1555 35208 27565 5209 2954 35647 7613 29139 175 8774 880 1750 6967 4964 47 1032 19262 3485 13149 602 107 24350 5857 100 1449 2383 23011 1888 8523 13843 224 6587 254 354 20455 3333 227 668 4685 16534 634 16239 18804 13460 1759
leaf_count=11019 302 10400 1189 16022 3247 143 2086 18017 5381 2210 13948 1987 5623 3664 5133 394 11713 1555 35208 27565 5209 2954 35647 7613 29139 175 8774 880 1750 6967 4964 47 1032 19262 3485 13149 602 107 24350 5857 100 1449 2383 23011 1888 8523 13843 224 6587 254 354 20455 3333 227 668 4685 16534 634 16239 18804 13460 1759
internal_value=-0.000100377 -16.9637 76.6369 -30.6583 4.53678 56.4945 126.293 -38.5713 43.8543 -3.55163 -21.2645 157.959 18.5626 109.502 76.1623 26.2641 14.1421 177.481 -43.7936 -7.64039 35.7825 100.853 -34.1492 53.1928 -25.2856 63.2416 36.6167 2.54412 145.601 84.3214 68.7577 50.7598 69.8624 -16.2542 121.701 25.2552 81.0524 87.3706 0.526705 68.062 83.9806 27.0662 92.4394 -10.281 -13.6213 17.9963 9.5784 85.3563 33.1206 35.4707 9.62274 -36.4229 105.933 19.5609 58.2366 49.0434 -47.1194 21.0302 -18.099 -27.513 6.28069 151.267
internal_weight=504183 412808 91375 252182 160626 65006 26369 136880 39573 101876 115302 9137 58750 17232 25433 21424 37326 3542 62761 60976 21226 10083 74119 18347 63965 569 20570 40900 5595 12100 13333 771 12562 51337 7149 20855 1741 1139 26560 10821 243 14598 3796 33411 21150 20236 17090 1413 11796 528 656 38472 6287 274 8281 10066 27553 6257 30187 34826 14340 3509
internal_count=504183 412808 91375 252182 160626 65006 26369 136880 39573 101876 115302 9137 58750 17232 25433 21424 37326 3542 62761 60976 21226 10083 74119 18347 63965 569 20570 40900 5595 12100 13333 771 12562 51337 7149 20855 1741 1139 26560 10821 243 14598 3796 33411 21150 20236 17090 1413 11796 528 656 38472 6287 274 8281 10066 27553 6257 30187 34826 14340 3509
cat_boundaries=0 1 2
cat_threshold=2181056536 36751368
is_linear=0
shrinkage=0.05


Tree=5
num_leaves=63
num_cat=5
split_feature=3 3 20 20 3 3 3 3 3 20 3 3 20 3 3 20 20 20 20 20 20 20 3 20 20 20 3 20 20 0 20 20 20 20 3 3 0 3 3 19 20 20 4 0 20 20 3 0 14 3 3 3 20 3 20 19 20 3 20 3 0 19
split_gain=2.36367e+11 4.09818e+10 3.63643e+10 6.86862e+09 6.21736e+09 5.69495e+09 5.36007e+09 9.76034e+08 9.55185e+08 9.15131e+08 8.2784e+08 8.19802e+08 8.09137e+08 8.06392e+08 6.46174e+08 2.89757e+08 2.12373e+08 2.04448e+08 1.88913e+08 1.55337e+08 1.49723e+08 1.46201e+08 1.39136e+08 1.34505e+08 1.34473e+08 1.32173e+08 1.28356e+08 1.21197e+08 1.14839e+08 1.48164e+08 1.13419e+08 1.0845e+08 9.97412e+07 9.90728e+07 8.09199e+07 8.06505e+07 7.45185e+07 6.632e+07 5.93526e+07 5.38555e+07 5.05665e+07 4.62744e+07 4.47376e+07 4.32292e+07 3.80851e+07 3.80518e+07 3.68062e+07 3.56477e+07 3.29153e+07 3.2758e+07 3.25947e+07 3.19957e+07 3.12608e+07 3.12273e+07 3.07446e+07 3.0336e+07 3.001e+07 2.97595e+07 2.91224e+07 2.82544e+07 2.72922e+07 1.51172e+08
threshold=2157.2256546625208 1098.4382861115221 3676.7253487126823 1593.583093678832 4782.7513255980266 2870.0713595857619 690.0074656933615 4086.4962359785382 1336.5287906968954 2440.9698029269407 5470.869381340538 1800.0057157622614 888.76539094683324 465.7248023926374 3267.977079231146 3209.0769230769233 4383.0987632676979 5846.5037224942653 2105.8163348239118 1185.3432967362521 1994.9435098110962 580.37709099345659 3750.0000000000009 2302.6551113320688 1578.4560009048018 2668.9288511288119 1462.9129980433106 4990.3547654076292 2400.0462534690109 0 1000.0001271912373 350.00730566919941 779.76166014737464 3007.6825888012204 1671.4551326991498 3530.0651334834361 1 2336.9791367048933 4172.1826972747822 915.95366666666678 3489.0433262110359 1514.6212274269185 1010.7300000000001 2 1298.0943810862038 2302.6551113320688 1671.4551326991498 3 27.250000000000004 4500.0473101299594 2506.6491761407019 5224.9642948227502 4000.0000000000009 1475.0031074236351 3271.8972491814698 25.280833333333337 4633.3644804982769 940.00943429190409 806.87345055342769 1251.320545339252 4 467.4206666666667
decision_type=2 2 2 2 2 2 2 2 2 2 2 2 2 2 2 2 2 2 2 2 2 2 2 2 2 2 2 2 2 9 2 2 2 2 2 2 9 2 2 2 2 2 2 9 2 2 2 9 2 2 2 2 2 2 2 2 2 2 2 2 9 2
left_child=1 6 5 8 7 9 13 22 19 24 27 23 32 31 18 20 -9 -12 43 -3 60 -15 -4 34 47 50 -10 -6 29 38 57 -1 -8 -20 -5 54 40 -26 -16 -17 -25 -32 -31 -7 -28 -22 -46 -2 -41 -37 -11 -29 -24 -38 -30 -19 -18 -14 -23 -21 61 -13
right_child=2 3 4 11 10 14 12 16 26 25 17 15 30 21 28 39 56 55 33 59 45 58 52 36 37 -27 44 51 35 42 41 -33 -34 -35 -36 49 53 -39 -40 48 -42 -43 -44 -45 46 -47 -48 -49 -50 -51 -52 -53 -54 -55 -56 -57 -58 -59 -60 -61 -62 -63
leaf_value=-45.624851273250407 -8.8140960632420313 -13.254013764913294 82.479864151391951 5.5304828078520023 128.56929397107075 1.4266199574434668 -28.656986688946194 104.17297684517604 -3.4289990057331661 37.281042318575757 158.27321810425801 18.812275410729242 -22.386923403731654 -36.723169679638083 66.25797797620605 49.756099400966633 115.24171840234258 190.88416593747263 55.808832502455857 -9.4900937634267546 22.309610137492839 -32.539636668872397 91.690547325498756 34.80057356196658 28.433329073991072 49.094874505769333 -3.5727257241930506 138.90954009169351 67.428527768022022 44.985609389847056 -16.563640833474018 -40.808337728923291 -24.555856264276962 64.425928824192326 10.807052471636744 80.276131171391938 0.60388415289982678 34.447731034936254 102.31824747044364 52.45800964593888 80.407404217654715 -4.6826225695663721 9.3979821021320262 37.183098950086354 1.5250753995741526 29.890401127854421 7.3244375627727791 15.666984354807184 106.52645942888762 100.60077289470192 43.278400425039408 148.45063566946283 99.087967919329344 22.186146228133595 74.985995240028984 176.66378915766452 122.87741037554643 -19.080333610607529 -26.918821327601506 -6.5582259362458091 16.062049692116823 81.971867051491373
leaf_weight=19612 191 25236 4068 15479 2114 123 31809 5266 24803 3753 2026 1064 13403 34004 386 203 3194 624 5649 16597 12901 33627 3904 363 11576 10250 3077 1743 1881 271 28285 28922 27767 8145 13694 5269 248 7588 162 40 73 844 131 346 18899 1899 3199 612 95 206 5716 1772 2252 517 4729 940 2155 13822 2474 16276 17933 104
leaf_count=19612 191 25236 4068 15479 2114 123 31809 5266 24803 3753 2026 1064 13403 34004 386 203 3194 624 5649 16597 12901 33627 3904 363 11576 10250 3077 1743 1881 271 28285 28922 27767 8145 13694 5269 248 7588 162 40 73 844 131 346 18899 1899 3199 612 95 206 5716 1772 2252 517 4729 940 2155 13822 2474 16276 17933 104
internal_value=-0.0105145 -16.7196 70.1148 1.76516 115.806 49.6115 -30.3289 100.681 -5.94444 37.5201 149.995 14.6621 -22.6829 -37.8003 67.1901 19.9667 111.301 168.757 59.836 -10.3035 19.5074 -34.3705 89.6551 8.68244 29.9748 45.1604 -0.876175 138.03 75.237 58.4983 -18.388 -42.7546 -26.7455 60.897 8.00734 76.5528 25.0811 30.8147 75.5397 66.032 41.4851 -16.2194 32.5782 28.6288 1.63893 23.2823 2.36462 9.9293 90.5062 81.0409 40.9014 143.719 94.3967 14.9935 72.8354 182.337 118.318 -20.7082 -32.1544 -8.03847 16.5825 24.2286
internal_weight=504311 407269 97042 172700 30058 66984 234569 20839 108087 39686 9219 64613 115930 118639 27298 34239 10615 3590 14263 58109 33901 70105 10224 30374 19967 19719 49978 5629 13035 950 56354 48534 59576 13794 29173 12085 1201 19164 548 338 436 29129 402 469 25175 14800 22098 803 135 5475 9469 3515 6156 765 6610 1564 5349 27225 36101 32873 19101 1168
internal_count=504311 407269 97042 172700 30058 66984 234569 20839 108087 39686 9219 64613 115930 118639 27298 34239 10615 3590 14263 58109 33901 70105 10224 30374 19967 19719 49978 5629 13035 950 56354 48534 59576 13794 29173 12085 1201 19164 548 338 436 29129 402 469 25175 14800 22098 803 135 5475 9469 3515 6156 765 6610 1564 5349 27225 36101 32873 19101 1168
cat_boundaries=0 1 2 3 4 5
cat_threshold=2164629762 268541954 33570816 2113536 16384
is_linear=0
shrinkage=0.05


Tree=6
num_leaves=63
num_cat=3
split_feature=3 3 20 20 20 3 3 3 3 3 3 20 3 3 20 20 20 3 20 3 20 3 20 20 3 20 20 10 20 3 20 3 20 0 3 3 3 0 0 3 20 3 10 3 20 3 20 20 20 7 20 3 10 20 3 20 20 3 20 3 20 20
split_gain=2.13329e+11 3.96789e+10 3.00227e+10 6.2826e+09 5.81736e+09 5.08368e+09 4.73295e+09 1.01455e+09 8.42266e+08 8.37566e+08 7.4792e+08 7.194e+08 7.17853e+08 6.02015e+08 5.9569e+08 2.4418e+08 2.05142e+08 1.90276e+08 1.81958e+08 1.75803e+08 1.67709e+08 1.32931e+08 1.27299e+08 1.2311e+08 1.21547e+08 1.19981e+08 1.12385e+08 1.0795e+08 1.07253e+08 1.05774e+08 1.0504e+08 1.02622e+08 8.76866e+07 1.26151e+08 5.842e+07 5.6572e+07 5.58943e+07 4.75217e+07 4.64478e+07 4.38191e+07 4.30999e+07 4.13051e+07 4.07369e+07 4.72875e+07 3.9079e+07 3.89137e+07 3.82842e+07 3.54811e+07 3.47609e+07 3.35935e+07 3.32247e+07 3.21951e+07 3.15189e+07 3.05966e+07 2.88761e+07 2.82507e+07 2.77242e+07 2.76703e+07 2.70099e+07 2.66878e+07 2.63e+07 2.58738e+07
threshold=2226.4494685553996 1168.1512121535422 3749.3432519861094 738.6874312624069 1686.0374659196607 4782.7513255980266 2920.4711966842933 520.24459711581551 1442.7505144806125 949.11048373342169 5470.869381340538 2505.4020647934699 4172.1826972747822 3408.994814838808 2002.1355204632964 3415.5617713651791 2335.445547633391 1838.1755981244985 5846.5037224942653 390.69393909008744 1300.0225903614462 3828.1534090909095 1919.6241036627098 1089.5237174701263 656.1729024943312 4501.1082227991183 3108.6198219573416 5.5000000000000009 4990.3547654076292 829.41073026168658 2783.9153290054519 1600.0164473684215 2783.9153290054519 0 2400.004260758416 4500.0473101299594 2105.7117662629939 1 2 1498.5128217068718 1279.5083922185424 3675.9158203319507 5.5000000000000009 2980.9585434173673 1081.2798987739693 2626.6259354325598 2625.3205655104398 4633.3644804982769 314.95347736791808 2009.5000000000002 1346.1552428929265 1686.6704729814053 5.5000000000000009 4269.790630326007 5224.9642948227502 1370.4643175916096 1185.3432967362521 5833.4745046068419 4501.1082227991183 1501.1286507174711 450.00091451675024 574.1920122887866
decision_type=2 2 2 2 2 2 2 2 2 2 2 2 2 2 2 2 2 2 2 2 2 2 2 2 2 2 2 2 2 2 2 2 2 9 2 2 2 9 9 2 2 2 2 2 2 2 2 2 2 2 2 2 2 2 2 2 2 2 2 2 2 2
left_child=1 3 6 7 8 12 11 19 20 29 28 22 21 16 17 36 37 39 -12 48 44 42 38 -11 61 53 -18 59 -7 -5 45 40 33 35 -24 -15 46 -8 -2 -6 -10 -34 43 -4 -3 -13 51 -23 -1 -35 -25 -16 -48 -14 -30 -33 -31 -20 -44 -17 -21 -9
right_child=2 4 5 9 14 10 13 24 31 23 18 30 25 32 15 27 26 -19 57 60 -22 47 34 50 -26 -27 -28 -29 54 56 -32 55 41 49 -36 -37 -38 -39 -40 -41 -42 -43 58 -45 -46 -47 52 -49 -50 -51 -52 -53 -54 -55 -56 -57 -58 -59 -60 -61 -62 -63
leaf_value=-44.354794564636755 -0.98289983437548045 -13.711570161338157 61.061121823558317 -25.364402470434854 1.6193417501647596 122.26033997653556 7.4455607965588575 -34.073899737510267 -6.7632017914090881 -16.847731226921937 150.51114076745435 38.96390979340741 98.569340017401515 71.849805399253199 12.662061186703248 3.2996845746040346 56.165954518168896 16.905982559461727 155.06305805928 -38.709029942022823 -3.8261353399023528 91.837340595920722 29.789859847976381 -12.786385212675052 -28.381079130771646 114.57314154711707 64.723005806481638 90.134893804029986 131.96406645793991 -21.459030103774136 49.956500877502904 0.62819808962568646 73.798837023383513 13.55763765451583 35.919520855550331 112.05072888679875 26.098226826706544 39.961235821696953 21.557101673300167 10.315392615547225 1.303156521828795 80.525369996635732 88.429771767444663 80.68911620079858 -8.4099524340054774 44.859970453967193 26.359783727509065 111.48199650473175 -40.837162399212907 47.336178007867602 -6.3540487828027885 20.942389955513377 50.79803505966693 106.2244919791453 141.02810156420716 6.7376770514009072 -12.575360234769239 175.65644043887156 118.36043786688165 46.361874715009883 -35.98817750533857 -31.506618444025584
leaf_weight=12824 279 3970 343 31076 1586 2104 166 16959 1783 34909 2023 5240 2373 582 1314 40 7197 17017 185 15693 29214 6005 9416 21719 29934 3649 8219 165 1743 28664 6879 2200 6365 88 6620 103 7879 520 1449 16726 23250 3558 439 2912 27928 6006 711 239 15526 450 2212 11011 162 2901 1772 13523 906 1379 91 358 20462 23295
leaf_count=12824 279 3970 343 31076 1586 2104 166 16959 1783 34909 2023 5240 2373 582 1314 40 7197 17017 185 15693 29214 6005 9416 21719 29934 3649 8219 165 1743 28664 6879 2200 6365 88 6620 103 7879 520 1449 16726 23250 3558 439 2912 27928 6006 711 239 15526 450 2212 11011 162 2901 1772 13523 906 1379 91 358 20462 23295
internal_value=-0.00992783 -15.2992 69.1582 -27.5502 4.30554 112.093 50.0099 -34.954 -2.85025 -19.2041 142.576 38.0815 97.2863 65.721 17.101 23.6338 59.5376 13.0995 160.413 -39.4806 -6.56311 88.1074 30.9309 -14.9541 -30.7939 107.603 60.7281 56.1311 131.189 -23.3275 45.0897 2.71703 74.6538 62.0214 32.3203 76.7738 22.7657 32.7841 18.0369 9.56223 0.728622 76.2107 80.7139 78.6208 -9.06979 42.1127 20.7763 92.5893 -42.4283 41.0481 -12.1918 20.0596 30.8947 102.78 136.533 5.88282 -21.1868 173.221 93.5688 42.034 -37.1692 -32.5882
internal_weight=504311 413016 91295 254179 158837 28158 63137 134693 101868 119486 9206 35889 18952 27248 56969 21640 16102 35329 3587 64505 61112 10029 17764 58840 70188 8923 15416 563 5619 60646 18125 40756 11146 1223 16036 685 21077 686 1728 18312 25033 9923 3785 3255 31898 11246 13198 6244 28350 538 23931 12325 873 5274 3515 15723 29570 1564 530 398 36155 40254
internal_count=504311 413016 91295 254179 158837 28158 63137 134693 101868 119486 9206 35889 18952 27248 56969 21640 16102 35329 3587 64505 61112 10029 17764 58840 70188 8923 15416 563 5619 60646 18125 40756 11146 1223 16036 685 21077 686 1728 18312 25033 9923 3785 3255 31898 11246 13198 6244 28350 538 23931 12325 873 5274 3515 15723 29570 1564 530 398 36155 40254
cat_boundaries=0 1 2 3
cat_threshold=134553858 33570816 2113536
is_linear=0
shrinkage=0.05


Tree=7
num_leaves=63
num_cat=4
split_feature=3 3 3 3 3 3 3 3 3 3 3 3 3 3 3 1 3 1 3 3 3 3 3 3 3 3 3 3 3 3 10 4 3 19 7 10 7 19 3 3 3 8 7 19 3 7 18 7 7 19 7 1 7 1 7 4 4 18 7 15 19 3
split_gain=1.92553e+11 3.33991e+10 2.94952e+10 5.507e+09 5.07486e+09 4.41527e+09 4.37324e+09 7.55637e+08 6.78087e+08 6.74639e+08 6.57567e+08 6.22728e+08 6.19961e+08 5.4985e+08 5.31689e+08 1.54493e+08 1.34016e+08 1.22199e+08 1.05856e+08 1.00353e+08 9.13078e+07 8.70657e+07 8.69151e+07 8.66134e+07 8.43107e+07 7.90652e+07 7.5795e+07 7.37074e+07 7.16474e+07 6.83953e+07 6.13056e+07 7.94675e+07 5.02839e+07 4.69574e+07 4.51603e+07 4.5079e+07 5.73422e+07 5.48604e+07 4.10976e+07 4.04101e+07 3.19189e+07 3.0729e+07 2.96314e+07 2.68068e+07 2.3694e+07 1.93743e+07 2.3645e+07 1.9246e+07 1.8674e+07 2.38571e+07 1.73318e+07 1.67187e+07 2.56368e+07 1.66952e+07 2.00083e+07 2.29991e+07 1.51042e+07 4.69553e+07 2.63532e+07 1.6096e+07 1.87029e+07 1.50084e+07
threshold=2157.2256546625208 1098.4382861115221 3675.9158203319507 1593.1157772210506 4782.7513255980266 2819.4827892043118 690.0074656933615 1318.9562571762679 4260.878826384117 5470.869381340538 465.7248023926374 888.16295217741879 1838.1755981244985 3207.3745910625325 2506.6491761407019 0 5833.4745046068419 1 1462.9129980433106 580.39851174580576 339.79054482103271 1975.0048430840764 1199.9868236120874 4981.5572559041984 985.90401165864705 2301.3822729599801 1700.0197676540358 785.97376589613498 3408.994814838808 3063.3519712210964 3.5000000000000004 520.0100000000001 4500.0473101299594 5.2833333333333492 2009.5000000000002 4.5000000000000009 2012.5000000000002 1039.7378333333334 2667.2795652755995 4000.0000000000009 4000.0000000000009 7.5000000000000009 2010.5000000000002 523.96916666666687 5224.9642948227502 2011.5000000000002 58.86428571428565 2018.5000000000002 2007.5000000000002 686.14133333333336 2008.5000000000002 2 2007.5000000000002 3 2015.5000000000002 3.0050000000000003 155.90500000000003 508.28785714285726 2008.5000000000002 21.950000000000003 1724.7573333333337 238.09983634640471
decision_type=2 2 2 2 2 2 2 2 2 2 2 2 2 2 2 1 2 1 2 2 2 2 2 2 2 2 2 2 2 2 2 2 2 2 2 2 2 2 2 2 2 2 2 2 2 2 2 2 2 2 2 1 2 1 2 2 2 2 2 2 2 2
left_child=1 6 5 7 8 14 10 22 15 23 20 27 26 29 25 40 -11 32 -9 -12 61 -14 -3 -6 -13 -2 -5 -8 -15 48 50 -32 -10 -18 43 37 -37 -33 -16 -36 -4 45 -25 -17 -44 46 -35 -47 49 -7 -19 52 -28 54 56 -56 57 -23 -59 60 -60 -1
right_child=2 3 4 12 9 13 11 18 17 16 19 24 21 28 38 34 33 30 -20 -21 -22 53 -24 42 -26 -27 51 -29 -30 -31 31 35 -34 41 39 36 -38 -39 -40 -41 -42 -43 44 -45 -46 47 -48 -49 -50 -51 -52 -53 -54 -55 55 -57 -58 58 59 -61 -62 -63
leaf_value=-44.140467173296798 25.771826827238261 -11.395893798809922 86.312018449379821 5.8188826511937313 115.00650550975917 46.217633313684495 -25.742726682234839 -2.8798168855907789 101.73934328555268 142.05897039217749 -32.924869506547218 -18.823356124641574 15.336775586912594 62.672126678945396 38.155513453832292 71.384802815422887 172.67603924051923 49.887751904400915 1.6782100907652489 -29.141383818971988 -36.939212645762119 22.219851563264324 -7.4478578409214524 96.845059706713698 -14.937506461586558 31.642274801647677 1.9781332289731062 -22.224992141136042 70.033293323986115 57.347429394719853 88.911864732854511 26.82023041473245 110.82400066359691 220.76044006347658 75.950309714988208 -12.356972244262696 73.357456874847415 90.557974700517548 43.34376947151889 84.47804545563973 93.579045574386583 136.16952195085798 124.83289737341916 25.797864903670092 132.67605281833764 140.93071142196655 164.88852559207533 159.52714349689441 50.691618951951149 9.6834548192639502 94.717209372595576 10.012491546026919 17.242208311501503 18.879501500597222 77.244362464317916 29.131278653796631 20.044702412209816 25.213411546035076 24.50766477584839 73.906847779647165 64.008440186237465 -40.659735903089604
leaf_weight=3981 11315 26740 2699 16003 1827 160 30622 30539 3003 1842 34956 25546 15328 5768 7523 64 600 22 21853 35149 30607 2206 29123 74 30775 11632 324 28987 7743 5563 340 53 3091 20 5109 50 32 93 7748 1908 3433 175 1910 65 1942 205 356 433 9103 62 1079 14034 1822 8900 26 556 4930 127 62 69 58 13946
leaf_count=3981 11315 26740 2699 16003 1827 160 30622 30539 3003 1842 34956 25546 15328 5768 7523 64 600 22 21853 35149 30607 2206 29123 74 30775 11632 324 28987 7743 5563 340 53 3091 20 5109 50 32 93 7748 1908 3433 175 1910 65 1942 205 356 433 9103 62 1079 14034 1822 8900 26 556 4930 127 62 69 58 13946
internal_value=-0.00936404 -15.0905 63.2838 1.59678 104.073 44.6548 -27.3765 -5.29216 90.4355 134.651 -34.1252 -20.47 13.1688 59.5875 33.5586 83.5723 151.526 102.174 -0.978638 -31.0279 -38.599 18.0669 -9.33767 124 -16.7 28.7476 8.25875 -24.0321 66.8907 52.9597 86.4207 73.5968 106.173 161.273 77.6215 50.7586 21.0926 67.4203 40.7879 78.2691 90.2333 155.518 128.185 48.4146 128.787 158.858 167.86 153.552 50.3422 36.0144 93.8214 10.6719 14.8684 20.5381 22.3243 31.2807 21.6547 24.802 42.828 54.6642 43.5997 -41.4327
internal_weight=504311 407269 97042 172700 30425 66617 234569 108255 21041 9384 118639 115930 64445 28399 38218 13278 3631 7763 52392 70105 48534 32262 55863 5753 56321 22947 32183 59609 13511 14888 1669 568 6094 1789 7146 228 82 146 15271 7017 6132 1189 3926 129 3852 1014 376 638 9325 222 1101 16180 2146 16934 8034 582 7452 2522 316 189 120 17927
internal_count=504311 407269 97042 172700 30425 66617 234569 108255 21041 9384 118639 115930 64445 28399 38218 13278 3631 7763 52392 70105 48534 32262 55863 5753 56321 22947 32183 59609 13511 14888 1669 568 6094 1789 7146 228 82 146 15271 7017 6132 1189 3926 129 3852 1014 376 638 9325 222 1101 16180 2146 16934 8034 582 7452 2522 316 189 120 17927
cat_boundaries=0 1 2 3 4
cat_threshold=1 33 16 49
is_linear=0
shrinkage=0.05


Tree=8
num_leaves=63
num_cat=3
split_feature=20 3 3 3 20 20 3 20 3 3 3 3 20 20 20 3 20 3 20 3 3 3 20 20 3 10 20 20 3 20 10 20 3 3 20 3 3 3 10 0 20 20 7 0 20 7 20 10 3 18 19 20 0 19 19 3 20 3 3 20 3 18
split_gain=1.73906e+11 3.23586e+10 2.45846e+10 5.33785e+09 4.53255e+09 4.06942e+09 3.8781e+09 8.04369e+08 6.83613e+08 6.56633e+08 6.43036e+08 5.96673e+08 5.70641e+08 5.68573e+08 4.85948e+08 2.60157e+08 1.66631e+08 1.44253e+08 1.62048e+08 1.37233e+08 1.34855e+08 1.18818e+08 1.07868e+08 1.06196e+08 1.0612e+08 1.01035e+08 9.91563e+07 9.77112e+07 9.75697e+07 9.68162e+07 9.47635e+07 9.37153e+07 9.27278e+07 7.45157e+07 6.71748e+07 5.52185e+07 5.38172e+07 4.68906e+07 4.28872e+07 4.09358e+07 4.09228e+07 3.60185e+07 3.33662e+07 3.14361e+07 3.05935e+07 3.02374e+07 2.93928e+07 2.93426e+07 2.98821e+07 2.90221e+07 2.82843e+07 2.81156e+07 2.80105e+07 1.57916e+08 2.70078e+07 2.69529e+07 2.64325e+07 2.53525e+07 2.48344e+07 2.4304e+07 2.42583e+07 2.40256e+07
threshold=2225.6247237495331 1129.4867549935893 3750.0000000000009 1656.6609783845281 700.00188561565369 4792.6836324509404 2870.0713595857619 1380.0108695652177 915.51364479310087 488.1858866418093 5470.869381340538 2002.3834457028536 3271.8972491814698 4182.4898543004738 2589.2934923515691 3530.0651334834361 1800.0108790252395 1451.2915832618437 3600.0489955903977 5833.4745046068419 2336.9791367048933 1251.320545339252 1514.6212274269185 822.4980127186011 4500.0473101299594 5.5000000000000009 380.47132448503777 1038.6958564307686 600.0100154524124 1475.4522347069685 1.0000000180025095e-35 3824.8560737548437 4981.5572559041984 3063.3519712210964 3535.4039992962066 2626.6259354325598 2667.2795652755995 1475.0031074236351 3.5000000000000004 0 1451.5649112591925 1089.5237174701263 2010.5000000000002 1 3065.361988127981 2008.5000000000002 2105.8163348239118 5.5000000000000009 2200.001928317613 382.97214285714296 16.267166666666672 1244.7392697611187 2 494.76400000000007 622.81283333333351 4500.0473101299594 1100.0024698676154 293.57832553676388 4500.0473101299594 1152.2085046572126 2506.6491761407019 1401.8342857142859
decision_type=2 2 2 2 2 2 2 2 2 2 2 2 2 2 2 2 2 2 2 2 2 2 2 2 2 2 2 2 2 2 2 2 2 2 2 2 2 2 2 9 2 2 2 9 2 2 2 2 2 2 2 2 9 2 2 2 2 2 2 2 2 2
left_child=1 4 6 7 9 13 14 21 23 26 32 16 33 31 20 29 40 -16 36 -12 37 59 -9 -6 -15 45 57 -10 -11 39 49 38 -7 -8 -14 46 47 -2 55 -13 -5 -23 -32 -37 -40 -20 -31 48 -19 -17 -21 -29 53 -42 -27 -4 -25 -1 -33 -3 -22 -57
right_child=2 3 5 11 8 10 12 22 27 28 19 15 34 24 17 30 -18 18 25 50 60 41 -24 56 -26 54 -28 51 -30 35 42 58 -34 -35 -36 43 -38 -39 44 -41 52 -43 -44 -45 -46 -47 -48 -49 -50 -51 -52 -53 -54 -55 -56 61 -58 -59 -60 -61 -62 -63
leaf_value=-40.674654688217402 5.7347638767600442 -11.903974940326039 75.881683286765224 1.0273725351837322 -24.001620506742707 110.3416526247002 48.337085529368878 -1.2416644947937745 -16.516083906016718 -30.90594667395473 135.93103411181517 -4.4158208249161932 63.231465023753259 92.81501076566559 3.9107573542228113 43.193066987758733 14.255909749063941 27.597787093695526 13.18834139160488 164.42339841306602 30.952361592453357 -11.163296784930839 3.5087051809956549 -20.345847306443648 104.02456885655414 57.556276249885563 -34.32166540655286 -12.96694629043216 -27.149461369672622 19.113391437691376 17.689669594014727 82.944580848311645 123.39728737510187 55.562117303462564 70.409693978898275 11.538641192983178 43.005040016653794 25.306960412933471 45.693683806359772 14.986642237957279 10.625806057180341 -4.9685666990743567 51.146547324571415 35.804688862761701 69.096255098878387 55.173533317451415 23.123490441058678 45.377693622452874 37.217949647151826 89.854151745592617 150.97603008132893 -7.9792744547543109 8.1005358683107769 87.623720698421067 99.792076656938264 83.83251950052761 -14.584854482431243 -37.405337705169032 97.745292252563075 -8.837152420545193 35.808356760895137 121.08533465275998
leaf_weight=9448 317 10105 2138 2023 34457 2202 6265 23893 30437 33806 1772 509 6457 5078 260 41 20322 967 46 612 6435 2553 23908 27911 3614 48 28398 23164 35373 11781 121 6198 3557 8292 6581 194 7849 8833 160 569 665 29010 194 934 1098 633 7465 889 4885 178 1083 3218 16342 74 179 149 2144 15925 297 17910 4284 61
leaf_count=9448 317 10105 2138 2023 34457 2202 6265 23893 30437 33806 1772 509 6457 5078 260 41 20322 967 46 612 6435 2553 23908 27911 3614 48 28398 23164 35373 11781 121 6198 3557 8292 6581 194 7849 8833 160 569 665 29010 194 934 1098 633 7465 889 4885 178 1083 3218 16342 74 179 149 2144 15925 297 17910 4284 61
internal_value=-0.00886723 -13.8081 62.4653 3.02726 -25.4408 101.452 45.1866 -3.69702 -18.5848 -32.2066 128.647 14.7847 59.2573 88.1004 34.2875 21.3845 11.1043 40.8453 41.465 145.66 29.0873 -7.57328 1.13427 -22.107 97.4758 61.9834 -36.3512 -14.5857 -28.9852 20.5263 55.8574 80.0329 118.405 52.4526 66.8547 21.299 40.1908 24.6289 73.5693 5.92343 7.75171 -5.46963 38.2949 32.051 66.1198 52.3292 20.6688 36.914 35.6283 81.1185 155.831 -12.3586 8.54811 18.0912 90.8612 77.5606 -19.9349 -38.6227 83.6214 -9.94335 32.8931 94.6536
internal_weight=504311 413072 91239 168791 244281 28019 63220 107379 121331 122950 9226 61412 27595 18793 35625 21986 39426 15756 15496 3467 19869 59578 47801 64512 8692 906 53771 56819 69179 21452 534 10101 5759 14557 13038 20374 14590 9150 3606 1078 19104 31563 315 1128 1258 679 19246 6741 5852 219 1695 26382 17081 739 227 2348 30055 25373 6495 28015 10719 210
internal_count=504311 413072 91239 168791 244281 28019 63220 107379 121331 122950 9226 61412 27595 18793 35625 21986 39426 15756 15496 3467 19869 59578 47801 64512 8692 906 53771 56819 69179 21452 534 10101 5759 14557 13038 20374 14590 9150 3606 1078 19104 31563 315 1128 1258 679 19246 6741 5852 219 1695 26382 17081 739 227 2348 30055 25373 6495 28015 10719 210
cat_boundaries=0 1 2 3
cat_threshold=1261719042 1064964 16384
is_linear=0
shrinkage=0.05


Tree=9
num_leaves=63
num_cat=1
split_feature=20 3 3 20 3 20 3 3 20 3 3 20 20 20 3 3 20 3 20 3 3 3 3 20 3 3 20 20 3 20 20 3 19 19 20 7 3 3 3 3 20 20 4 20 20 11 7 1 20 19 20 20 3 20 20 20 20 3 3 3 3 20
split_gain=1.5695e+11 2.92093e+10 2.21876e+10 4.63786e+09 4.31291e+09 3.67265e+09 3.49998e+09 8.07328e+08 7.10725e+08 5.8034e+08 5.49773e+08 5.15004e+08 5.13137e+08 4.38568e+08 4.20936e+08 2.34773e+08 1.42926e+08 1.30709e+08 1.46406e+08 1.23853e+08 1.2227e+08 1.06046e+08 9.57735e+07 9.57494e+07 9.50514e+07 9.1958e+07 8.74346e+07 8.62972e+07 8.36869e+07 8.03255e+07 7.70012e+07 6.8406e+07 6.74696e+07 6.48923e+07 6.06253e+07 5.34341e+07 5.19533e+07 5.01928e+07 4.86563e+07 3.23478e+07 3.09816e+07 3.01401e+07 2.96558e+07 2.82817e+07 2.8089e+07 4.06422e+07 2.76546e+07 3.56019e+07 2.59779e+07 2.55266e+07 2.50849e+07 2.37599e+07 2.30052e+07 2.26532e+07 2.24549e+07 2.22083e+07 2.21294e+07 2.09107e+07 2.0665e+07 2.00885e+07 2.00824e+07 1.97218e+07
threshold=2225.6247237495331 1168.1512121535422 3750.0000000000009 750.00119731269831 1700.0197676540358 4792.6836324509404 2870.0713595857619 526.96906156037358 1422.9185104786275 5470.869381340538 962.39280235319234 3271.8972491814698 4182.4898543004738 2589.2934923515691 2002.3834457028536 3530.0651334834361 400.01683231494565 1326.9312353299549 3600.0489955903977 5833.4745046068419 2372.6448168027196 1301.0776185673437 4500.0473101299594 1800.0108790252395 662.50061546036443 1538.6742199739797 1463.7524846178458 3900.6392308260497 4981.5572559041984 865.65584319944412 1097.4331365417831 3104.7188819842099 1240.1503333333337 1109.3031666666668 3535.4039992962066 2014.5000000000002 2702.1792559104724 2506.6491761407019 1995.9682429870286 315.00104024252516 1451.5649112591925 1097.4331365417831 1301.3600000000004 1074.1412281862247 3600.0489955903977 1.0000000180025095e-35 2009.5000000000002 0 2105.8163348239118 16.267166666666672 1200.0076499388008 1750.0183598531216 3904.2033643443924 2916.9675990675996 4269.790630326007 5229.0057692225555 1800.0108790252395 4260.878826384117 3336.2827255565417 5224.9642948227502 771.43554136586249 595.14585817695922
decision_type=2 2 2 2 2 2 2 2 2 2 2 2 2 2 2 2 2 2 2 2 2 2 2 2 2 2 2 2 2 2 2 2 2 2 2 2 2 2 2 2 2 2 2 2 2 2 2 1 2 2 2 2 2 2 2 2 2 2 2 2 2 2
left_child=1 3 6 7 8 12 13 16 21 28 29 31 27 20 23 26 39 -15 36 -11 38 43 57 40 61 56 -16 44 52 60 -12 53 46 42 58 -34 -19 48 -2 -1 -6 -23 -17 -3 45 -4 -20 -48 -28 -21 -31 -27 -7 -8 -36 -30 -10 -14 -13 -24 -5 -9
right_child=2 4 5 10 14 9 11 24 25 19 30 34 22 17 15 33 -18 18 32 49 -22 41 59 -25 -26 51 37 -29 55 50 -32 -33 35 -35 54 -37 -38 -39 -40 -41 -42 -43 -44 -45 -46 -47 47 -49 -50 -51 -52 -53 -54 -55 -56 -57 -58 -59 -60 -61 -62 -63
leaf_value=-38.143243944391045 15.908749087321054 -12.824942339351168 70.364827266892135 -23.147114400294775 1.4666655036682967 76.409716575733128 42.885076477081434 -28.871216661871472 -0.092467176774132381 129.13448714348857 -14.125825609790281 56.242612828418181 84.287491494921142 -2.091755121853685 5.4022706501741489 47.151100453734401 -31.610655161317819 35.458983220755002 27.041593815846877 156.20223119523791 31.776463853755573 -9.9573119090774806 98.034225762228161 13.652971054906519 -24.090897081874353 4.1597082095894828 18.027284660438276 80.66144367384311 113.15363896462868 -18.007433417869375 -10.30657193249905 53.52378024113824 97.403128951101593 75.499186164941364 66.041796049074051 52.037176707971881 41.460040821050008 28.795603678836887 25.368991234649375 -34.862430708558875 9.0492134488723153 -3.383985783166283 10.336464133901874 -7.5509820955937972 74.050604636806909 51.852786243706944 67.621206861337029 35.133922633528712 21.83804949500248 143.42722655284879 -11.57515408861139 9.1490750964858005 105.74375382739504 48.572839951961924 76.955356938311738 121.05896218763435 6.7329071299346728 90.82292550901704 62.160414692559691 116.43334874799176 -20.418471694758363 -26.661436285377295
leaf_weight=13056 1605 2807 1301 10059 1513 69 2645 19709 22415 1772 32989 2281 2058 193 1046 264 35898 8212 110 612 9390 1863 3459 19628 31984 18385 11520 5041 1724 27843 21997 6735 165 201 6070 107 6431 1576 8874 17697 12289 27272 69 26924 3375 384 290 248 7310 1083 1603 2742 2133 5177 511 1833 1254 3020 4176 155 20456 20703
leaf_count=13056 1605 2807 1301 10059 1513 69 2645 19709 22415 1772 32989 2281 2058 193 1046 264 35898 8212 110 612 9390 1863 3459 19628 31984 18385 11520 5041 1724 27843 21997 6735 165 201 6070 107 6431 1576 8874 17697 12289 27272 69 26924 3375 384 290 248 7310 1083 1603 2742 2133 5177 511 1833 1254 3020 4176 155 20456 20703
internal_value=-0.00835837 -13.1176 59.342 -23.6399 3.68296 96.379 42.9273 -29.783 -2.33651 122.215 -16.2089 56.2944 83.6954 32.5732 14.9431 20.3165 -33.7537 38.803 39.3101 138.377 27.6329 -5.9481 92.602 11.4091 -26.1274 2.40944 19.5014 76.0312 112.485 -19.5202 -12.5979 49.83 58.6576 53.0645 63.512 79.557 38.0946 20.2241 23.92 -36.2553 8.218 -3.80431 39.5228 -8.04891 71.4184 66.1461 49.885 54.5556 19.5067 148.04 -17.6573 4.80726 104.825 46.6495 66.8892 117.227 0.269146 88.1743 60.0699 98.8233 -21.3179 -27.7391
internal_weight=504311 413072 91239 253994 159078 28019 63220 139047 103662 9226 114947 27595 18793 35625 55416 21986 66651 15756 15563 3467 19869 58866 8692 33430 72396 44796 21452 10101 5759 59961 54986 14557 920 534 13038 272 14643 20406 10479 30753 13802 29135 333 29731 5060 1685 648 538 18830 1695 29446 21127 2202 7822 6581 3557 23669 5078 6457 3614 30515 40412
internal_count=504311 413072 91239 253994 159078 28019 63220 139047 103662 9226 114947 27595 18793 35625 55416 21986 66651 15756 15563 3467 19869 58866 8692 33430 72396 44796 21452 10101 5759 59961 54986 14557 920 534 13038 272 14643 20406 10479 30753 13802 29135 333 29731 5060 1685 648 538 18830 1695 29446 21127 2202 7822 6581 3557 23669 5078 6457 3614 30515 40412
cat_boundaries=0 1
cat_threshold=17
is_linear=0
shrinkage=0.05


Tree=10
num_leaves=63
num_cat=4
split_feature=20 3 3 3 3 20 20 20 3 20 3 3 20 3 20 3 3 3 20 0 20 20 20 3 10 20 3 20 20 3 20 20 20 3 3 3 10 0 3 10 3 3 20 20 0 20 20 3 3 20 3 3 3 10 20 3 15 20 0 19 17 17
split_gain=1.41836e+11 2.5785e+10 2.05422e+10 4.57738e+09 3.37495e+09 3.24155e+09 3.24005e+09 6.56985e+08 5.67522e+08 5.38692e+08 5.11065e+08 4.98085e+08 4.81977e+08 4.68697e+08 3.6412e+08 2.09223e+08 1.32341e+08 1.30119e+08 1.31368e+08 1.22883e+08 1.18771e+08 1.15131e+08 1.13824e+08 1.01234e+08 9.16221e+07 8.98716e+07 8.84414e+07 8.601e+07 8.14442e+07 7.7797e+07 7.6705e+07 6.84464e+07 6.06457e+07 5.96639e+07 5.9602e+07 5.45902e+07 5.11681e+07 5.04796e+07 4.82333e+07 4.50384e+07 4.38044e+07 3.52988e+07 3.29775e+07 2.56537e+07 2.5539e+07 2.55018e+07 2.54747e+07 2.54041e+07 2.45332e+07 2.44086e+07 2.43851e+07 2.37396e+07 2.30585e+07 2.26207e+07 2.16906e+07 2.15986e+07 2.0668e+07 2.04941e+07 1.95224e+07 6.58306e+07 4.04697e+07 3.17058e+07
threshold=2200.0358052196057 1098.4382861115221 3750.0000000000009 1616.0996792483809 2819.4827892043118 4792.6836324509404 681.74446356856004 1361.5925202790247 1919.3951353138928 3271.8972491814698 5470.869381340538 880.11023382933502 4092.4176710918609 450.00537518813172 2549.1546543786994 3336.2827255565417 4371.0287820196727 1421.7020853898334 3271.8972491814698 0 1199.9986394557825 1718.3165638192688 5846.5037224942653 2336.9791367048933 1.0000000180025095e-35 1578.4560009048018 3063.3519712210964 548.65038337438864 999.99998451777526 4981.5572559041984 1502.0765302439734 814.51775535032402 3600.0489955903977 2130.7475790510211 3408.994814838808 326.64759722003691 5.5000000000000009 1 2476.7546290360606 3.5000000000000004 1995.9682429870286 1299.5018003138687 4792.6836324509404 949.31221375501673 2 1250.7979724006766 4383.0987632676979 4260.878826384117 4981.5572559041984 1390.8904422667686 3904.2033643443924 745.0649995418745 2667.2795652755995 5.5000000000000009 5229.0057692225555 639.42592276941821 14.750000000000002 2916.9675990675996 3 467.4206666666667 199.80500000000004 586.37500000000011
decision_type=2 2 2 2 2 2 2 2 2 2 2 2 2 2 2 2 2 2 2 9 2 2 2 2 2 2 2 2 2 2 2 2 2 2 2 2 2 9 2 2 2 2 2 2 9 2 2 2 2 2 2 2 2 2 2 2 2 2 9 2 2 2
left_child=1 6 4 7 14 12 13 20 21 26 29 31 32 35 23 25 -14 -16 38 36 43 49 -12 40 47 37 57 -15 -13 -7 -9 51 39 58 46 -1 -20 -10 53 -4 -2 -22 -38 -3 -26 -30 -11 -17 -18 -5 -34 -8 -35 -19 -31 -29 -24 -6 59 -27 -61 -62
right_child=2 3 5 8 9 10 11 30 15 34 22 28 16 27 17 24 48 18 19 -21 41 -23 56 -25 44 33 -28 55 45 54 -32 -33 50 52 -36 -37 42 -39 -40 -41 -42 -43 -44 -45 -46 -47 -48 -49 -50 -51 -52 -53 -54 -55 -56 -57 -58 -59 -60 60 61 -63
leaf_value=-35.856710186589837 14.695557184478426 -14.434128082422895 68.248131005411622 -0.94093644114184549 40.351899264695291 99.495235101257151 -23.249168135018582 -1.6307975324398614 -7.2506932845423684 55.186310374286023 122.99019744148355 -16.17661478340943 80.871328386504459 -28.941258214549904 0.85451762703229805 57.43324831397446 91.306697331252352 26.984221186311089 54.553735117711938 29.962923891187586 -7.0591820057852956 10.591398023199705 153.09239592281074 29.13362618967118 13.011961782437105 19.017337721257306 50.296329587088991 -26.385581965580663 -12.853204471103741 107.36239341803558 2.4687722667935548 -18.653499520390138 69.141374606622932 20.132509677774419 62.843089147409763 -32.181807050319158 73.807943801209333 11.199088832558848 36.18594789206157 50.952891945828668 23.4266680728438 -3.8479542577568022 124.91711920632257 -9.4255863741082386 41.766642705357178 -7.3588000049156994 73.717357194732514 91.287128123831252 104.98566261291504 5.5671868081692235 75.297424470684703 -20.755542510832441 28.967642112484686 39.56512622552259 115.22472144648955 -24.047975010358964 138.44846329715924 45.408068095552963 15.409631602502689 9.2399157240434935 105.21890663796283 35.526310922622677
leaf_weight=15725 1726 2819 1069 1607 3882 2225 20668 25578 497 4747 1895 29115 4882 30827 265 135 5164 2393 595 545 18856 20665 299 9431 159 1196 8427 24639 25820 1690 20599 23105 2666 8365 8324 28279 256 1403 11202 581 8566 15669 36 27469 236 2300 193 94 350 13921 4056 17734 810 420 1824 16498 1241 4143 16090 27 47 25
leaf_count=15725 1726 2819 1069 1607 3882 2225 20668 25578 497 4747 1895 29115 4882 30827 265 135 5164 2393 595 545 18856 20665 299 9431 159 1196 8427 24639 25820 1690 20599 23105 2666 8365 8324 28279 256 1403 11202 581 8566 15669 36 27469 236 2300 193 94 350 13921 4056 17734 810 420 1824 16498 1241 4143 16090 27 47 25
internal_value=-0.00907458 -12.6322 55.7183 1.81968 40.3366 91.5829 -23.4856 -4.3595 12.3261 52.7635 115.941 -17.68 79.6763 -29.4301 29.9153 17.5269 86.8667 35.594 36.19 50.615 -7.60654 8.14688 131.195 25.3915 46.1668 16.8989 46.7189 -26.9444 -14.323 106.811 0.197971 -20.8038 70.7475 17.6504 60.2611 -33.495 62.2646 6.3938 34.7161 62.1581 21.9624 -5.60178 80.1091 -9.89175 31.5788 -12.4038 55.9103 71.3296 92.175 4.89366 72.8559 -22.0976 20.9125 28.8626 111.443 -25.4481 141.292 42.9622 15.9288 22.0902 61.4437 81.0201
internal_weight=504070 410977 93093 176267 65151 27942 234710 110990 65277 29716 9174 118742 18768 115968 35435 29084 10396 15712 15447 1432 64813 36193 3435 19723 624 28460 16452 71964 57235 5739 46177 61507 8372 26560 13264 44004 887 1900 14015 1650 10292 34525 292 30288 395 28120 4940 229 5514 15528 6722 38402 9175 2813 3514 41137 1540 8025 17385 1295 99 72
internal_count=504070 410977 93093 176267 65151 27942 234710 110990 65277 29716 9174 118742 18768 115968 35435 29084 10396 15712 15447 1432 64813 36193 3435 19723 624 28460 16452 71964 57235 5739 46177 61507 8372 26560 13264 44004 887 1900 14015 1650 10292 34525 292 30288 395 28120 4940 229 5514 15528 6722 38402 9175 2813 3514 41137 1540 8025 17385 1295 99 72
cat_boundaries=0 1 2 3 4
cat_threshold=419799306 1109671936 16384 8405008
is_linear=0
shrinkage=0.05


Tree=11
num_leaves=63
num_cat=2
split_feature=20 3 3 3 20 3 3 20 20 3 20 3 20 20 20 3 3 3 20 3 20 20 10 10 20 3 20 20 3 20 3 3 20 3 20 3 3 20 3 1 10 18 10 10 20 1 4 3 3 20 20 3 20 20 3 3 20 3 3 3 20 15
split_gain=1.28007e+11 2.32714e+10 1.85398e+10 4.13138e+09 3.25609e+09 2.92527e+09 2.70481e+09 5.92929e+08 5.48889e+08 5.1389e+08 4.70189e+08 4.61975e+08 4.28878e+08 3.95979e+08 3.29259e+08 1.92962e+08 1.23742e+08 1.2195e+08 1.31241e+08 1.10756e+08 1.02726e+08 9.36983e+07 8.65629e+07 8.23856e+07 8.1138e+07 7.69674e+07 7.50202e+07 7.45539e+07 7.01963e+07 6.9406e+07 6.67876e+07 6.38644e+07 6.33257e+07 6.15636e+07 5.53931e+07 5.13303e+07 3.72362e+07 3.27313e+07 3.08524e+07 2.99209e+07 3.95662e+07 3.61303e+07 2.96197e+07 2.7685e+07 2.7426e+07 2.73362e+07 3.21653e+07 2.58717e+07 2.58106e+07 2.57034e+07 2.42176e+07 2.35754e+07 2.31556e+07 2.31223e+07 2.29272e+07 2.14164e+07 2.11084e+07 2.06156e+07 2.03325e+07 1.99139e+07 1.95758e+07 1.86528e+07
threshold=2200.0358052196057 1098.4382861115221 3675.9158203319507 1616.0996792483809 4792.6836324509404 697.47507760448627 2819.4827892043118 1361.5925202790247 4092.4176710918609 1900.0009152684763 474.11801356279437 5470.869381340538 900.01401869158894 3271.8972491814698 2505.4020647934699 3336.2827255565417 4371.0287820196727 1501.1286507174711 3271.8972491814698 1236.2993020873353 5846.5037224942653 1718.3165638192688 5.5000000000000009 1.0000000180025095e-35 1487.4744450395804 2251.1102372189885 3007.6825888012204 600.00933687864097 4981.5572559041984 1514.6212274269185 350.00213649127096 2091.6735547090252 3749.3432519861094 800.01279468063683 1023.0937119130145 2593.7228879249046 3408.994814838808 4269.790630326007 1671.4551326991498 0 4.5000000000000009 470.99999999999955 3.5000000000000004 1.0000000180025095e-35 3108.6198219573416 1 70.00500000000001 3904.2033643443924 4500.0473101299594 1074.1412281862247 999.99998451777526 4628.4457362818657 1250.7979724006766 4269.790630326007 4260.878826384117 2626.6259354325598 1390.8904422667686 829.41073026168658 3158.1210901774289 2476.7546290360606 5229.0057692225555 14.750000000000002
decision_type=2 2 2 2 2 2 2 2 2 2 2 2 2 2 2 2 2 2 2 2 2 2 2 2 2 2 2 2 2 2 2 2 2 2 2 2 2 2 2 1 2 2 2 2 2 1 2 2 2 2 2 2 2 2 2 2 2 2 2 2 2 2
left_child=1 5 6 7 8 10 14 19 32 21 30 28 33 26 25 24 -10 57 35 50 -13 56 45 54 43 38 -8 -12 39 -9 -1 -26 42 -7 -14 -19 53 -24 -2 -6 -41 -42 48 -11 -44 46 -20 -34 -4 -21 -3 -18 -36 -15 -17 -33 -5 -16 -28 -27 -30 -22
right_child=2 3 4 9 11 12 13 29 16 15 27 20 34 36 17 23 51 18 22 49 61 -23 37 -25 31 59 58 -29 60 -31 -32 55 47 -35 52 -37 -38 -39 -40 40 41 -43 44 -45 -46 -47 -48 -49 -50 -51 -52 -53 -54 -55 -56 -57 -58 -59 -60 -61 -62 -63
leaf_value=-33.732929169812579 7.7881623662204991 -13.843771143470802 62.976309255704045 -0.90357389015376954 98.136672058184899 -20.946763788003715 40.837914671255554 -1.4273061248425767 76.696030721702684 16.304647549847271 -26.649374329826131 116.84068690478644 -14.758984812960149 52.311780496954363 -28.61005064801472 54.56158584206193 84.852785686387776 29.18664838283906 60.209131677278997 -9.8486915520576908 145.43777370389088 9.8449389463868879 61.435114878115535 30.069175126507318 14.359227214162566 24.818821538445604 45.339219441390249 -23.393957661534639 101.99427041499573 2.514217284227092 -29.987962178716373 18.500421297911949 65.464653572345753 -17.783719739204376 -12.065833679670332 35.009891721297514 58.870137874651107 96.977149474754768 20.305380061136336 78.068158967400294 66.800113546437231 -18.172765072909268 38.665769716970168 0.38197417653873766 58.243968331580476 26.549426235600432 39.218324757018991 71.944146053523838 82.827008800614976 -4.6459180579420085 -8.8264231132640525 91.505462068979242 -7.2523539549961145 67.687084801714548 86.722771956058267 26.203026717838892 5.2156617886904693 9.0083361191252251 50.34091539540735 29.445897307553743 109.46348841543261 131.52603896772257
leaf_weight=19588 538 2607 2353 1570 1911 31624 8083 27252 4985 363 37372 1895 28381 4682 41 135 3265 6415 316 2589 299 18968 238 395 16503 8486 4439 33221 1690 18925 30354 11400 2652 29955 21386 9228 6519 89 5793 277 29 22 211 1101 1175 330 432 3676 176 28571 31046 2249 2829 258 94 980 13768 326 3747 3203 1824 1241
leaf_count=19588 538 2607 2353 1570 1911 31624 8083 27252 4985 363 37372 1895 28381 4682 41 135 3265 6415 316 2589 299 18968 238 395 16503 8486 4439 33221 1690 18925 30354 11400 2652 29955 21386 9228 6519 89 5793 277 29 22 211 1101 1175 330 432 3676 176 28571 31046 2249 2829 258 94 980 13768 326 3747 3203 1824 1241
internal_value=-0.00851753 -12.0005 52.9325 1.72891 85.3472 -22.3113 37.5727 -4.14153 74.3711 11.7104 -27.744 110.126 -16.576 49.2694 28.42 16.3795 82.405 33.3227 33.9366 -7.22621 124.635 7.49517 48.5749 43.9024 15.8135 23.6818 44.2548 -25.1174 101.463 0.188072 -31.4568 16.3956 66.1364 -19.4081 -13.2602 32.6219 56.389 71.1086 19.2417 94.5435 68.5275 30.1451 61.1382 4.33001 55.2634 41.7395 47.4517 69.2287 64.3578 -5.0782 -9.2151 87.5662 -11.5035 53.1148 67.7631 19.1102 4.5893 4.80574 47.6287 26.0867 105.871 134.227
internal_weight=504070 410977 93093 176267 29930 234710 63163 110990 20742 65277 120535 9188 114175 27728 35435 30971 10499 17415 17048 64813 3435 34306 1405 624 30347 18020 16269 70593 5753 46177 49942 28883 10243 61579 52596 15643 11459 327 6331 2239 328 51 3915 1464 1386 1078 748 6328 2529 31160 33653 5514 24215 4940 229 12380 15338 367 8186 11689 3514 1540
internal_count=504070 410977 93093 176267 29930 234710 63163 110990 20742 65277 120535 9188 114175 27728 35435 30971 10499 17415 17048 64813 3435 34306 1405 624 30347 18020 16269 70593 5753 46177 49942 28883 10243 61579 52596 15643 11459 327 6331 2239 328 51 3915 1464 1386 1078 748 6328 2529 31160 33653 5514 24215 4940 229 12380 15338 367 8186 11689 3514 1540
cat_boundaries=0 1 2
cat_threshold=1 53
is_linear=0
shrinkage=0.05


Tree=12
num_leaves=63
num_cat=8
split_feature=3 3 3 3 3 3 3 3 3 3 1 3 3 3 3 3 3 7 3 3 3 3 3 3 3 3 3 3 3 3 3 18 13 17 3 17 7 1 1 10 0 4 7 3 10 7 7 7 15 0 18 7 7 10 15 7 0 1 7 17 7 1
split_gain=1.15527e+11 1.95163e+10 1.81534e+10 3.32847e+09 3.32388e+09 2.49947e+09 2.44141e+09 5.31418e+08 4.64603e+08 3.95156e+08 3.85295e+08 3.61039e+08 3.56338e+08 3.24261e+08 2.87239e+08 1.30756e+08 1.04197e+08 8.52716e+07 8.01131e+07 7.36845e+07 6.49914e+07 6.36805e+07 5.97743e+07 5.32752e+07 4.93172e+07 4.92786e+07 4.46078e+07 4.07861e+07 4.01118e+07 3.58261e+07 3.47165e+07 2.90579e+07 3.12909e+07 2.64421e+07 2.59072e+07 2.41243e+07 2.31217e+07 5.43041e+07 2.26981e+07 2.26315e+07 5.17578e+07 4.06491e+07 2.16829e+07 1.99305e+07 1.94096e+07 1.7798e+07 1.58437e+07 1.58238e+07 1.63292e+07 1.54064e+07 2.15751e+07 1.47112e+07 1.45938e+07 2.34458e+07 3.12881e+07 1.40884e+07 1.39957e+07 6.95994e+07 8.19832e+07 2.65722e+07 1.46769e+07 1.31088e+07
threshold=2130.7475790510211 1075.0008402419901 3600.0489955903977 1563.7862984081105 4628.4457362818657 2784.7630142627772 669.92943844199169 5470.869381340538 1318.9562571762679 1800.0057157622614 0 873.04174931663124 441.6771207761131 3158.1210901774289 2476.7546290360606 4260.878826384117 4981.5572559041984 2009.5000000000002 5833.4745046068419 4000.0000000000009 552.5150728603536 1208.7568891109356 1955.8899174777825 1442.7505144806125 978.61205663275348 764.60543672014285 3408.994814838808 315.00104024252516 2301.3822729599801 3008.6330320794664 1700.0197676540358 5.262857142856884 210.50000000000003 1.2050000000000003 4000.0000000000009 2467.6650000000004 2007.5000000000002 1 2 4.5000000000000009 3 671.42500000000007 2010.5000000000002 4371.0287820196727 1.0000000180025095e-35 2007.5000000000002 2017.5000000000002 2011.5000000000002 17.350000000000005 4 561.04214285714295 2006.5000000000002 2012.5000000000002 4.5000000000000009 20.650000000000002 2012.5000000000002 5 6 2007.5000000000002 69.615000000000009 2008.5000000000002 7
decision_type=2 2 2 2 2 2 2 2 2 2 1 2 2 2 2 2 2 2 2 2 2 2 2 2 2 2 2 2 2 2 2 2 2 2 2 2 2 1 1 2 9 2 2 2 2 2 2 2 2 9 2 2 2 2 2 2 9 1 2 2 2 1
left_child=1 6 5 8 10 14 12 16 21 30 15 25 27 29 28 34 52 33 -9 -19 -14 49 56 -10 -13 -8 45 -1 -2 -7 -5 -20 47 -12 55 44 37 -16 -38 43 41 -41 -18 -21 -35 -15 -44 48 -33 50 -3 -31 53 -6 -55 -4 57 58 -11 -60 -61 -24
right_child=2 3 4 9 7 13 11 18 23 22 17 24 20 26 36 -17 42 19 31 39 -22 -23 61 -25 -26 -27 -28 -29 -30 51 -32 32 -34 35 -36 -37 38 -39 -40 40 -42 -43 46 -45 -46 -47 -48 -49 -50 -51 -52 -53 -54 54 -56 -57 -58 -59 59 60 -62 -63
leaf_value=-32.589947806402684 19.79917167624588 -5.9666730081574606 63.538626037795964 4.2689342676579738 84.792580627726622 37.744938781735549 -20.428968552516402 109.70035174578803 -2.4951750912539454 8.2469082199524504 69.812237781948511 -14.912417529932064 -26.136405300658737 18.620139906956599 -4.3350745850298784 81.370359994761827 72.613377148396268 57.905037923652735 133.77386951019761 65.966615123009689 -23.108563097544945 -5.6197768037494127 17.407402114696541 0.84570668205841493 -11.907836879101037 -17.60286842419794 53.551496762156752 -29.274980674100266 24.040619767493713 10.941920353306665 7.6464856260864416 142.50372730297047 101.23155155748935 59.636710042538851 72.947224286738845 71.334926721324095 32.245879715991983 27.76426085093162 26.855672552221648 58.055694416591102 64.343368021791633 -6.0793159071604421 97.550231065005192 74.974978040962682 10.330574889530411 47.971021437302888 104.29222381337485 118.79896383407011 121.43762031883324 -9.0709728273161385 13.499479025283032 43.008476606759551 89.123397249096868 81.699083127108494 22.702314416985764 70.464729719510373 10.606634893042314 11.857494118826258 29.900202409641164 54.988435331980384 93.786943846482501 14.285642761587432
leaf_weight=13941 13209 932 1664 19879 535 9458 30709 1839 26498 107 36 27651 34039 52 156 4177 74 6655 581 2000 36973 25283 5967 21709 26987 30992 5887 27746 9644 36 12325 182 185 23 3481 23 10769 991 3439 42 540 60 2458 886 151 7669 1350 628 186 35152 168 5529 3099 55 38 1314 14767 2195 37 39 65 10808
leaf_count=13941 13209 932 1664 19879 535 9458 30709 1839 26498 107 36 27651 34039 52 156 4177 74 6655 581 2000 36973 25283 5967 21709 26987 30992 5887 27746 9644 36 12325 182 185 23 3481 23 10769 991 3439 42 540 60 2458 886 151 7669 1350 628 186 35152 168 5529 3099 55 38 1314 14767 2195 37 39 65 10808
internal_value=-0.00796802 -11.8492 48.3802 0.674762 79.1822 33.5126 -21.4692 101.176 -4.6663 9.53029 67.471 -16.3883 -26.7141 44.6822 25.1427 74.4066 93.6864 60.2596 117 61.0018 -24.5599 -7.54581 13.291 -0.99068 -13.4284 -19.0094 50.2731 -30.3836 21.5891 39.6179 5.56158 124.619 120.116 30.4099 70.0183 23.2095 30.4315 23.6028 30.9828 66.8434 58.3527 18.5141 99.4195 68.7322 16.8481 47.7733 99.9404 123.623 131.856 -8.88907 -2.96669 42.801 87.7149 80.7646 57.5929 66.5947 11.2208 14.8289 39.6489 66.2908 79.2375 15.415
internal_weight=504070 404969 99101 175931 32262 66839 229038 11210 109742 66189 21052 116339 112699 28631 38208 10636 7609 10416 3601 10183 71012 61535 33985 48207 54638 61701 13608 41687 22853 15023 32204 1762 1181 233 6459 197 15355 1147 14208 3528 642 102 3882 2886 174 7721 3808 996 368 36252 1100 5565 3727 628 93 2978 17210 2443 248 141 104 16775
internal_count=504070 404969 99101 175931 32262 66839 229038 11210 109742 66189 21052 116339 112699 28631 38208 10636 7609 10416 3601 10183 71012 61535 33985 48207 54638 61701 13608 41687 22853 15023 32204 1762 1181 233 6459 197 15355 1147 14208 3528 642 102 3882 2886 174 7721 3808 996 368 36252 1100 5565 3727 628 93 2978 17210 2443 248 141 104 16775
cat_boundaries=0 1 2 3 4 5 6 7 8
cat_threshold=1 16 53 65536 2113536 134299664 16 17
is_linear=0
shrinkage=0.05


Tree=13
num_leaves=63
num_cat=5
split_feature=20 20 3 3 3 20 20 3 20 3 3 3 3 20 3 3 3 20 3 3 3 1 20 20 20 10 3 20 20 20 3 3 10 20 3 3 0 3 3 3 10 19 3 1 20 3 3 0 20 0 19 20 10 10 10 13 3 20 20 10 20 19
split_gain=1.04517e+11 1.94129e+10 1.46379e+10 3.01391e+09 2.9058e+09 2.5929e+09 2.17771e+09 4.93612e+08 4.82918e+08 3.91151e+08 3.84342e+08 3.72177e+08 3.65016e+08 3.02614e+08 2.73194e+08 1.25037e+08 1.22769e+08 8.5071e+07 8.14597e+07 8.14195e+07 7.79218e+07 7.60568e+07 7.04142e+07 6.97447e+07 6.88018e+07 6.47546e+07 6.11117e+07 5.85248e+07 5.8335e+07 5.46738e+07 5.41639e+07 4.95311e+07 4.81889e+07 4.60163e+07 4.58e+07 4.50799e+07 3.89513e+07 3.89224e+07 3.68613e+07 3.68439e+07 3.4673e+07 4.30106e+07 2.62443e+07 2.68043e+07 3.60297e+07 3.02181e+07 2.45337e+07 2.38781e+07 2.36459e+07 2.23264e+07 2.22717e+07 2.12298e+07 2.02125e+07 2.19675e+07 2.01191e+07 3.27088e+07 1.98833e+07 1.98276e+07 1.80586e+07 1.7495e+07 1.71825e+07 1.57121e+07
threshold=2225.6247237495331 1146.440316283994 3828.1534090909095 1644.7595531177933 731.43679385873713 3007.6825888012204 4792.6836324509404 2550.1108647450114 506.92271202104411 1371.1691601496093 970.44808223224857 1939.9037800101239 5470.869381340538 4269.790630326007 3336.2827255565417 3600.0489955903977 1475.0031074236351 5846.5037224942653 2784.7630142627772 390.69393909008744 3267.977079231146 0 1525.0001183039942 843.48527206971778 1787.5803546659383 1.0000000180025095e-35 1671.4551326991498 1578.4560009048018 632.30538949871641 4383.0987632676979 1245.5867685002588 4981.5572559041984 5.5000000000000009 3600.0489955903977 2130.7475790510211 4500.0473101299594 1 4500.0473101299594 1067.11650683534 2336.9791367048933 3.5000000000000004 424.49050000000005 3158.1210901774289 2 3271.8972491814698 2626.6259354325598 2667.2795652755995 3 4000.0000000000009 4 71.27233333333335 1616.4279076017899 5.5000000000000009 4.5000000000000009 4.5000000000000009 154.50000000000003 3008.6330320794664 272.99152767543006 1411.7319189431262 3.5000000000000004 5229.0057692225555 25.280833333333337
decision_type=2 2 2 2 2 2 2 2 2 2 2 2 2 2 2 2 2 2 2 2 2 1 2 2 2 2 2 2 2 2 2 2 2 2 2 2 9 2 2 2 2 2 2 1 2 2 2 9 2 9 2 2 2 2 2 2 2 2 2 2 2 2
left_child=1 4 5 9 8 7 13 26 19 30 23 24 31 21 16 27 -7 -14 -9 57 38 35 -11 -6 -5 -17 47 36 -10 42 51 -8 -31 -16 -29 48 -13 -15 -12 -28 -23 -42 43 44 -18 -45 -36 -2 -4 -48 -27 -3 53 -46 -43 -56 -20 -1 -32 -58 -33 -19
right_child=2 3 6 11 10 14 12 18 28 22 20 15 17 37 33 25 29 61 56 -21 -22 40 -24 -25 -26 50 39 34 -30 32 58 60 -34 -35 46 -37 -38 -39 -40 -41 41 54 -44 45 52 -47 49 -49 -50 -51 -52 -53 -54 -55 55 -57 59 -59 -60 -61 -62 -63
leaf_value=-32.096274359856913 17.528451462491354 -7.2987211166526791 62.661167603643129 5.5857695243968761 -17.900391254155913 -1.4095488342584348 86.009201010852109 30.037405248054895 -23.192071488281609 -0.83095863564465822 -12.003555433532629 -6.7737324591815344 105.44890575036526 73.584417914862442 50.694521310862463 65.161605602199742 40.889592045227189 127.60088190960765 35.006106521679406 -26.196075955225464 65.141726729449104 59.626202834237965 3.176041050473664 -14.629457558799869 10.088354675008073 45.757498362752585 20.43800136390648 13.934124472949842 -20.338690800204077 51.398681839469646 -4.4239957572412854 91.957138641289703 91.61666692715248 56.833593991639468 17.398544717410491 82.797001333531185 10.674671602130159 80.975487361323758 -9.3221540405410135 24.859194245018017 55.011936977150896 43.287565086733913 45.945578834642433 24.887978760668865 49.323931832513324 38.884859398798397 12.278762057222226 0.08636948986461869 68.580612874731187 30.352392562985752 16.036410291327371 -0.21777381032407553 59.634806987967515 30.842369014016853 -15.707719035858805 36.271650457382201 42.801952937445172 -29.063193619656097 -0.71504622973883825 34.644729108930463 98.954879066609507 117.24138642654663
leaf_weight=7364 365 27443 3047 17562 33411 153 2190 9952 36714 28202 24092 449 1895 3563 6786 177 4156 599 7010 33190 34 1690 17937 31816 16414 97 9546 15896 34977 269 22719 1690 103 5548 9635 421 1067 3562 27387 9306 672 186 4929 520 1077 1492 286 422 3780 716 180 1101 386 189 47 85 1872 20082 3836 1013 1824 941
leaf_count=7364 365 27443 3047 17562 33411 153 2190 9952 36714 28202 24092 449 1895 3563 6786 177 4156 599 7010 33190 34 1690 17937 31816 16414 97 9546 15896 34977 269 22719 1690 103 5548 9635 421 1067 3562 27387 9306 672 186 4929 520 1077 1492 286 422 3780 716 180 1101 386 189 47 85 1872 20082 3836 1013 1824 941
internal_value=-0.00737918 -10.7142 48.4074 2.65995 -19.5052 35.7068 79.9715 27.6705 -24.5778 -2.66951 -13.7554 11.2956 99.6656 69.4171 48.0984 15.5088 43.1202 112.542 33.2315 -27.8622 -10.5271 63.7745 0.726803 -16.3049 7.76099 41.5388 22.0506 15.0875 -21.7999 43.6395 -5.51353 91.9112 62.5343 53.456 15.6334 66.8257 5.53264 77.2794 -10.577 22.6205 55.0679 47.8428 43.0882 41.2871 43.2979 35.093 18.1729 8.39959 65.9387 25.6191 26.4442 -7.02559 49.6187 46.5648 32.6928 17.7638 36.444 -29.877 -3.88822 39.9377 95.5894 121.271
internal_weight=504070 412784 91286 163717 249067 65094 26192 39486 132327 101238 116740 62479 9139 17053 25608 28503 13274 3435 19847 60636 51513 9928 46139 65227 33976 454 19639 28049 71691 13121 55099 5704 372 12334 26533 7248 1516 7125 51479 18852 2680 990 12749 7820 5808 2012 10637 787 6827 1002 277 28544 1652 1266 318 132 9895 27446 26555 2885 3514 1540
internal_count=504070 412784 91286 163717 249067 65094 26192 39486 132327 101238 116740 62479 9139 17053 25608 28503 13274 3435 19847 60636 51513 9928 46139 65227 33976 454 19639 28049 71691 13121 55099 5704 372 12334 26533 7248 1516 7125 51479 18852 2680 990 12749 7820 5808 2012 10637 787 6827 1002 277 28544 1652 1266 318 132 9895 27446 26555 2885 3514 1540
cat_boundaries=0 1 2 3 4 5
cat_threshold=37 1109673472 49 805417218 1103888
is_linear=0
shrinkage=0.05


Tree=14
num_leaves=63
num_cat=9
split_feature=3 3 3 3 3 3 3 3 3 3 3 3 3 3 3 1 1 3 11 7 3 3 3 3 3 3 3 4 11 0 7 3 3 3 3 3 3 19 13 7 7 18 3 3 7 7 18 19 7 1 7 3 1 0 18 4 1 4 11 17 1 0
split_gain=9.41284e+10 1.74565e+10 1.315e+10 2.66979e+09 2.60569e+09 2.24351e+09 1.99192e+09 4.33305e+08 3.91825e+08 3.65462e+08 3.22196e+08 3.034e+08 2.75524e+08 2.63848e+08 2.1274e+08 1.05336e+08 8.552e+07 7.45579e+07 6.85384e+07 8.15914e+07 5.68095e+07 5.15583e+07 5.11682e+07 4.93759e+07 4.91177e+07 4.71409e+07 4.38616e+07 4.14253e+07 6.09522e+07 6.21352e+07 3.66995e+07 3.64278e+07 3.57248e+07 3.13883e+07 3.09927e+07 3.00498e+07 2.86221e+07 2.83871e+07 2.7484e+07 2.23421e+07 1.89786e+07 2.01785e+07 1.7238e+07 1.698e+07 1.67677e+07 1.64142e+07 1.58817e+07 1.5767e+07 1.5302e+07 3.9288e+07 1.36423e+07 1.34472e+07 1.23463e+07 1.22528e+07 2.22667e+07 1.57378e+07 1.152e+07 1.87676e+07 4.71606e+07 1.14852e+07 1.14401e+07 3.32128e+07
threshold=2226.4494685553996 1145.2345080786401 3828.1534090909095 1656.6609783845281 731.43679385873713 2920.4711966842933 4981.5572559041984 506.77604356463695 1380.2919187605287 4371.0287820196727 962.39280235319234 3336.2827255565417 1939.9037800101239 2506.6491761407019 5833.4745046068419 0 1 380.51373084431367 1.0000000180025095e-35 2012.5000000000002 1525.0002183693621 844.1812976276276 620.85247271755748 1260.4066711619555 2746.2840768770461 1800.0057157622614 5224.9642948227502 553.86000000000013 1.0000000180025095e-35 2 2012.5000000000002 3104.7188819842099 3530.0651334834361 4086.4962359785382 2066.3076879164314 1046.4716838378274 4628.4457362818657 5.2833333333333492 225.50000000000003 2008.5000000000002 2013.5000000000002 697.74000000000012 2336.9791367048933 257.34282873925321 2011.5000000000002 2007.5000000000002 355.57214285714286 840.52066666666678 2007.5000000000002 3 2018.5000000000002 5470.869381340538 4 5 561.04214285714295 408.02000000000004 6 577.8900000000001 1.0000000180025095e-35 441.33500000000009 7 8
decision_type=2 2 2 2 2 2 2 2 2 2 2 2 2 2 2 1 1 2 2 2 2 2 2 2 2 2 2 2 2 9 2 2 2 2 2 2 2 2 2 2 2 2 2 2 2 2 2 2 2 1 2 2 1 9 2 2 1 2 2 2 1 9
left_child=1 4 5 8 7 13 9 17 23 15 21 31 25 42 26 33 36 43 -18 -20 -10 -6 -9 53 48 -5 -8 -17 29 59 -30 52 -13 -4 60 -12 -11 -16 44 46 41 -31 -2 -1 47 -26 -33 -39 49 -15 -46 -28 -7 54 -3 -56 -34 -58 -59 -29 61 -14
right_child=2 3 6 12 10 11 14 22 20 16 35 32 34 24 37 27 18 -19 19 -21 -22 -23 -24 -25 45 -27 51 28 30 40 -32 39 56 -35 -36 -37 -38 38 -40 -41 -42 -43 -44 -45 50 -47 -48 -49 -50 -51 -52 -53 -54 -55 55 -57 57 58 -60 -61 -62 -63
leaf_value=-30.691308071029681 19.221962004839224 -5.8231146443552442 61.167173908141017 6.1858895643594822 -16.743447656314835 38.075925490858545 86.666273513799766 -22.018211636937654 -0.49876184100577459 74.84560607110933 -11.378045801832458 46.715301070469799 36.438849017803484 -5.5406129299249862 121.65340251527303 55.538833720335951 66.155389910881397 -24.870362365978295 -24.943060230678981 52.001494779392175 2.9916195326002271 -13.931831180130789 -19.341640326516902 -3.7271982566659818 18.522414828658103 9.9371118231969149 92.948652060677148 5.0056406444432788 -26.257788679127891 22.711777157253692 35.571562687555954 36.454051608775487 54.499027781256963 67.248017311591781 16.406434577087296 -8.9312325449680259 81.551554901301131 140.49565649165046 87.255693709030211 42.206466541509556 45.058323910506836 68.016190555321913 22.416084600746107 -27.692092525014079 96.76593439628067 33.037951580274076 7.4526425460716359 114.40668823139089 28.00163087046985 25.256860328658789 111.56858580767697 98.935697764219839 30.827337251457905 -6.8944045016820672 22.558913871645927 -3.1112573310440665 50.254056131668015 46.057017732776686 9.8135712470823133 37.387630020944698 12.154075681543338 14.371136137255739
leaf_weight=6144 7554 630 4077 18497 33351 6016 1968 35197 28502 3112 23140 5782 185 123 579 2041 1193 34934 45 147 19726 31902 36242 27556 200 15305 1914 98 48 27 48 122 4560 4426 13285 27414 3256 72 139 7508 238 274 9582 20349 243 7429 77 296 10726 727 433 1839 1340 27154 144 102 2360 698 103 38 10336 2517
leaf_count=6144 7554 630 4077 18497 33351 6016 1968 35197 28502 3112 23140 5782 185 123 579 2041 1193 34934 45 147 19726 31902 36242 27556 200 15305 1914 98 48 27 48 122 4560 4426 13285 27414 3256 72 139 7508 238 274 9582 20349 243 7429 77 296 10726 727 433 1839 1340 27154 144 102 2360 698 103 38 10336 2517
internal_value=-0.00694663 -10.1794 45.8859 2.48695 -18.5297 33.7599 75.5292 -23.3081 -2.36892 66.9499 -13.0475 44.2448 10.8713 25.5183 97.3907 61.2201 75.3123 -26.3873 61.251 33.9676 0.928858 -15.3689 -20.6603 -5.23016 29.5426 7.88438 92.7121 51.6253 41.935 47.2368 4.65689 39.366 49.6872 64.2568 14.7068 -10.0512 78.1517 112.582 108.142 41.7682 54.5966 63.9523 21.008 -28.3876 110.923 32.6574 25.2324 119.511 27.4899 21.0322 106.248 95.8824 36.8492 -6.70771 -0.83231 11.9152 51.9128 47.8581 41.3965 13.091 12.975 16.0109
internal_weight=504070 412612 91458 163939 248673 64907 26551 132866 103814 19068 115807 28566 60125 36341 7483 11315 7753 61427 1385 192 48228 65253 71439 55586 19205 33802 5721 2812 771 675 96 15063 13503 8503 26323 50554 6368 1762 1183 7707 539 301 17136 26493 1044 7629 199 368 11576 850 676 3753 7356 28030 876 246 7721 3161 801 136 13038 2702
internal_count=504070 412612 91458 163939 248673 64907 26551 132866 103814 19068 115807 28566 60125 36341 7483 11315 7753 61427 1385 192 48228 65253 71439 55586 19205 33802 5721 2812 771 675 96 15063 13503 8503 26323 50554 6368 1762 1183 7707 539 301 17136 26493 1044 7629 199 368 11576 850 676 3753 7356 28030 876 246 7721 3161 801 136 13038 2702
cat_boundaries=0 1 2 3 4 5 6 7 8 9
cat_threshold=37 33 16384 16 53 16384 37 16 81920
is_linear=0
shrinkage=0.05


Tree=15
num_leaves=63
num_cat=4
split_feature=20 20 3 3 20 20 20 3 20 3 3 20 20 3 20 3 3 20 3 3 3 0 20 3 20 20 3 3 3 3 3 3 4 19 3 3 0 3 20 3 3 3 3 4 20 0 4 3 16 19 18 20 7 11 3 0 18 3 20 3 3 20
split_gain=8.51932e+10 1.58008e+10 1.17771e+10 2.449e+09 2.34514e+09 2.11928e+09 1.78897e+09 3.82552e+08 3.66662e+08 3.39966e+08 3.24132e+08 2.90864e+08 2.62026e+08 2.59642e+08 2.58124e+08 1.06392e+08 8.15994e+07 7.75328e+07 7.43386e+07 7.37137e+07 7.25671e+07 6.65035e+07 5.52568e+07 4.8114e+07 4.78486e+07 4.42316e+07 4.40416e+07 4.33937e+07 4.29089e+07 4.17902e+07 4.04093e+07 3.9951e+07 3.94145e+07 3.92435e+07 3.88818e+07 3.66141e+07 3.36034e+07 5.21162e+07 4.73615e+07 3.16501e+07 3.04668e+07 2.69541e+07 2.50767e+07 2.18848e+07 2.13386e+07 2.93886e+07 2.13295e+07 2.07262e+07 2.06005e+07 2.09894e+07 2.03537e+07 1.97912e+07 1.92415e+07 1.90483e+07 2.47378e+07 1.88126e+07 2.91785e+07 1.86063e+07 1.81235e+07 1.76678e+07 1.57896e+07 1.51808e+07
threshold=2225.6247237495331 1146.440316283994 3828.1534090909095 1671.4551326991498 725.72475093427613 2980.0949553835444 4792.6836324509404 520.24459711581551 1411.7319189431262 2550.1108647450114 940.00943429190409 5469.7708618331062 1919.6241036627098 3267.977079231146 4269.790630326007 1431.2509292975271 5833.4745046068419 409.83696121859504 2746.2840768770461 1280.0029377203293 3530.0651334834361 0 3535.4039992962066 2784.7630142627772 1600.0190615835779 4501.1082227991183 1051.379113695283 2279.1554194469331 2372.6448168027196 1820.0042775665404 806.84342824191629 5224.9642948227502 590.73000000000013 1266.9316666666671 645.37100592609511 2045.1531147001931 1 2506.6491761407019 3489.0433262110359 4000.0000000000009 4628.4457362818657 1550.0234741784041 3267.977079231146 186.50500000000002 1487.4744450395804 2 85.515000000000029 1451.2915832618437 0.15000000000000005 1109.3031666666668 1367.5792857142858 272.99152767543006 2012.5000000000002 1.0000000180025095e-35 4500.0473101299594 3 1024.7514285714299 3600.0489955903977 3749.3432519861094 4628.4457362818657 1769.8694283200996 4000.0000000000009
decision_type=2 2 2 2 2 2 2 2 2 2 2 2 2 2 2 2 2 2 2 2 2 9 2 2 2 2 2 2 2 2 2 2 2 2 2 2 9 2 2 2 2 2 2 2 2 9 2 2 2 2 2 2 2 2 2 9 2 2 2 2 2 2
left_child=1 4 5 8 7 9 14 17 19 28 30 31 20 15 21 -7 -13 51 35 55 29 32 -15 -11 47 36 -12 34 41 -5 -6 59 46 60 -9 -14 38 -38 -17 -23 -16 -2 -28 -40 45 -31 -4 -10 49 -22 -20 -1 -34 54 -41 56 -3 -52 -55 -8 -27 -24
right_child=2 3 6 12 10 13 11 27 24 23 26 16 18 22 40 25 -18 -19 50 -21 48 39 61 -25 -26 33 42 -29 -30 44 -32 -33 52 -35 -36 -37 37 -39 43 53 -42 -43 -44 -45 -46 -47 -48 -49 -50 -51 57 -53 -54 58 -56 -57 -58 -59 -60 -61 -62 -63
leaf_value=-28.91781914791796 7.009917820094981 -2.8316408582061001 41.832484373816087 5.484732316555335 -16.418048897615456 -5.2765005257112767 70.699221334094474 -20.70353577731597 -1.5429556216600429 27.166611899147149 -11.238530478798381 94.380406464088907 11.794883084327971 44.495815253070241 67.758014137880764 38.456841482020536 109.58345309154359 -23.218901415793542 25.47257464298794 -2.8935345600016067 28.200074157714848 55.00897429829751 49.906300636758587 32.32377312132337 3.6566095761876873 11.665253697672199 -8.4974731693192727 47.647343055407212 22.916777240008546 -7.9929568191083504 -13.825737436785616 88.666348987334146 5.2856097676198601 83.425476179700922 -18.285468616308801 15.544217702034217 20.903538191109138 36.163713384480282 53.448684361230498 61.320329315844425 74.987227004254237 18.636181922575162 43.731214647707731 39.456781757396207 9.6847682074333505 7.8000758323182247 57.770334002252163 1.1630675955242757 19.343326248369721 70.63133185602004 30.622596254637063 -26.008075026985768 39.630553770692728 37.589964254697165 72.73235047079595 -6.5870514075468636 22.903644055317319 64.558658965428677 57.670882930645362 81.064307259618204 51.003323974874291 56.889127352538416
leaf_weight=7649 522 875 554 15962 28315 141 473 36327 11395 9756 27242 1998 12498 6860 5054 7327 1581 31769 555 29250 55 3206 6303 8431 14231 31 29781 24 7756 407 32048 1898 88 99 30652 13594 669 3418 860 4047 2048 11084 23 414 14416 1003 338 18670 95 62 92 24763 76 126 538 30873 126 72 1038 3143 144 888
leaf_count=7649 522 875 554 15962 28315 141 473 36327 11395 9756 27242 1998 12498 6860 5054 7327 1581 31769 555 29250 55 3206 6303 8431 14231 31 29781 24 7756 407 32048 1898 88 99 30652 13594 669 3418 860 4047 2048 11084 23 414 14416 1003 338 18670 95 62 92 24763 76 126 538 30873 126 72 1038 3143 144 888
internal_value=-0.0211151 -9.67036 43.7968 2.36457 -17.6211 32.3436 72.0747 -22.2155 -2.19584 24.6484 -12.4878 89.9965 10.5392 42.9847 62.552 37.9217 101.096 -24.9742 14.1853 -4.7061 7.48435 57.3798 47.7061 29.5573 1.26805 38.3916 -9.78539 -19.5729 20.0375 7.2899 -15.0417 82.7919 43.3195 58.2672 -19.5969 13.7483 37.9623 33.5836 39.9575 58.9237 69.8427 18.1133 -8.45717 48.9019 9.11058 3.24001 47.8717 0.137452 36.6404 50.685 30.0456 -26.6948 21.2016 61.2093 62.6594 -6.36945 0.403732 45.5214 55.4972 79.7085 44.0349 50.7686
internal_weight=503733 412824 90909 164231 248593 64703 26206 131184 105420 37549 117409 9093 58811 27154 17113 13103 3579 64181 26811 61124 32000 10011 14051 18187 44296 12962 57046 67003 19362 31788 60363 5514 1056 274 66979 26092 12688 4087 8601 8955 7102 11606 29804 1274 15826 1410 892 30065 212 117 719 32412 164 5749 4585 31874 1001 164 1164 3616 175 7191
internal_count=503733 412824 90909 164231 248593 64703 26206 131184 105420 37549 117409 9093 58811 27154 17113 13103 3579 64181 26811 61124 32000 10011 14051 18187 44296 12962 57046 67003 19362 31788 60363 5514 1056 274 66979 26092 12688 4087 8601 8955 7102 11606 29804 1274 15826 1410 892 30065 212 117 719 32412 164 5749 4585 31874 1001 164 1164 3616 175 7191
cat_boundaries=0 1 2 3 4
cat_threshold=2686730328 1527751490 1612988928 2113536
is_linear=0
shrinkage=0.05


Tree=16
num_leaves=63
num_cat=4
split_feature=20 20 3 20 20 3 20 3 3 20 3 3 3 3 3 3 3 3 20 20 3 20 10 20 3 3 20 20 20 20 3 20 1 10 4 20 10 3 3 0 10 3 3 20 10 20 7 1 3 7 20 10 20 0 19 17 7 20 19 3 3 7
split_gain=7.68948e+10 1.29345e+10 1.20062e+10 2.16016e+09 1.96376e+09 1.92031e+09 1.79406e+09 3.69316e+08 3.21699e+08 3.08741e+08 2.86161e+08 2.81862e+08 2.54425e+08 2.51507e+08 2.00867e+08 9.40924e+07 8.96426e+07 7.72267e+07 6.44435e+07 5.98564e+07 5.91145e+07 5.31258e+07 5.22408e+07 5.57604e+07 4.60644e+07 4.55713e+07 4.46178e+07 4.37205e+07 4.12478e+07 4.07859e+07 4.02838e+07 3.96117e+07 3.94058e+07 3.89047e+07 5.84649e+07 3.85734e+07 3.70273e+07 3.41306e+07 3.35656e+07 3.12846e+07 3.02823e+07 2.89824e+07 2.83744e+07 2.80259e+07 2.44485e+07 2.37424e+07 2.24345e+07 2.13407e+07 2.55199e+07 2.4097e+07 2.2775e+07 2.32506e+07 2.11929e+07 2.06985e+07 5.88577e+07 2.8531e+07 2.28239e+07 2.06213e+07 1.73695e+07 1.72032e+07 1.71901e+07 1.67955e+07
threshold=2130.6647743826111 1123.1151075353669 3600.0489955903977 4633.3644804982769 696.30040352887875 1593.1157772210506 2818.4868421052638 5470.869381340538 907.69717848350126 4000.0000000000009 2439.0652173913049 480.2016834457396 1346.2958776224261 1871.1319950904133 3207.3745910625325 1431.2509292975271 3530.0651334834361 4981.5572559041984 5846.5037224942653 3065.361988127981 4260.878826384117 1750.0183598531216 5.5000000000000009 4182.4898543004738 1015.0340377052252 2279.1554194469331 340.0090061786575 1487.4744450395804 566.92012912765767 1250.7979724006766 778.39838528578309 1593.583093678832 0 4.5000000000000009 616.5200000000001 3676.7253487126823 1.0000000180025095e-35 2667.2795652755995 1955.8899174777825 1 5.5000000000000009 2045.1531147001931 2667.2795652755995 3415.5617713651791 3.5000000000000004 2818.4868421052638 2010.5000000000002 2 2506.6491761407019 2008.5000000000002 3676.7253487126823 4.5000000000000009 2335.445547633391 3 467.4206666666667 199.80500000000004 2008.5000000000002 5229.0057692225555 622.81283333333351 4500.0473101299594 2702.1792559104724 2012.5000000000002
decision_type=2 2 2 2 2 2 2 2 2 2 2 2 2 2 2 2 2 2 2 2 2 2 2 2 2 2 2 2 2 2 2 2 1 2 2 2 2 2 2 9 2 2 2 2 2 2 2 1 2 2 2 2 2 9 2 2 2 2 2 2 2 2
left_child=1 4 6 9 11 12 10 17 30 35 38 26 29 21 15 -8 31 32 -9 60 -11 -7 47 -24 -10 28 -1 -14 -13 -3 -6 39 57 -34 -35 44 -18 -12 40 -15 -2 53 -26 -16 59 -46 -38 49 -49 58 -51 -52 -40 54 -33 -56 -57 -5 -21 -4 -17 -22
right_child=2 5 3 7 8 13 14 18 24 20 37 25 27 16 43 19 36 -19 -20 22 61 -23 23 -25 42 -27 -28 -29 -30 -31 -32 41 33 34 -36 -37 46 -39 52 -41 -42 -43 -44 -45 45 -47 -48 48 -50 50 51 -53 -54 -55 55 56 -58 -59 -60 -61 -62 -63
leaf_value=-26.365732432428281 8.9848897102681899 -6.5959964517613532 47.296632297662235 73.584500784950066 -16.309723560022036 3.599210422941534 -3.203679636667466 90.197479196932321 -11.4311237366102 57.529742756761188 23.23707880071089 -20.84767493499351 -1.5050878695990741 -6.6611236333118686 40.090633480360296 26.189908918467388 53.612032678260562 81.865322489644655 103.91638798880238 32.636040803548454 60.248579238539122 7.6611690338686831 43.266119974518205 77.804069266897272 -8.6681233856597171 52.535997754877272 -23.252557648123435 1.6998205911018336 -18.376376361047488 -3.883067513536917 -13.787884940334468 14.080277242080653 61.650551394092219 55.11339101518903 -23.296418009863959 51.750422729015568 4.9924835607843496 27.596327249092447 16.282173399505481 7.928871747749227 22.669826089514334 13.735520756549235 26.639597016050107 45.187555687099113 21.494341903135478 42.450701829218396 36.025994045698823 18.84170666820253 33.251095142705104 37.157873621554295 51.776784196167434 26.170764483803904 19.792625753574402 9.8636713230085498 8.1363867759704593 37.639135373722425 102.63068756648472 88.108541375353823 4.6841351547100576 63.825086289378149 32.330001106658209 66.645429358733765
leaf_weight=17408 2166 29042 2502 3008 29840 20560 169 1918 25613 5024 9260 29594 26584 481 5323 1361 161 3609 1546 148 1369 13229 1019 132 33059 22 33964 17744 39316 26491 33742 958 533 70 36 6208 103 8717 12012 1478 497 10671 57 5467 151 1288 134 391 1435 4259 517 107 6696 14830 20 22 35 266 89 168 7017 4097
leaf_count=17408 2166 29042 2502 3008 29840 20560 169 1918 25613 5024 9260 29594 26584 481 5323 1361 161 3609 1546 148 1369 13229 1019 132 33059 22 33964 17744 39316 26491 33742 958 533 70 36 6208 103 8717 12012 1478 497 10671 57 5467 151 1288 134 391 1435 4259 517 107 6696 14830 20 22 35 266 89 168 7017 4097
internal_value=-0.0200661 -9.6559 39.5847 64.8749 -16.9683 1.2587 27.5447 82.8112 -12.507 55.4046 20.7018 -21.504 -3.047 8.11829 37.3594 33.9146 11.5433 76.59 96.3203 34.2954 61.4448 5.18954 37.361 47.227 -9.83886 -19.4147 -24.3075 -0.222199 -19.4377 -5.30184 -14.9714 11.2142 71.7245 55.2835 28.4836 49.2631 35.1087 25.3509 16.791 4.35301 11.5389 11.7207 -8.60735 42.6731 45.5052 40.2517 22.5389 35.7261 30.0013 37.6357 38.4649 47.386 17.5386 10.3655 17.2936 59.5177 77.5462 74.5369 22.1393 48.3366 31.3325 65.0433
internal_weight=503733 405158 98575 31793 242615 162543 66782 10986 122311 20807 39348 120304 99861 62682 27434 16644 28893 7522 3464 16475 10490 33789 8097 1151 58729 68932 51372 44328 68910 55533 63582 28495 3913 639 106 10317 398 17977 21371 1959 2663 26536 33116 10790 4109 1439 237 6946 1826 5120 4883 624 18708 15865 1035 77 57 3274 237 2670 8378 5466
internal_count=503733 405158 98575 31793 242615 162543 66782 10986 122311 20807 39348 120304 99861 62682 27434 16644 28893 7522 3464 16475 10490 33789 8097 1151 58729 68932 51372 44328 68910 55533 63582 28495 3913 639 106 10317 398 17977 21371 1959 2663 26536 33116 10790 4109 1439 237 6946 1826 5120 4883 624 18708 15865 1035 77 57 3274 237 2670 8378 5466
cat_boundaries=0 1 2 3 4
cat_threshold=1 1109541376 49 8405008
is_linear=0
shrinkage=0.05


Tree=17
num_leaves=63
num_cat=7
split_feature=3 3 3 3 3 3 3 3 3 3 3 3 1 3 3 3 3 0 4 3 3 3 1 10 3 4 4 3 3 10 4 3 3 3 3 3 3 10 14 10 3 18 3 4 0 1 4 17 3 15 12 4 17 18 4 13 4 1 3 18 0 17
split_gain=6.90768e+10 1.22451e+10 1.02338e+10 2.17868e+09 1.81407e+09 1.50909e+09 1.48535e+09 3.1115e+08 2.85076e+08 2.67495e+08 2.28047e+08 2.17977e+08 2.14414e+08 2.02968e+08 1.78479e+08 9.37166e+07 7.30457e+07 5.28147e+07 5.52844e+07 4.59546e+07 4.36568e+07 3.7564e+07 3.45695e+07 1.2817e+08 3.4309e+07 3.32185e+07 3.17862e+07 2.94202e+07 2.83763e+07 2.83722e+07 3.92654e+07 3.10972e+07 2.8149e+07 2.43793e+07 2.41023e+07 2.39006e+07 2.33542e+07 2.30183e+07 2.04322e+07 1.78537e+07 1.73254e+07 1.69159e+07 1.51204e+07 1.49116e+07 1.48715e+07 6.08806e+07 6.56543e+07 4.08323e+07 1.47166e+07 1.45741e+07 1.42386e+07 1.34895e+07 1.30822e+07 1.3785e+07 1.27413e+07 1.21958e+07 1.10323e+07 1.09265e+07 1.00566e+07 9.87663e+06 9.77779e+06 3.3751e+07
threshold=2187.5862658914652 1082.3079006351093 3675.9158203319507 1577.7277639242122 4628.4457362818657 676.25635653586289 2819.4827892043118 5224.9642948227502 1326.9312353299549 1838.1755981244985 433.47280767845933 880.11023382933502 0 3207.3745910625325 2506.6491761407019 5833.4745046068419 4172.1826972747822 1 577.8900000000001 559.69545298424077 1199.9868236120874 2023.7699460511092 2 4.5000000000000009 1462.9129980433106 15.005000000000001 616.5200000000001 1718.4084893054981 993.90738378684819 4.5000000000000009 657.0100000000001 4172.1826972747822 785.97376589613498 3408.994814838808 2301.3822729599801 3008.6330320794664 293.57832553676388 3.5000000000000004 25.650000000000002 5.5000000000000009 4086.4962359785382 958.34571428571428 2702.1792559104724 2382.1550000000002 3 4 170.37000000000003 199.80500000000004 4981.5572559041984 18.550000000000004 3.5000000000000004 1.0050000000000001 0.90500000000000014 5.262857142856884 58.515000000000008 225.50000000000003 1115.3500000000001 5 4371.0287820196727 11.692857142857143 6 741.78500000000008
decision_type=2 2 2 2 2 2 2 2 2 2 2 2 1 2 2 2 2 9 2 2 2 2 1 2 2 2 2 2 2 2 2 2 2 2 2 2 2 2 2 2 2 2 2 2 9 1 2 2 2 2 2 2 2 2 2 2 2 1 2 2 9 2
left_child=1 5 6 8 12 10 14 22 20 27 36 32 16 35 34 -9 54 18 25 -12 -3 44 23 43 60 -14 -25 -5 -13 31 -31 -19 -7 -15 -2 57 -1 41 50 40 -32 56 -16 49 45 46 47 -11 -24 -6 -17 -18 -40 -54 -4 -55 -20 -8 -53 -47 61 -10
right_child=2 3 4 9 7 11 13 15 24 21 19 28 17 33 42 38 51 29 37 -21 -22 -23 48 26 -26 -27 -28 -29 -30 30 39 -33 -34 -35 -36 -37 -38 -39 52 -41 -42 -43 -44 -45 -46 59 -48 -49 -50 -51 -52 58 53 55 -56 -57 -58 -59 -60 -61 -62 -63
leaf_value=-25.785980549670644 15.595348143936219 -7.0362278998192469 58.721050815473703 3.5525258379857441 67.875708255646344 -15.522217176674491 30.901549772783895 82.391461802242176 0.23076113598848466 25.639275496656246 -20.234951171373648 -11.283546037964634 36.381915203508072 37.700503087426902 23.322586113587022 148.32221038818361 77.838274897822629 49.023352473135127 31.437620130538946 -17.759344099614047 -4.3793265780360251 13.155703503876715 69.933195642589027 32.874423853556316 1.0358239250858876 49.417291021275929 -39.910927562713624 6.5340498308924744 -8.9936969010845829 48.116297382351604 33.204568774124674 57.646955536648889 -13.367734163934911 42.001177327781505 18.996982096374612 33.71787065260694 -22.992792127221705 16.485894257690127 69.597936736212844 51.915480277321564 4.88075264279205 41.813198416746118 26.563190655479008 74.506969380098241 9.1619217230626049 18.105180790058522 10.648793705781301 76.209822499870072 75.563136196553842 47.477469572876444 104.83181470912825 59.430437642082637 103.44937983405663 93.817356068732337 52.5354966835203 77.037240723090449 3.3918526949705901 24.925944279951313 63.838698395980671 9.4146830725983897 -1.8597984562022383 31.129940681359205
leaf_weight=10031 9523 30662 1054 19849 157 34494 5969 3769 994 66 37818 29489 769 5756 9401 20 135 3264 100 37171 31187 13163 3180 24 19694 1341 40 14188 24999 912 116 1538 27049 7708 11491 7419 29467 253 54 55 101 316 5833 170 17756 378 150 101 1828 198 319 2377 338 905 3962 123 54 1584 2839 2420 27515 97
leaf_count=10031 9523 30662 1054 19849 157 34494 5969 3769 994 66 37818 29489 769 5756 9401 20 135 3264 100 37171 31187 13163 3180 24 19694 1341 40 14188 24999 912 116 1538 27049 7708 11491 7419 29467 253 54 55 101 316 5833 170 17756 378 150 101 1828 198 319 2377 338 905 3962 123 54 1584 2839 2420 27515 97
internal_value=-0.0190518 -8.94519 38.3877 0.897245 62.3615 -16.5547 27.1536 78.425 -3.44865 7.92955 -20.6274 -12.5361 53.0471 35.7081 20.4427 86.8389 58.1141 46.9716 40.4351 -19.0078 -5.6965 11.064 70.1148 53.2817 -0.570237 44.6665 -12.6164 4.79535 -10.233 49.9926 43.1437 51.7853 -14.5753 40.1626 17.4554 31.7022 -23.7022 28.6457 96.3685 26.4707 20.0216 35.1913 24.5634 62.3299 9.74485 12.9965 33.5985 56.2239 71.8448 56.4987 107.398 62.2337 93.7355 94.6897 53.8353 91.8096 21.6034 29.7223 61.8298 10.551 -1.67594 2.95094
internal_weight=503733 408738 94995 178220 30311 230518 64684 11125 110149 68071 114487 116031 19186 28436 36248 5528 10367 8819 2833 74989 61849 34034 5597 589 48300 2110 64 34037 54488 5986 1184 4802 61543 13464 21014 14972 39498 723 1759 272 217 470 15234 525 20871 3115 317 167 5008 355 339 5351 1420 1366 5016 1028 154 7553 5216 2798 28606 1091
internal_count=503733 408738 94995 178220 30311 230518 64684 11125 110149 68071 114487 116031 19186 28436 36248 5528 10367 8819 2833 74989 61849 34034 5597 589 48300 2110 64 34037 54488 5986 1184 4802 61543 13464 21014 14972 39498 723 1759 272 217 470 15234 525 20871 3115 317 167 5008 355 339 5351 1420 1366 5016 1028 154 7553 5216 2798 28606 1091
cat_boundaries=0 1 2 3 4 5 6 7
cat_threshold=1 2685165688 208 142688272 16 53 278528
is_linear=0
shrinkage=0.05


Tree=18
num_leaves=63
num_cat=4
split_feature=3 3 3 3 3 3 3 3 3 3 3 3 3 3 3 3 0 4 3 3 3 3 3 3 3 3 3 7 3 19 3 7 11 7 0 3 3 7 7 18 18 7 11 13 7 4 0 4 18 7 19 3 19 7 15 7 4 19 7 4 17 0
split_gain=6.23426e+10 1.10532e+10 9.2358e+09 1.76113e+09 1.6372e+09 1.56188e+09 1.34071e+09 2.80813e+08 2.42029e+08 2.23618e+08 2.21364e+08 2.14727e+08 1.83458e+08 1.61077e+08 1.59978e+08 8.45793e+07 6.96303e+07 6.01467e+07 4.79779e+07 3.77393e+07 3.35401e+07 3.20246e+07 3.1828e+07 2.91491e+07 2.89675e+07 2.66948e+07 2.62466e+07 2.55995e+07 2.50512e+07 2.27847e+07 2.17523e+07 1.89621e+07 4.66345e+07 1.80076e+07 2.74909e+07 1.58516e+07 1.53252e+07 1.52757e+07 1.51359e+07 2.15923e+07 1.46067e+07 1.45773e+07 2.49643e+07 1.41949e+07 1.2572e+07 1.27164e+07 1.24137e+07 1.4363e+07 7.11674e+07 1.16954e+07 1.56467e+07 1.15967e+07 1.12024e+07 1.8017e+07 1.0769e+07 1.07022e+07 1.04445e+07 9.72772e+06 1.86296e+07 9.53666e+06 9.15523e+06 9.0056e+06
threshold=2187.5862658914652 1115.5176803951003 3675.9158203319507 1593.1157772210506 4628.4457362818657 700.00275733450997 2819.4827892043118 5224.9642948227502 450.00537518813172 1871.1319950904133 1346.2958776224261 915.51364479310087 3267.977079231146 2506.6491761407019 4000.0000000000009 5833.4745046068419 0 509.12500000000006 595.17575775051137 4371.0287820196727 1750.0167000668007 1208.7568891109356 3063.3519712210964 793.68573818987727 1486.3823785390141 326.64759722003691 1007.2512352657795 2012.5000000000002 2023.7699460511092 4.2446666666666664 2301.3822729599801 2010.5000000000002 1.0000000180025095e-35 2007.5000000000002 1 3530.0651334834361 4981.5572559041984 2007.5000000000002 2011.5000000000002 167.26428571428573 171.49285714285719 2016.5000000000002 1.0000000180025095e-35 98.500000000000014 2008.5000000000002 369.00500000000005 2 116.40500000000002 489.01000000000016 2008.5000000000002 416.29816666666676 2702.1792559104724 5.2833333333333492 2009.5000000000002 22.250000000000004 2009.5000000000002 56.215000000000011 1598.3803333333335 2009.5000000000002 0.70500000000000018 949.82000000000005 3
decision_type=2 2 2 2 2 2 2 2 2 2 2 2 2 2 2 2 9 2 2 2 2 2 2 2 2 2 2 2 2 2 2 2 2 2 9 2 2 2 2 2 2 2 2 2 2 2 9 2 2 2 2 2 2 2 2 2 2 2 2 2 2 9
left_child=1 5 6 10 14 8 13 31 25 20 21 23 22 30 52 -9 17 56 -10 49 -5 -3 37 -7 -12 -1 -13 -19 46 -17 -2 32 57 34 -15 -14 -33 40 39 -31 -8 42 -40 -41 45 -24 47 48 -11 50 -18 -35 61 -54 -50 -56 -16 58 -6 -55 -47 -4
right_child=2 3 4 9 7 11 12 15 18 28 24 26 35 33 16 29 19 27 -20 -21 -22 -23 44 -25 -26 -27 -28 -29 -30 38 -32 36 -34 51 -36 -37 -38 -39 41 43 -42 -43 -44 -45 -46 60 -48 -49 54 -51 -52 -53 53 59 55 -57 -58 -59 -60 -61 -62 -63
leaf_value=-23.912123931107804 14.815580764783896 -6.2554395060478249 28.385459698129587 3.8047307674754927 19.123422749837243 -14.437795606712257 26.521089271817893 78.271888805549068 -18.774030006295675 11.711021883980179 -1.2169668986232429 -10.142766479213449 37.464538118925937 -7.3039490922771648 40.445379226498844 100.98782494551084 57.416238102912907 1.1538205769225842 -16.293639242443845 59.298707300892126 6.944465141846087 -3.8424360621834199 29.580800167614264 -12.276090936842245 1.3520409790948815 -21.352374327511839 -7.9362694552081159 40.818192934585831 12.497918294982515 132.39351115979647 18.047132972030266 65.286399400613334 -2.6902752876281739 22.640445170034841 19.576947654116879 41.387428950167838 70.89127961107134 28.988565377567042 79.65640168118118 95.366453666562762 1.3526177484162001 88.271277971390674 27.559977634136494 53.789482671564286 33.388179841933059 -10.17805461883545 8.82507087149156 9.5867212013796159 33.976627997376703 53.260873432282921 -5.1272434616088871 25.56133909310401 20.784750376662164 54.116949933712299 74.620294684455516 37.99884113512541 54.161432591313911 70.903801815382394 62.343059997465097 45.344086246267466 26.395356682368686 44.952984179710924
leaf_weight=15852 9523 24530 314 21961 33 27998 140 3769 42949 1433 28496 24858 7661 106 350 469 20 131 35702 3850 13883 31289 151 35201 17844 28492 29438 59 13163 38 11491 3396 32 8626 895 3879 1903 9147 199 307 98 698 26 22 7288 44 13147 2290 132 6745 20 5607 73 325 42 38 230 131 102 6615 28 454
leaf_count=15852 9523 24530 314 21961 33 27998 140 3769 42949 1433 28496 24858 7661 106 350 469 20 131 35702 3850 13883 31289 151 35201 17844 28492 29438 59 13163 38 11491 3396 32 8626 895 3879 1903 9147 199 307 98 698 26 22 7288 44 13147 2290 132 6745 20 5607 73 325 42 38 230 131 102 6615 28 454
internal_value=-0.0180365 -8.49792 36.4686 1.33232 59.2435 -15.3752 25.7963 74.5038 -19.3135 7.69244 -2.78218 -11.2525 33.9236 19.4206 50.3948 82.497 54.166 37.4006 -17.6481 55.2927 5.0208 -4.90285 30.6046 -13.2338 -0.227727 -22.2674 -8.94646 13.4707 10.8587 91.5501 16.5827 66.6091 54.3368 23.3352 16.853 38.7832 67.2992 28.6632 88.1189 96.708 16.1576 84.7037 73.6364 92.5862 33.0304 21.336 9.59547 12.1162 15.7111 53.101 26.1445 23.7911 44.8672 45.495 42.7496 57.2251 45.8845 61.1972 51.7783 45.7549 4.04494 39.1342
internal_weight=503733 408738 94995 168248 30311 240490 64684 11125 122995 66089 102159 117495 28436 36248 19186 5528 11405 770 78651 10635 35844 55819 16896 63199 46340 44344 54296 190 30245 1759 21014 5597 298 15234 1001 11540 5299 9385 1290 367 238 923 225 329 7511 223 17082 3935 1645 6785 40 14233 7781 7013 212 80 580 266 135 6940 72 768
internal_count=503733 408738 94995 168248 30311 240490 64684 11125 122995 66089 102159 117495 28436 36248 19186 5528 11405 770 78651 10635 35844 55819 16896 63199 46340 44344 54296 190 30245 1759 21014 5597 298 15234 1001 11540 5299 9385 1290 367 238 923 225 329 7511 223 17082 3935 1645 6785 40 14233 7781 7013 212 80 580 266 135 6940 72 768
cat_boundaries=0 1 2 3 4
cat_threshold=2687254596 20987904 142958608 537149440
is_linear=0
shrinkage=0.05


Tree=19
num_leaves=63
num_cat=6
split_feature=20 20 20 20 20 3 3 20 3 20 20 20 20 3 3 3 0 3 0 3 3 3 20 3 3 3 20 20 0 19 10 3 3 3 1 10 3 20 20 0 3 3 3 10 20 10 3 10 20 20 3 19 3 3 20 4 20 0 19 3 19 10
split_gain=5.68374e+10 1.07992e+10 7.55804e+09 1.67962e+09 1.60178e+09 1.26505e+09 1.21838e+09 2.77039e+08 2.51709e+08 2.14852e+08 2.12514e+08 1.7552e+08 1.73722e+08 1.71162e+08 1.69608e+08 9.82677e+07 6.00613e+07 4.80124e+07 5.05707e+07 4.73058e+07 4.61615e+07 4.47407e+07 4.00732e+07 3.847e+07 3.81776e+07 3.74647e+07 3.56062e+07 3.31652e+07 3.28901e+07 5.89273e+07 3.19633e+07 3.04543e+07 3.02575e+07 3.01036e+07 2.95237e+07 1.71397e+08 2.85287e+07 2.83335e+07 2.67966e+07 4.43527e+07 2.49666e+07 2.24541e+07 2.21075e+07 2.04484e+07 2.03734e+07 1.97864e+07 2.19207e+07 1.94415e+07 1.83882e+07 1.80651e+07 1.68076e+07 1.64149e+07 1.63475e+07 1.60488e+07 1.4422e+07 1.4229e+07 1.38649e+07 1.34244e+07 6.48952e+07 1.7498e+07 1.34093e+07 1.32814e+07
threshold=2253.2515689623401 1169.0876540339457 3824.8560737548437 738.6874312624069 1700.003623135897 2920.4711966842933 4782.7513255980266 500.00652900091114 1400.0005632980058 5469.7708618331062 949.31221375501673 3271.8972491814698 2668.9288511288119 1975.0048430840764 4172.1826972747822 1326.9312353299549 0 2667.2795652755995 1 2400.004260758416 5833.4745046068419 400.00883392226154 1564.6724417815578 620.85247271755748 2819.4827892043118 1038.5675734768299 4501.1082227991183 4501.1082227991183 2 915.95366666666678 5.5000000000000009 4000.0000000000009 850.00084175084191 3487.2195577335215 3 4.5000000000000009 1270.3677624707402 1872.4046726614349 3065.361988127981 4 3750.0000000000009 1538.6742199739797 3158.1210901774289 4.5000000000000009 5229.0057692225555 4.5000000000000009 4500.0473101299594 1.0000000180025095e-35 2105.8163348239118 4383.0987632676979 2476.7546290360606 3.7213333333333338 1475.0031074236351 2130.7475790510211 5229.0057692225555 178.41000000000005 251.82054924242425 5 432.50833333333338 1769.8694283200996 1018.1348333333334 5.5000000000000009
decision_type=2 2 2 2 2 2 2 2 2 2 2 2 2 2 2 2 9 2 9 2 2 2 2 2 2 2 2 2 9 2 2 2 2 2 1 2 2 2 2 9 2 2 2 2 2 2 2 2 2 2 2 2 2 2 2 2 2 9 2 2 2 2
left_child=1 3 5 7 8 12 14 21 28 34 32 42 19 37 15 -4 24 48 51 52 -11 56 40 -9 -17 -12 -18 -16 29 -3 43 -20 -5 -13 35 49 -30 57 -14 55 -10 -23 -7 53 -36 46 -44 -31 -15 -8 -41 -19 61 -28 -29 -40 -1 58 -6 -60 -45 -2
right_child=2 4 6 10 13 11 9 23 22 20 25 33 38 17 27 16 26 18 31 -21 -22 41 -24 -25 -26 -27 30 54 36 47 -32 -33 -34 -35 44 -37 -38 -39 39 50 -42 -43 45 60 -46 -47 -48 -49 -50 -51 -52 -53 -54 -55 -56 -57 -58 -59 59 -61 -62 -63
leaf_value=-24.184099647943842 -2.4776503610837199 -1.093981872363972 -20.134002607209343 -13.033130482307053 7.3887153346321703 28.872821351468254 31.156733504208656 -17.191833760247093 0.16135454811473882 77.86882534112479 -9.2424846811983485 35.725118679943229 23.906010875581856 10.598115288766087 53.136469898917532 15.928156406987796 47.089473230038124 40.090571937561037 25.784230223731171 19.842644236078815 89.493772587543958 -19.225275118415233 3.1786161554119872 -14.93643644840335 38.991738132068093 -6.7153258389551853 14.655600708181209 58.623156373177089 -4.9804600772180132 39.892075533571621 76.381843274368521 53.771998137077404 -10.763973219905905 40.472786809505088 66.498614353162637 -49.841037564277656 -2.6716361244799991 8.4370440680805014 42.619038212771933 14.123776715872239 35.521547355651855 19.75062062160389 33.883271444857776 45.101759349598609 73.112798660826456 27.217054640980354 57.428660962133122 13.700944080847561 13.458927497533498 65.974533608813346 27.363612681733539 6.8160801637836617 15.46779684318164 58.576418591406096 72.91358789423461 29.821728134541601 -21.419807348993711 5.0931244837473715 20.440439649422967 72.054037365546591 -3.1361964111328127 24.431219879512131
leaf_weight=5552 219 1512 56 32392 793 7692 44 36377 31025 1857 25418 5493 11082 13651 5197 220 6837 40 695 10978 1581 28805 18084 39368 973 34668 22 3476 26957 108 193 113 26883 8514 3639 40 26564 13828 659 392 50 37 4647 34 1712 1208 101 206 9544 243 617 505 10159 381 186 324 24792 16831 24 52 25 58
leaf_count=5552 219 1512 56 32392 793 7692 44 36377 31025 1857 25418 5493 11082 13651 5197 220 6837 40 695 10978 1581 28805 18084 39368 973 34668 22 3476 26957 108 193 113 26883 8514 3639 40 26564 13828 659 392 50 37 4647 34 1712 1208 101 206 9544 243 617 505 10159 381 186 324 24792 16831 24 52 25 58
internal_value=-0.0170409 -7.78988 36.2736 -14.2004 2.36153 26.7124 58.5136 -18.0223 -1.29645 73.35 -9.87986 34.679 20.3241 9.17873 50.8289 45.8876 46.3133 12.3093 21.4649 17.5513 83.2147 -20.5853 1.30727 -16.0196 34.4498 -7.78438 48.0922 55.7045 -3.60907 2.98292 59.2928 29.3353 -12.004 38.6109 67.377 45.7242 -3.83381 6.74123 24.8657 30.2048 0.218249 -19.1753 30.6436 52.1539 68.4868 32.9305 34.3841 22.7094 11.7752 60.6366 22.0018 9.09143 15.141 56.1788 59.349 38.0143 -21.9256 5.41638 11.4865 55.755 24.6619 3.1567
internal_weight=503733 414874 88859 254292 160582 62143 26716 134931 104506 9116 119361 27655 34488 56076 17600 8741 8685 24548 1353 21414 3438 59186 49159 75745 1193 60086 7492 8859 55347 1826 655 808 59275 14007 5678 327 53521 31528 13074 1992 31075 28842 13648 462 5351 5956 4748 314 23195 287 1009 545 10436 403 3662 983 30344 17700 869 76 59 277
internal_count=503733 414874 88859 254292 160582 62143 26716 134931 104506 9116 119361 27655 34488 56076 17600 8741 8685 24548 1353 21414 3438 59186 49159 75745 1193 60086 7492 8859 55347 1826 655 808 59275 14007 5678 327 53521 31528 13074 1992 31075 28842 13648 462 5351 5956 4748 314 23195 287 1009 545 10436 403 3662 983 30344 17700 869 76 59 277
cat_boundaries=0 1 2 3 4 5 6
cat_threshold=2687778908 2182110544 2113536 144 537207042 16384
is_linear=0
shrinkage=0.05


Tree=20
num_leaves=63
num_cat=6
split_feature=20 20 20 20 20 3 3 20 3 20 1 3 3 20 20 20 3 3 3 0 3 20 20 20 3 0 3 20 3 20 3 3 20 20 3 3 0 7 0 17 3 3 10 3 0 19 20 10 4 7 19 10 3 19 20 3 3 10 3 7 3 20
split_gain=5.15104e+10 9.77878e+09 6.85529e+09 1.51783e+09 1.43166e+09 1.21543e+09 1.0286e+09 2.71861e+08 2.24585e+08 1.90514e+08 1.87377e+08 1.77338e+08 1.58533e+08 1.53686e+08 1.26832e+08 1.20858e+08 7.13954e+07 5.00258e+07 4.26983e+07 4.69368e+07 4.17582e+07 3.83484e+07 3.67186e+07 3.57443e+07 3.53423e+07 3.4009e+07 3.25536e+07 3.0662e+07 3.04738e+07 2.96417e+07 2.72434e+07 2.59328e+07 2.54001e+07 2.35863e+07 2.08631e+07 2.07907e+07 2.00579e+07 1.9489e+07 1.82266e+07 5.2287e+07 1.78221e+07 1.7622e+07 1.68134e+07 1.64301e+07 1.6083e+07 7.31002e+07 1.60392e+07 1.60144e+07 1.38869e+08 6.87621e+07 3.06542e+07 4.96114e+07 2.02137e+07 1.51238e+07 1.54348e+07 1.4727e+07 1.45529e+07 1.41946e+07 1.50631e+07 1.7601e+07 1.34953e+07 1.33626e+07
threshold=2253.2515689623401 1169.0876540339457 3749.3432519861094 750.00119731269831 1700.003623135897 4782.7513255980266 2920.4711966842933 520.66767031031043 1431.2509292975271 5469.7708618331062 0 1000.0001062647087 1975.0048430840764 2625.3205655104398 3271.8972491814698 4269.790630326007 1346.2958776224261 409.43920335429772 2667.2795652755995 1 5833.4745046068419 4990.3547654076292 873.74360832280502 1336.1987625149636 2400.004260758416 2 656.1729024943312 3271.8972491814698 3828.1534090909095 1550.0091197351071 1955.8899174777825 2980.9585434173673 4990.3547654076292 1872.4046726614349 3487.2195577335215 3104.7188819842099 3 2010.5000000000002 4 539.09500000000014 1995.9682429870286 3600.0489955903977 5.5000000000000009 2746.2840768770461 5 504.33100000000007 2105.8163348239118 4.5000000000000009 835.45500000000004 2012.5000000000002 974.92200000000003 5.5000000000000009 4086.4962359785382 4.2446666666666664 1994.9435098110962 1718.4084893054981 1371.1691601496093 4.5000000000000009 4500.0473101299594 2014.5000000000002 4172.1826972747822 251.82054924242425
decision_type=2 2 2 2 2 2 2 2 2 2 1 2 2 2 2 2 2 2 2 9 2 2 2 2 2 9 2 2 2 2 2 2 2 2 2 2 9 2 9 2 2 2 2 2 9 2 2 2 2 2 2 2 2 2 2 2 2 2 2 2 2 2
left_child=1 3 6 7 8 10 13 17 23 32 15 22 33 24 35 60 -12 61 46 41 -11 -17 -5 38 56 31 -9 43 29 -10 -19 -18 -7 44 -16 -8 -29 -34 39 -3 -28 -20 -23 -15 45 -6 -14 52 50 -50 -49 -52 -27 -21 -55 -47 -2 58 -37 -60 -4 -1
right_child=2 4 5 11 12 9 14 26 28 20 16 -13 18 27 34 21 25 30 19 53 -22 42 -24 -25 -26 47 40 36 -30 -31 -32 -33 37 -35 -36 57 -38 -39 -40 -41 -42 -43 -44 -45 -46 55 -48 48 49 -51 51 -53 -54 54 -56 -57 -58 -59 59 -61 -62 -63
leaf_value=-22.985325648495575 0.94874205541176115 -2.5644615848690777 45.450186202984888 -12.066174974810107 7.3734542913493959 60.042477950831909 27.003447595968449 -15.855487719794588 0.29856483602789091 74.026626758006856 -18.11248872280121 -6.878061910188773 10.115523740551938 21.044859387654366 33.772570958976445 55.274178035943152 21.712711778301074 -18.015880080110232 25.964851113610997 26.582716098050966 85.13404202379634 66.2294529321276 -9.7403058734917067 -1.6720649908926841 18.605693678649001 41.976064946835962 -13.771669617480729 38.656905554138454 34.471611046109885 2.9071672665268697 40.357699661254884 36.997979809412591 30.789691419859192 7.9085123605836856 37.92614609401479 31.66907212546533 21.843230010668439 67.275903842674268 -4.3562029850060711 27.637084112460158 31.246196590770378 45.980543657528457 91.995227728949658 24.529033684207551 4.80659763067582 26.923147382736204 12.788505068287339 40.465585972076141 -41.823260508219406 40.735181637814172 -0.36975983778635663 78.066270768453208 49.878938926774488 1.1087668965992175 16.06513035209419 73.621445151475754 14.637247408904873 26.519473690944807 64.581664983777031 13.221811975132335 50.584014100020404 -20.282815410600442
leaf_weight=5510 198 885 5337 33133 773 2254 6187 41274 24559 1845 52 46927 13701 7836 5313 5808 332 33167 269 174 1563 290 34783 23703 9517 1919 32556 538 70 19566 20 1690 37 13794 7015 6013 440 3379 35532 171 22 186 81 5955 16929 25 9506 657 75 38 24 126 1399 285 437 52 10031 1482 69 22 1684 26926
leaf_count=5510 198 885 5337 33133 773 2254 6187 41274 24559 1845 52 46927 13701 7836 5313 5808 332 33167 269 174 1563 290 34783 23703 9517 1919 32556 538 70 19566 20 1690 37 13794 7015 6013 440 3379 35532 171 22 186 81 5955 16929 25 9506 657 75 38 24 126 1399 285 437 52 10031 1482 69 22 1684 26926
internal_value=0.0118812 -7.39864 34.4813 -13.4986 2.25998 54.6637 24.9622 -17.0037 -1.19995 69.7779 47.6318 -9.24177 8.70052 19.2982 32.452 51.1311 40.1693 -19.3455 11.7135 20.3544 79.1208 56.2697 -10.875 -3.18463 16.4127 40.7176 -14.9229 23.156 1.50757 1.45528 -17.9807 34.3185 64.1623 6.35702 36.1361 29.1545 31.7111 66.8807 -4.16453 2.30431 -13.7413 33.4127 71.8549 22.5493 5.15327 11.8617 11.2104 43.5869 37.8528 -14.0602 45.1219 65.5165 45.3082 13.2029 10.1613 58.4597 14.3723 30.9089 31.9746 52.165 46.6815 -20.7419
internal_weight=504141 414935 89206 254318 160617 28590 60616 139475 104486 9078 19512 114843 56131 34515 26101 13200 6312 65623 24558 1351 3408 6179 67916 60291 19746 6260 73852 14769 44195 44125 33187 2022 5670 31573 12328 13773 978 3416 36588 1056 32578 455 371 13791 17779 850 23207 4238 920 113 807 150 3318 896 722 77 10229 7586 6104 91 7021 32436
internal_count=504141 414935 89206 254318 160617 28590 60616 139475 104486 9078 19512 114843 56131 34515 26101 13200 6312 65623 24558 1351 3408 6179 67916 60291 19746 6260 73852 14769 44195 44125 33187 2022 5670 31573 12328 13773 978 3416 36588 1056 32578 455 371 13791 17779 850 23207 4238 920 113 807 150 3318 896 722 77 10229 7586 6104 91 7021 32436
cat_boundaries=0 1 2 3 4 5 6
cat_threshold=33 73730 2704597232 368898 2113536 16384
is_linear=0
shrinkage=0.05


Tree=21
num_leaves=63
num_cat=2
split_feature=20 20 20 20 3 3 20 20 3 20 3 20 3 1 3 20 3 20 3 3 10 3 20 3 20 20 20 3 3 20 1 20 3 20 10 20 19 3 3 10 3 10 10 7 19 19 3 19 20 10 3 3 10 7 13 20 3 7 10 20 17 17
split_gain=4.64945e+10 9.23963e+09 5.78209e+09 1.43076e+09 1.37206e+09 9.86404e+08 9.13081e+08 2.50279e+08 2.03372e+08 1.71956e+08 1.69013e+08 1.68196e+08 1.55132e+08 1.46258e+08 1.08278e+08 9.37467e+07 6.57172e+07 4.87908e+07 4.35497e+07 3.82447e+07 3.88416e+07 3.76868e+07 3.47527e+07 3.01473e+07 3.00264e+07 2.5347e+07 2.52388e+07 2.50302e+07 2.36828e+07 2.34323e+07 2.30776e+07 2.25663e+07 2.25605e+07 2.23565e+07 2.0927e+07 2.05708e+07 1.92121e+07 1.87432e+07 1.86391e+07 1.86034e+07 2.5252e+07 1.67114e+07 6.82043e+07 1.24533e+08 2.87487e+07 2.75426e+07 2.34861e+07 2.07051e+07 1.62875e+07 1.72549e+07 1.84577e+07 1.62468e+07 1.57941e+07 3.71828e+07 2.08355e+07 1.55277e+07 1.54194e+07 1.52792e+07 1.51741e+07 1.43473e+07 1.38168e+07 1.30881e+07
threshold=2302.6551113320688 1169.0876540339457 3824.8560737548437 1700.003623135897 750.00692328994751 4782.7513255980266 3007.6825888012204 534.25716166317329 1400.0005632980058 5469.7708618331062 1975.0048430840764 949.31221375501673 2667.2795652755995 0 3408.994814838808 4383.0987632676979 1352.1589640531095 390.50125619373301 2626.6259354325598 2593.7228879249046 1.0000000180025095e-35 5833.4745046068419 1499.8246655190121 1082.3079006351093 4990.3547654076292 1319.0048626859241 669.46372593918852 2439.0652173913049 3267.977079231146 5229.0057692225555 1 1900.0009152684763 4172.1826972747822 836.59264694194439 1.0000000180025095e-35 2105.8163348239118 393.88000000000005 1789.01581027668 3600.0489955903977 5.5000000000000009 1686.6704729814053 4.5000000000000009 5.5000000000000009 2012.5000000000002 1084.6663333333333 974.92200000000003 4000.0000000000009 2385.2833333333342 3161.1678463094036 5.5000000000000009 1550.0234741784041 4172.1826972747822 4.5000000000000009 2012.5000000000002 104.50000000000001 2783.9153290054519 4371.0287820196727 2014.5000000000002 5.5000000000000009 3535.4039992962066 36.610000000000007 25.805000000000003
decision_type=2 2 2 2 2 2 2 2 2 2 2 2 2 1 2 2 2 2 2 2 2 2 2 2 2 2 2 2 2 2 1 2 2 2 2 2 2 2 2 2 2 2 2 2 2 2 2 2 2 2 2 2 2 2 2 2 2 2 2 2 2 2
left_child=1 4 6 8 7 13 12 17 25 29 31 18 27 15 48 51 -15 -1 33 35 36 -11 32 -13 -17 -3 -9 39 55 52 41 -5 -10 -6 56 -12 -21 -24 -38 40 -2 46 43 44 -43 -44 -18 -45 -8 50 -50 -4 -7 54 -54 -14 -30 -47 -26 -16 -36 -22
right_child=2 3 5 10 11 9 14 26 22 21 19 23 28 16 59 24 30 -19 -20 20 61 -23 37 -25 58 -27 -28 -29 34 -31 -32 -33 -34 -35 60 -37 38 -39 -40 -41 -42 42 45 47 -46 57 -48 -49 49 -51 -52 -53 53 -55 -56 -57 -58 -59 -60 -61 -62 -63
leaf_value=-19.910463129969326 2.9893708071869907 -4.1180924391564986 43.872130746013028 5.0959602989825825 -11.744722310700203 60.321905910931378 26.960617746647763 -14.896450395440912 -0.41028745681002088 70.325296125347379 9.565484940455681 -7.9171082111631819 20.911739881741468 -17.206864272631133 33.780991432881812 53.456108425192298 37.635566420677911 -17.203484126201122 49.483736877441409 16.567741777261102 20.947122055354871 80.877340137020425 1.8864076333635524 -5.6330551806397517 62.917979705415931 -1.9366995002637653 -12.978780098294713 18.428762961492648 36.148317590355873 65.782317087476812 12.2921803410848 7.8827788857480598 51.440196241651272 -9.7593302626555314 32.911393206267405 12.377683777587142 27.914727899397931 6.0604377805502825 53.224511914062504 20.973900960867898 14.692576518609975 9.9150024076725582 39.606095748053072 38.814650775722946 -39.242832661852425 72.091582265750375 45.20833583248718 2.5891182422637939 2.2939368496175674 36.532465310834702 29.911519216253566 48.68171150876217 46.985888017926897 55.162152825352734 -19.419217173258463 24.283450466242684 70.877823437282018 32.998129838512789 87.395465069052619 37.421831499961314 20.783413353445781 10.688455646223494
leaf_weight=28374 488 32617 4720 20712 29016 3187 5117 40019 20864 1845 13575 33359 6411 52 4751 4446 2126 40272 30 150 475 1563 25472 25483 290 22505 30035 9215 368 1735 110 11188 21 27730 391 12482 174 3007 125 1088 8306 47 362 381 81 129 1975 44 61 1050 7364 2796 21 682 27 7306 35 31 81 6286 588 900
leaf_count=28374 488 32617 4720 20712 29016 3187 5117 40019 20864 1845 13575 33359 6411 52 4751 4446 2126 40272 30 150 475 1563 25472 25483 290 22505 30035 9215 368 1735 110 11188 21 27730 391 12482 174 3007 125 1088 8306 47 362 381 81 129 1975 44 61 1050 7364 2796 21 682 27 7306 35 31 81 6286 588 900
internal_value=0.0113476 -6.85346 33.5976 2.38967 -12.8237 52.88 24.8354 -16.1768 -1.13997 66.2939 8.55882 -8.80123 19.5487 46.0026 32.1756 49.1114 38.6555 -18.3224 -10.7427 11.4026 18.4018 75.1647 1.19104 -6.92794 54.5965 -3.22748 -14.0743 16.5542 23.3361 60.945 39.2782 6.07336 -0.358151 -10.7745 29.5748 10.9126 31.1701 2.32713 38.4957 14.8062 14.0431 39.7512 34.2789 22.0427 -21.1927 47.2417 41.2825 35.0642 29.1881 30.533 29.6846 45.6613 58.8024 52.1685 9.63302 22.7076 39.1645 64.5172 68.2621 35.8546 25.6272 14.2324
internal_weight=504141 418585 85556 164267 254318 26731 58825 138700 104486 9060 59781 115618 34196 17671 24629 12333 5338 68646 56776 27881 1824 3408 49364 58842 4817 55122 70054 19097 15099 5652 5286 31900 20885 56746 1382 26057 449 28479 299 9882 8794 5176 1075 553 128 522 4101 425 13592 8475 7425 7516 3917 730 48 13717 403 160 371 11037 979 1375
internal_count=504141 418585 85556 164267 254318 26731 58825 138700 104486 9060 59781 115618 34196 17671 24629 12333 5338 68646 56776 27881 1824 3408 49364 58842 4817 55122 70054 19097 15099 5652 5286 31900 20885 56746 1382 26057 449 28479 299 9882 8794 5176 1075 553 128 522 4101 425 13592 8475 7425 7516 3917 730 48 13717 403 160 371 11037 979 1375
cat_boundaries=0 1 2
cat_threshold=33 84
is_linear=0
shrinkage=0.05


Tree=22
num_leaves=63
num_cat=8
split_feature=20 20 20 20 20 3 20 3 3 3 3 3 3 3 3 3 20 1 20 3 20 20 3 20 3 3 0 20 3 20 20 1 19 3 0 18 3 3 10 3 10 3 19 10 10 0 18 7 7 3 10 20 20 3 3 0 18 20 20 0 17 0
split_gain=4.19614e+10 8.33876e+09 5.21843e+09 1.29126e+09 1.24007e+09 8.90891e+08 8.24056e+08 2.21985e+08 1.83741e+08 1.73222e+08 1.52819e+08 1.46252e+08 1.40683e+08 1.04218e+08 9.77208e+07 6.54301e+07 4.66266e+07 4.17644e+07 3.93855e+07 3.68098e+07 3.43603e+07 3.35754e+07 3.3413e+07 3.05761e+07 2.94916e+07 2.91815e+07 3.80793e+07 2.8216e+07 2.58695e+07 2.30741e+07 2.22453e+07 2.06914e+07 1.94017e+07 1.79383e+07 1.53782e+07 7.79005e+07 1.51049e+07 1.47696e+07 1.62014e+07 1.62722e+07 1.37507e+07 2.27099e+07 1.35366e+07 1.35115e+07 3.10855e+07 7.39615e+07 2.90261e+07 1.88665e+07 1.42211e+07 1.34002e+07 1.32758e+07 1.32598e+07 1.32017e+07 1.3134e+07 1.27786e+07 1.2697e+07 2.54261e+07 1.2657e+07 1.23438e+07 1.21375e+07 3.8764e+07 1.19691e+07
threshold=2302.6551113320688 1169.0876540339457 3824.8560737548437 1700.003623135897 750.00119731269831 4981.5572559041984 3007.6825888012204 534.24481213482989 1442.7505144806125 4260.878826384117 2045.1531147001931 999.99866472632709 2593.7228879249046 5833.4745046068419 3408.994814838808 1326.9312353299549 418.3105200512727 0 4501.1082227991183 2336.9791367048933 4633.3644804982769 1900.0009152684763 1260.4066711619555 5229.0057692225555 2920.4711966842933 3487.2195577335215 1 900.01401869158894 3828.1534090909095 645.26908564948872 1564.6724417815578 2 12.990333333333336 1390.336440162946 3 498.72142857143018 1769.8694283200996 3158.1210901774289 5.5000000000000009 2301.3822729599801 1.0000000180025095e-35 4086.4962359785382 4.2446666666666664 5.5000000000000009 4.5000000000000009 4 916.61785714285713 2014.5000000000002 2012.5000000000002 2279.1554194469331 1.0000000180025095e-35 1994.9435098110962 3489.0433262110359 1200.0076499388008 238.09983634640471 5 1118.5950000000003 4990.3547654076292 2440.9698029269407 6 793.35000000000014 7
decision_type=2 2 2 2 2 2 2 2 2 2 2 2 2 2 2 2 2 1 2 2 2 2 2 2 2 2 9 2 2 2 2 1 2 2 9 2 2 2 2 2 2 2 2 2 2 9 2 2 2 2 2 2 2 2 2 9 2 2 2 9 2 9
left_child=1 4 6 8 7 9 12 16 22 15 21 27 33 23 37 -4 54 18 -17 29 -11 34 55 -7 -14 49 -27 -6 30 -9 -10 43 -15 -2 35 -5 -37 38 39 -8 41 -26 -28 44 -19 48 -45 57 -46 -12 -51 61 -16 -13 -1 56 -3 -48 -35 60 -24 -52
right_child=2 3 5 10 11 13 14 19 28 20 25 53 24 32 52 17 -18 31 -20 -21 -22 -23 59 -25 40 26 42 -29 -30 -31 -32 -33 -34 58 -36 36 -38 -39 -40 -41 -42 -43 -44 46 45 -47 47 -49 -50 50 51 -53 -54 -55 -56 -57 -58 -59 -60 -61 -62 -63
leaf_value=-21.378913408316336 1.8545444612976163 -1.3285122763843109 -16.231633230751637 6.9110016370832517 -10.695252878718499 57.13057325751064 16.610175908325676 -14.274523145314848 0.43312245476352018 47.236471138171915 10.434176927486195 -6.6008999729166549 20.2487060390682 83.390297765517687 31.440132680391919 42.422583725768824 -16.065186816317674 37.411733402724501 58.882432998659084 43.927655901227681 53.557862182837802 7.9340740484548977 0.44143581867280235 64.745248557906734 27.813792256076283 38.158967584270549 29.028764708006563 -8.5854463004682433 31.829019214085175 -12.468713621193515 2.7582247996981248 10.111789155842965 72.132640759685174 13.741343423333953 4.6257072246836257 26.735077446082546 70.930355315372864 29.493052278114188 32.157518245948296 26.004009124918468 23.39831282835754 57.669411827536194 3.0118446232098615 35.580677366256715 -34.290951966266242 34.1351273889127 63.920243465900427 24.803125339084204 2.4419022426270605 18.152663044280629 -0.32711979437244032 13.352692085890865 35.202455323102377 -4.3247429971177729 -18.331660276738145 -4.3889199099302791 24.901275811612027 107.35272411346438 16.572321547450816 -1.9828052146596578 33.767653829076636 11.506065767487204
leaf_weight=3875 250 897 51 1021 40102 2134 501 37056 24536 5452 15223 41045 12732 579 3346 5968 33994 3051 387 28 3549 16479 958 3449 1006 226 67 26201 70 33848 17714 104 1129 6759 20630 29 58 6334 983 5774 4433 68 197 286 49 335 104 27 57 1117 377 3859 7691 7495 30674 25208 103 20 8948 34904 96 498
leaf_count=3875 250 897 51 1021 40102 2134 501 37056 24536 5452 15223 41045 12732 579 3346 5968 33994 3051 387 28 3549 16479 958 3449 1006 226 67 26201 70 33848 17714 104 1129 6759 20630 29 58 6334 983 5774 4433 68 197 286 49 335 104 27 57 1117 377 3859 7691 7495 30674 25208 103 20 8948 34904 96 498
internal_value=0.0107924 -6.51078 31.9178 2.27019 -12.1825 50.2362 23.5936 -15.3507 -1.08297 44.6461 8.13088 -8.33482 18.5713 65.1411 30.5668 40.2634 -17.3799 40.5408 43.3567 -13.3898 49.7289 6.23193 -2.81295 61.8347 21.571 11.4963 23.5587 -9.86152 1.45828 -13.4125 1.40796 35.907 75.9489 15.1426 4.94158 10.6846 56.1986 27.7287 26.189 25.254 24.6281 29.7041 9.26372 36.5624 35.6182 23.2099 44.944 62.6784 -13.2851 11.2158 13.2495 12.0926 34.0619 -6.24944 -18.6734 -4.17074 1.35956 70.9255 15.3541 -1.82332 3.44416 6.53541
internal_weight=504141 418585 85556 164267 254318 26731 58825 139475 104486 19440 59781 114843 34196 7291 24629 10439 68543 10388 6355 70932 9001 38217 62166 5583 18239 21564 490 66303 42320 70904 42250 4033 1708 15957 21738 1108 87 13592 7258 6275 5507 1074 264 3929 3492 441 437 151 106 21074 5851 4734 11037 48540 34549 26208 1000 124 15707 35958 1054 875
internal_count=504141 418585 85556 164267 254318 26731 58825 139475 104486 19440 59781 114843 34196 7291 24629 10439 68543 10388 6355 70932 9001 38217 62166 5583 18239 21564 490 66303 42320 70904 42250 4033 1708 15957 21738 1108 87 13592 7258 6275 5507 1074 264 3929 3492 441 437 151 106 21074 5851 4734 11037 48540 34549 26208 1000 124 15707 35958 1054 875
cat_boundaries=0 1 2 3 4 5 6 7 9
cat_threshold=33 73730 84 16384 73728 2113536 8667136 89408 1
is_linear=0
shrinkage=0.05


Tree=23
num_leaves=63
num_cat=8
split_feature=20 20 20 20 20 20 20 1 20 1 20 20 20 20 20 20 20 10 4 7 7 20 19 20 20 10 4 7 20 7 19 20 20 20 20 20 20 20 19 19 20 1 7 10 20 7 13 1 1 15 7 1 7 1 19 4 17 13 20 7 1 20
split_gain=3.7877e+10 6.2362e+09 6.06588e+09 1.11167e+09 1.05009e+09 7.94878e+08 7.77275e+08 2.11708e+08 1.46308e+08 1.3237e+08 1.31251e+08 1.30376e+08 1.21361e+08 1.05558e+08 9.48466e+07 8.9521e+07 7.27464e+07 3.84273e+07 1.04365e+08 3.24136e+07 3.17784e+07 2.87546e+07 2.864e+07 2.63466e+07 2.56459e+07 2.20355e+07 7.40843e+07 4.86587e+07 2.17651e+07 2.0808e+07 2.8428e+07 1.84317e+07 1.76481e+07 1.66133e+07 1.6251e+07 1.59818e+07 1.40927e+07 1.3933e+07 1.33672e+07 1.30029e+07 1.29083e+07 1.22328e+07 1.40339e+07 1.1541e+07 1.13714e+07 1.11178e+07 1.06824e+07 1.06096e+07 1.03912e+07 9.60041e+06 9.4425e+06 9.19098e+06 9.12418e+06 9.02214e+06 8.78076e+06 3.77133e+07 8.98147e+06 8.73257e+06 8.51943e+06 8.39791e+06 8.38763e+06 7.92761e+06
threshold=2105.8163348239118 1066.4751414857799 3535.4039992962066 4792.6836324509404 1550.0091197351071 2743.3444444444444 681.74446356856004 0 1300.0225903614462 1 441.94061982679932 1838.8550135501357 5469.7708618331062 865.65584319944412 3065.361988127981 2400.0462534690109 4182.4898543004738 4.5000000000000009 265.80500000000006 2013.5000000000002 2008.5000000000002 4000.0000000000009 2026.9346666666668 5846.5037224942653 548.65038337438864 4.5000000000000009 835.45500000000004 2012.5000000000002 1411.7319189431262 2009.5000000000002 1598.3803333333335 1199.9986394557825 1700.003623135897 3271.8972491814698 1974.8037944361051 978.83906634611105 5229.0057692225555 314.95347736791808 634.97433333333345 23.986000000000001 4501.1082227991183 2 2007.5000000000002 1.0000000180025095e-35 787.18478161137216 2015.5000000000002 204.50000000000003 3 4 20.250000000000004 2012.5000000000002 5 2011.5000000000002 6 467.4206666666667 155.90500000000003 159.40500000000003 26.500000000000004 5846.5037224942653 2007.5000000000002 7 2867.2189680627957
decision_type=2 2 2 2 2 2 2 1 2 1 2 2 2 2 2 2 2 2 2 2 2 2 2 2 2 2 2 2 2 2 2 2 2 2 2 2 2 2 2 2 2 1 2 2 2 2 2 1 1 2 2 1 2 1 2 2 2 2 2 2 1 2
left_child=1 6 5 7 8 15 10 16 31 12 37 32 36 44 48 51 45 19 22 29 38 60 -19 -14 -12 -23 -27 52 -10 30 -11 -3 -6 -16 -13 -15 -5 -1 -9 57 -18 42 -34 54 -8 -4 -41 50 -7 -29 -17 -2 -28 -35 -44 -56 -57 -25 -21 -50 -22 -61
right_child=2 4 3 9 11 14 13 20 28 17 24 34 23 35 33 47 40 18 -20 58 21 25 -24 39 -26 26 27 49 -30 -31 -32 -33 41 53 -36 -37 -38 -39 -40 46 -42 -43 43 -45 -46 -47 -48 -49 59 -51 -52 -53 -54 -55 55 56 -58 -59 -60 61 -62 -63
leaf_value=-18.699132569203602 12.70794493302968 -5.2174571452274847 38.968575919005488 54.472335324874919 2.322548769232283 15.610711999107435 -11.430423529439334 19.923187439176772 -1.8650608801409314 -15.518292724609376 -14.997041073025978 6.6113680610795029 64.211064362385002 -8.5307125752734709 25.977812223946952 15.714312291541814 45.203661651736844 29.682796152432758 -43.634408535003665 34.034877103465526 17.314631576640267 39.824025983256284 92.752372741699219 106.73646861888744 -13.122006056391569 38.353383258335732 -40.232319353141037 -0.019394569396972657 0.20342394936701638 57.202832973468766 50.473532423059993 -3.434159633396594 -1.9248990653768967 11.540729851722718 9.008422468523511 -6.8055335840584705 59.954989522722272 -16.769114433215719 -15.44250922704998 71.878245107796161 49.569186357275868 3.950862380659375 8.4246303445443722 7.7258108573396029 -9.981892057594564 47.786200620533599 58.06449808126473 14.157723033850516 14.503658319577665 40.854315196766578 18.478659304892012 10.484404347288569 -5.4816099166870123 29.500250735100025 66.638789930797756 30.401185333078558 5.8692665366263235 77.631923986364299 11.938916143877755 21.032423910292998 33.053541942599871 23.613119383781399
leaf_weight=14119 11486 34630 5366 3417 21800 849 33198 90 25170 25 31781 15168 1734 29433 7534 5162 3723 72 50 176 165 3158 24 27 42790 578 51 20 25705 333 47 24914 304 115 13245 24682 1784 27691 38 892 3106 14055 151 1504 22891 383 166 4131 338 51 7693 9491 30 7548 42 55 116 567 58 5254 8102 6863
leaf_count=14119 11486 34630 5366 3417 21800 849 33198 90 25170 25 31781 15168 1734 29433 7534 5162 3723 72 50 176 165 3158 24 27 42790 578 51 20 25705 333 47 24914 304 115 13245 24682 1784 27691 38 892 3106 14055 151 1504 22891 383 166 4131 338 51 7693 9491 30 7548 42 55 116 567 58 5254 8102 6863
internal_value=0.0103438 -6.83663 27.4428 44.5422 0.19961 18.6356 -12.3287 39.01 -2.78896 59.2172 -15.1784 5.16641 61.0779 -9.31927 24.9463 13.8978 43.6656 37.6062 14.9418 43.3731 34.1793 34.4681 45.4502 68.516 -13.9211 38.0143 30.1851 -0.875753 -0.819942 51.9329 27.5597 -4.4713 3.25187 27.6451 7.72878 -7.74385 56.3529 -17.4209 9.424 73.0347 47.1892 4.50035 8.00105 9.65924 -10.8392 39.556 69.7109 16.5961 21.8636 29.3406 17.3551 11.713 -27.3617 29.2843 17.6479 24.1865 13.7596 78.9549 28.5581 22.2594 32.8003 22.4941
internal_weight=504141 403444 100697 34233 176859 66464 226585 24861 110419 9372 116381 66440 8587 110204 28501 37963 12578 785 146 639 12283 12155 96 3386 74571 3888 730 152 50875 405 72 59544 38027 15197 28413 54115 5201 41810 128 1652 6829 16227 2172 1868 56089 5749 1058 16986 13304 71 12855 20977 81 7663 364 213 171 594 234 12455 8267 12117
internal_count=504141 403444 100697 34233 176859 66464 226585 24861 110419 9372 116381 66440 8587 110204 28501 37963 12578 785 146 639 12283 12155 96 3386 74571 3888 730 152 50875 405 72 59544 38027 15197 28413 54115 5201 41810 128 1652 6829 16227 2172 1868 56089 5749 1058 16986 13304 71 12855 20977 81 7663 364 213 171 594 234 12455 8267 12117
cat_boundaries=0 1 2 3 4 5 6 7 8
cat_threshold=1 33 16 53 136 49 138 136
is_linear=0
shrinkage=0.05


Tree=24
num_leaves=63
num_cat=8
split_feature=20 20 20 3 3 3 3 20 20 20 20 1 20 20 3 20 3 3 3 3 0 3 3 3 20 3 3 10 3 20 20 3 10 1 10 3 20 0 20 3 3 20 10 10 0 10 20 3 20 3 0 17 4 10 19 18 4 4 4 0 1 20
split_gain=3.41922e+10 6.49114e+09 4.55766e+09 1.06657e+09 9.00662e+08 8.08253e+08 6.90009e+08 1.47113e+08 1.45247e+08 1.42928e+08 1.34394e+08 1.28611e+08 1.27566e+08 1.04506e+08 8.71518e+07 8.15624e+07 5.02702e+07 3.72224e+07 3.38864e+07 3.36295e+07 3.05496e+07 3.03456e+07 2.928e+07 2.76579e+07 2.74845e+07 2.47726e+07 2.24988e+07 2.28175e+07 3.28535e+07 2.87662e+07 2.15617e+07 2.13487e+07 1.96111e+07 1.9212e+07 1.15975e+08 1.89256e+07 1.87801e+07 2.00741e+07 1.86424e+07 1.86422e+07 1.86004e+07 1.67652e+07 1.93783e+07 1.57598e+07 1.59078e+07 1.36266e+07 1.34498e+07 1.34178e+07 1.29605e+07 1.27683e+07 1.24215e+07 4.66833e+07 1.15195e+07 5.136e+07 5.93829e+07 4.01253e+07 1.63532e+07 1.33158e+07 1.1499e+07 1.08479e+07 2.16291e+07 3.37406e+07
threshold=2253.2515689623401 1130.0010334849114 3749.3432519861094 1644.7595531177933 706.75007421572275 4782.7513255980266 2920.4711966842933 1400.0010844575547 1919.6241036627098 465.88090885297999 924.27976309881115 0 5469.7708618331062 2668.9288511288119 3267.977079231146 4269.790630326007 1346.2958776224261 2626.6259354325598 2667.2795652755995 1245.5867685002588 1 4628.4457362818657 2400.004260758416 5833.4745046068419 4990.3547654076292 595.17575775051137 1800.0057157622614 1.0000000180025095e-35 2626.6259354325598 1390.8904422667686 794.96705397255585 1038.5675734768299 1.0000000180025095e-35 2 4.5000000000000009 2819.4827892043118 3271.8972491814698 3 3489.0433262110359 2130.7475790510211 339.79054482103271 1600.0190615835779 5.5000000000000009 4.5000000000000009 4 5.5000000000000009 5229.0057692225555 1629.2412929626068 2743.3444444444444 1371.1691601496093 5 695.04000000000008 125.37000000000002 4.5000000000000009 1483.6605000000006 916.61785714285713 1370.8800000000003 7.8050000000000006 312.99500000000006 6 7 1700.003623135897
decision_type=2 2 2 2 2 2 2 2 2 2 2 1 2 2 2 2 2 2 2 2 9 2 2 2 2 2 2 2 2 2 2 2 2 1 2 2 2 9 2 2 2 2 2 2 9 2 2 2 2 2 9 2 2 2 2 2 2 2 2 9 1 2
left_child=1 4 6 7 9 11 13 19 21 40 17 15 33 22 48 -4 -13 30 39 -3 35 26 49 -14 -17 -11 -5 28 59 -29 -6 -12 -20 34 -7 -18 47 -38 43 -10 -1 -9 -43 -16 -45 -26 -35 -15 -8 -2 51 -21 55 56 -55 -22 -54 -57 -53 60 61 -28
right_child=2 3 5 8 10 12 14 41 18 25 31 16 23 36 38 24 20 -19 32 50 52 -23 -24 -25 45 -27 27 29 -30 -31 -32 -33 -34 46 -36 -37 37 -39 -40 -41 -42 42 -44 44 -46 -47 -48 -49 -50 -51 -52 58 53 54 -56 57 -58 -59 -60 -61 -62 -63
leaf_value=-17.679771716523458 -0.47656951355484295 -4.4213513541823337 38.05534545564614 3.1102067284610833 -10.68858690508352 46.531233116204596 17.305958581454828 0.028198750353286818 7.9086048539563514 -13.741826489997758 -7.2899008564656755 -16.26437551424964 60.374132897860321 7.0754932924553202 28.615964142541998 45.089219795692884 15.023775848132724 46.936474477833713 30.975376382520643 -0.72745767413937645 36.405698106216981 49.654262315904774 15.353008772400623 69.413787452585794 54.061855188073793 -11.941155207993877 16.699190923661899 -4.8007821548740131 28.462158903239466 5.2831832314959577 -8.8623921241269343 -5.3207095741454875 14.320465509889818 51.538451477296668 -51.278857062844672 29.243346428522422 31.745947000120509 15.402732743799072 31.094506578288332 10.622533126390641 -15.627590282254065 1.3738206856557937 7.0200450520809499 6.4352284392232413 24.62840627008924 77.257667955940164 56.933154297341652 18.94607961943283 23.798354450358957 11.92007719209502 -2.2716762839938518 37.12569139847713 33.29896261799302 28.300291987343314 -18.431569082360522 87.072982078374821 44.67300855385966 53.69840700577717 -4.0054486656188963 6.7145396315905659 8.8110135239127434 76.346703390173019
leaf_weight=17215 212 28982 7021 18081 30559 279 825 31516 18239 40074 28531 52 1845 243 5910 5808 272 29 236 931 2322 37 11113 1563 290 36495 66 746 211 13608 34311 26592 704 3671 34 1675 600 378 6556 9689 30790 9698 1802 160 1388 81 1686 11697 11262 10272 32647 113 1067 239 95 43 449 98 20 2606 370 37
leaf_count=17215 212 28982 7021 18081 30559 279 825 31516 18239 40074 28531 52 1845 243 5910 5808 272 29 236 931 2322 37 11113 1563 290 36495 66 746 211 13608 34311 26592 704 3671 34 1675 600 378 6556 9689 30790 9698 1802 160 1388 81 1686 11697 11262 10272 32647 113 1067 239 95 43 449 98 20 2606 370 37
internal_value=0.00997376 -6.02763 28.0934 1.46627 -11.2465 44.5497 20.3317 -1.62735 6.52622 -14.2246 -8.15538 38.8154 56.8748 15.6927 26.4662 41.7109 32.6423 -9.69736 9.16442 -3.17241 33.1007 4.39659 13.5648 64.52 45.932 -12.8836 4.34972 5.61993 9.37566 4.7591 -9.72268 -6.33994 18.5019 52.2797 34.7948 27.1176 19.2501 25.9113 29.1495 8.85014 -16.3635 0.624469 2.25856 27.4396 22.9486 59.1262 53.1371 18.7045 23.3552 11.6694 -2.09867 3.20096 35.6562 32.7573 15.0083 37.9783 36.6677 63.8765 30.9406 8.06768 15.0624 34.752
internal_weight=504141 414935 89206 170339 244596 28590 60616 105709 64630 124574 120022 19512 9078 34515 26101 13200 6312 64899 28868 62693 6260 35762 21597 3408 6179 76569 35725 17644 3290 14354 64870 55123 940 5670 313 1947 12918 978 14014 27928 48005 43016 11500 7458 1548 371 5357 11940 12087 10484 33711 1064 4313 1850 334 2463 1516 141 133 3079 473 103
internal_count=504141 414935 89206 170339 244596 28590 60616 105709 64630 124574 120022 19512 9078 34515 26101 13200 6312 64899 28868 62693 6260 35762 21597 3408 6179 76569 35725 17644 3290 14354 64870 55123 940 5670 313 1947 12918 978 14014 27928 48005 43016 11500 7458 1548 371 5357 11940 12087 10484 33711 1064 4313 1850 334 2463 1516 141 133 3079 473 103
cat_boundaries=0 1 2 3 4 5 6 7 8
cat_threshold=33 2687820016 144 805675266 2147492864 278528 81920 16
is_linear=0
shrinkage=0.05


Tree=25
num_leaves=63
num_cat=3
split_feature=20 3 20 20 3 3 20 20 3 3 20 3 1 20 3 3 3 20 1 10 18 3 10 3 20 3 20 20 20 3 3 3 3 19 10 7 20 7 20 10 20 10 3 20 20 20 20 20 3 20 3 3 3 10 19 1 3 19 15 10 4 7
split_gain=3.07572e+10 5.15658e+09 4.81608e+09 8.33211e+08 8.04532e+08 7.8191e+08 7.18215e+08 1.63366e+08 1.21307e+08 1.1743e+08 1.13257e+08 1.08978e+08 1.05202e+08 1.04585e+08 9.00955e+07 5.74005e+07 5.13344e+07 4.80157e+07 4.59769e+07 1.03317e+08 3.68757e+07 2.68834e+07 2.62181e+07 3.25039e+07 2.73324e+07 2.5778e+07 2.4585e+07 2.37332e+07 2.35985e+07 2.27112e+07 2.24844e+07 2.07363e+07 2.04805e+07 2.02577e+07 1.94272e+07 2.06558e+07 1.87499e+07 1.84839e+07 1.71728e+07 1.67572e+07 1.67029e+07 1.75688e+07 2.31664e+07 2.11472e+07 1.6208e+07 1.5771e+07 1.51043e+07 1.43792e+07 1.43343e+07 1.40273e+07 1.32787e+07 1.29682e+07 1.21399e+07 1.34902e+07 1.52827e+07 1.18173e+07 1.24321e+07 1.15615e+07 1.11853e+07 1.11176e+07 3.85366e+07 3.98706e+07
threshold=2130.6647743826111 1098.4382861115221 3676.7253487126823 1578.4560009048018 4628.4457362818657 2784.7630142627772 675.02387981175559 5469.7708618331062 1336.5287906968954 1838.1755981244985 900.01401869158894 3207.3745910625325 0 441.94061982679932 2439.0652173913049 1431.2509292975271 3828.1534090909095 4269.790630326007 1 4.5000000000000009 470.99999999999955 3063.3519712210964 5.5000000000000009 1718.4084893054981 2505.4020647934699 5833.4745046068419 1176.5200313766366 2916.9675990675996 5229.0057692225555 3904.2033643443924 5224.9642948227502 771.43554136586249 541.29510130245023 974.92200000000003 5.5000000000000009 2008.5000000000002 1390.8904422667686 2013.5000000000002 4990.3547654076292 1.0000000180025095e-35 3415.5617713651791 1.0000000180025095e-35 4500.0473101299594 2783.9153290054519 1800.0108790252395 4269.790630326007 2625.3205655104398 1974.8037944361051 2226.4494685553996 1007.5428504061637 275.17052208502633 1800.0057157622614 3600.0489955903977 4.5000000000000009 1483.6605000000006 2 2920.4711966842933 63.57383333333334 22.150000000000002 4.5000000000000009 1170.2650000000001 2012.5000000000002
decision_type=2 2 2 2 2 2 2 2 2 2 2 2 1 2 2 2 2 2 1 2 2 2 2 2 2 2 2 2 2 2 2 2 2 2 2 2 2 2 2 2 2 2 2 2 2 2 2 2 2 2 2 2 2 2 2 1 2 2 2 2 2 2
left_child=1 6 5 8 12 14 13 18 26 44 31 27 17 50 22 -14 36 -4 30 45 -21 47 23 -2 -24 -9 -3 -7 -19 34 -6 -8 -15 57 35 -17 39 38 -36 51 41 42 -13 -43 -5 -20 -16 -11 -25 -12 -1 -10 53 55 -55 -37 58 -23 -57 -31 -61 -62
right_child=2 3 4 9 7 11 10 25 16 21 49 40 15 32 46 29 -18 28 19 20 -22 33 24 48 -26 -27 -28 -29 -30 59 -32 -33 -34 -35 37 52 -38 -39 -40 -41 -42 43 -44 -45 -46 -47 -48 -49 -50 -51 -52 -53 -54 54 -56 56 -58 -59 -60 60 61 -63
leaf_value=-17.627671859279079 2.1118847104787117 -4.9943277850394017 36.200813578494341 2.3648515509802723 47.723058236225143 18.378175778801115 -10.542964591313773 57.523117645335361 0.41872442103138696 6.0974186170642648 -7.3685116875023997 28.91288565182295 -14.725838659570289 -13.627994920977541 14.327507953021135 -0.1057318441329464 42.408377452577867 42.403673292051394 18.629331760747093 31.765073080062866 -49.043745255470277 20.92233030943223 12.955238348167725 9.3641012669584338 25.576003236928536 66.235267504091837 -2.8976966138783022 22.371998449225284 62.987242447005386 36.04882752246597 53.972880270277088 -8.7741876156117886 -11.917858246261259 30.937638909133838 44.310107243550966 31.492110148547813 0.33229406052864052 31.16759114729539 88.861989084879554 -2.3783971793429308 28.706779991033876 16.091846258006477 60.89579883510784 25.176382428990475 4.9682708337261268 44.303873373180124 17.421488860917176 8.3117635404756509 12.106425665501343 -5.7531694992370488 -15.337430924686068 10.423699013727855 30.965543067314368 21.655004937842087 -8.1574743817959519 -0.19266783856899938 25.975376194881068 2.8699812193306129 22.669432615342544 34.360746987571432 -28.241501229026102 31.963138351440435
leaf_weight=7783 1137 23613 6048 25674 4857 6059 31485 1856 3150 16840 25798 1403 67 29712 8098 62 70 4218 70 20 48 162 1913 9016 553 1565 34280 9635 144 3005 2045 34979 42621 199 219 930 30296 393 24 15487 6622 726 59 5446 7793 411 7691 12984 10107 28055 33877 361 2876 185 56 107 432 196 107 534 55 55
leaf_count=7783 1137 23613 6048 25674 4857 6059 31485 1856 3150 16840 25798 1403 67 29712 8098 62 70 4218 70 20 48 162 1913 9016 553 1565 34280 9635 144 3005 2045 34979 42621 199 219 930 30296 393 24 15487 6622 726 59 5446 7793 411 7691 12984 10107 28055 33877 361 2876 185 56 107 432 196 107 534 55 55
internal_value=-0.00932228 -6.10693 24.9979 0.491869 41.5631 17.6453 -10.9257 52.4633 -2.20014 5.01413 -8.23122 23.7047 35.4911 -13.7697 12.9333 31.3489 -0.379153 39.0472 48.3102 31.8321 -25.2764 7.2647 10.9176 10.3252 15.7854 61.5087 -3.75286 20.8301 43.0832 31.725 49.5031 -9.61208 -12.6203 18.1482 29.6632 28.5654 -0.439914 37.8702 48.7103 -1.67135 26.8692 25.2752 30.2036 24.1078 2.97107 40.5675 15.8346 7.06144 10.8135 -6.52699 -15.7653 1.44743 28.9442 25.7448 14.7276 27.4295 20.7719 11.0389 11.2384 34.7712 28.8095 1.86082
internal_weight=504269 405415 98854 171105 30389 68465 234310 10872 107257 63848 120317 29950 19517 113993 38515 9107 49364 10410 7451 549 68 30381 22726 20260 2466 3421 57893 15694 4362 9040 6902 66464 72333 557 5391 4755 49294 636 243 18998 14256 7634 1462 6172 33467 481 15789 29824 19123 53853 41660 3511 4693 1817 241 1576 646 358 214 3649 644 110
internal_count=504269 405415 98854 171105 30389 68465 234310 10872 107257 63848 120317 29950 19517 113993 38515 9107 49364 10410 7451 549 68 30381 22726 20260 2466 3421 57893 15694 4362 9040 6902 66464 72333 557 5391 4755 49294 636 243 18998 14256 7634 1462 6172 33467 481 15789 29824 19123 53853 41660 3511 4693 1817 241 1576 646 358 214 3649 644 110
cat_boundaries=0 1 2 3
cat_threshold=1 33 48
is_linear=0
shrinkage=0.05


Tree=26
num_leaves=63
num_cat=8
split_feature=20 20 20 3 3 3 3 1 20 20 20 20 3 20 20 20 3 1 10 0 3 3 3 3 3 3 20 20 0 17 3 3 0 3 20 10 3 20 3 20 20 10 3 20 0 20 13 20 4 7 0 18 3 10 0 20 4 3 3 18 7 18
split_gain=2.77587e+10 4.66009e+09 4.34671e+09 7.43665e+08 7.27309e+08 7.05674e+08 6.40887e+08 1.2328e+08 1.22114e+08 1.10419e+08 1.01529e+08 1.00904e+08 9.83524e+07 8.71568e+07 8.24211e+07 5.75284e+07 5.21806e+07 3.97058e+07 9.07644e+07 3.35698e+07 3.14729e+07 3.04149e+07 2.90782e+07 2.5507e+07 2.31468e+07 2.26933e+07 2.15577e+07 2.12731e+07 2.0659e+07 4.4573e+07 1.98391e+07 1.831e+07 3.22242e+07 1.74516e+07 1.74205e+07 1.61303e+07 2.0411e+07 2.0177e+07 1.60553e+07 1.53003e+07 1.50744e+07 1.67086e+07 1.89994e+07 1.49254e+07 2.30583e+07 1.4879e+07 1.48148e+07 1.44664e+07 1.42314e+07 1.50299e+07 1.39402e+07 3.96799e+07 1.32934e+07 1.31446e+07 1.30399e+07 1.29785e+07 1.24831e+07 1.21328e+07 1.2102e+07 1.2087e+07 1.18082e+07 1.17787e+07
threshold=2130.6647743826111 1097.4331365417831 3676.7253487126823 1538.6742199739797 4782.7513255980266 2784.7630142627772 683.33628791715921 0 1750.0183598531216 5469.7708618331062 858.015890743927 458.59797978831733 3207.3745910625325 1310.0072150072153 2440.9698029269407 4383.0987632676979 1431.2509292975271 1 4.5000000000000009 2 2702.1792559104724 4086.4962359785382 1975.0048430840764 1525.0002183693621 5833.4745046068419 3336.2827255565417 2980.0949553835444 5229.0057692225555 3 539.09500000000014 1007.2512352657795 2626.6259354325598 4 1193.4350199794501 559.4252135775962 1.0000000180025095e-35 1800.0057157622614 1390.8904422667686 2187.5862658914652 1443.5382329590784 3415.5617713651791 4.5000000000000009 4500.0473101299594 3161.1678463094036 5 4269.790630326007 126.50000000000001 314.95347736791808 577.8900000000001 2011.5000000000002 6 618.85857142857162 2476.7546290360606 5.5000000000000009 7 4092.4176710918609 2.4750000000000005 2593.7228879249046 5224.9642948227502 201.47142857142867 2009.5000000000002 3.3571428571428656
decision_type=2 2 2 2 2 2 2 1 2 2 2 2 2 2 2 2 2 1 2 9 2 2 2 2 2 2 2 2 9 2 2 2 9 2 2 2 2 2 2 2 2 2 2 2 9 2 2 2 2 2 9 2 2 2 9 2 2 2 2 2 2 2
left_child=1 6 5 13 7 14 11 15 21 17 20 47 26 28 38 55 -9 18 45 -18 -8 35 50 -16 -11 60 -7 -17 29 -3 -12 -24 -33 -30 -13 36 -5 -37 -2 -15 41 42 -14 57 -45 -6 -31 -1 56 -50 51 -10 -32 -29 -43 -4 -27 -25 -19 -44 -21 -34
right_child=2 3 4 8 9 12 10 16 22 24 30 34 40 39 23 27 19 58 -20 25 -22 -23 31 43 -26 48 -28 53 33 46 52 32 61 -35 -36 37 -38 -39 -40 -41 -42 54 59 44 -46 -47 -48 -49 49 -51 -52 -53 -54 -55 -56 -57 -58 -59 -60 -61 -62 -63
leaf_value=-16.185682764110435 8.0606869224362221 -1.4007379836289091 33.180608580111212 2.7713498035317783 10.651981560389203 17.845682456962059 -9.3630639149193353 -13.989546726710763 8.5501517596370373 54.63593495446036 -7.1480983910504312 -12.757919191650725 24.765868234738289 -1.5730550430627717 1.7676680063114731 41.642962632774491 32.69469366596217 46.391120135570191 -39.105668649619275 -4.059496121747153 53.370652084350581 37.110016739752986 7.5204124815893216 13.410737537481154 62.923504725568982 21.157595878578832 21.556080767422387 50.856690235555611 -4.8142938117678566 7.4174615827473733 -5.3902645981526121 24.519546369165852 26.946687156871214 -2.9578432243211217 -11.159904325080406 -2.8661570838866322 9.8543163753606411 1.978790358515699 11.065681139796519 0.21953038587343246 27.27144099003624 13.216608558359191 22.684776780870227 29.00865693132501 11.92527004939134 42.91103133896987 34.153552592746799 -14.254809228672901 -4.8859264740577117 23.458299797324727 4.8511301459229035 54.414382044271548 18.997334405354092 80.808258712768563 23.475441916574923 37.381415975191558 31.59407196914071 16.081561482752189 51.274236946525662 54.481342431400599 19.853049289001191 3.216680078755902
leaf_weight=13907 6620 1351 3828 4070 42 7476 55723 67 1255 1825 36881 29224 5967 26216 373 4358 5990 3343 44 56 20 62 14691 9175 1565 343 8218 137 25312 88 25571 436 59 25325 40955 2357 1356 24341 13529 21804 6622 653 45 465 428 240 126 32070 52 465 21650 49 56 50 880 3538 1740 7925 2045 89 661 460
leaf_count=13907 6620 1351 3828 4070 42 7476 55723 67 1255 1825 36881 29224 5967 26216 373 4358 5990 3343 44 56 20 62 14691 9175 1565 343 8218 137 25312 88 25571 436 59 25325 40955 2357 1356 24341 13529 21804 6622 653 45 465 428 240 126 32070 52 465 21650 49 56 50 880 3538 1740 7925 2045 89 661 460
internal_value=-0.00882492 -5.80159 23.7482 0.47458 39.4854 16.763 -10.3803 34.4266 4.39794 51.3129 -7.78911 -13.0182 22.5194 -2.29646 12.2867 37.896 29.9458 47.0715 26.8613 30.2942 -9.34056 2.12368 6.2943 14.7093 58.4619 25.7831 19.7886 42.3516 -3.71065 1.9452 -6.40557 7.95651 14.6652 -3.88506 -11.8254 2.05616 4.54144 1.55106 10.0784 -0.759112 25.5257 24.0114 25.184 14.9776 21.2793 38.1065 23.1593 -14.8389 28.0326 20.6074 5.16129 10.1954 -5.33697 58.8651 19.3449 35.1983 29.8755 14.6485 48.1551 43.8034 17.9854 5.80251
internal_weight=504269 405415 98854 171008 30389 68465 234407 21285 70786 9104 118251 116156 29950 100222 38515 11911 9374 5714 326 9307 55743 32186 38600 18366 3390 3317 15694 4545 52202 1565 62508 15646 955 50637 70179 32124 5426 26698 20149 48020 14256 7634 6101 17993 893 282 214 45977 2600 517 22954 1304 25627 187 1533 7366 2083 17100 5388 134 717 519
internal_count=504269 405415 98854 171008 30389 68465 234407 21285 70786 9104 118251 116156 29950 100222 38515 11911 9374 5714 326 9307 55743 32186 38600 18366 3390 3317 15694 4545 52202 1565 62508 15646 955 50637 70179 32124 5426 26698 20149 48020 14256 7634 6101 17993 893 282 214 45977 2600 517 22954 1304 25627 187 1533 7366 2083 17100 5388 134 717 519
cat_boundaries=0 1 2 4 5 6 7 8 9
cat_threshold=1 144 1129029378 1 10502144 809607170 336138 16384 2684451840
is_linear=0
shrinkage=0.05


Tree=27
num_leaves=63
num_cat=7
split_feature=20 3 3 20 20 20 20 20 3 20 20 3 20 3 20 3 3 10 0 4 20 20 3 0 3 0 3 3 7 3 3 3 20 3 10 3 0 18 10 3 10 10 10 7 15 3 0 4 3 7 10 3 20 0 17 4 10 4 3 7 0 7
split_gain=2.50545e+10 4.74615e+09 3.39682e+09 7.85274e+08 6.80931e+08 6.69535e+08 4.74203e+08 1.25073e+08 1.19269e+08 1.08946e+08 9.14113e+07 8.49103e+07 7.2805e+07 6.66805e+07 6.08648e+07 4.96894e+07 4.67377e+07 3.34822e+07 3.17848e+07 2.68284e+07 2.53073e+07 2.23893e+07 2.152e+07 4.30131e+07 1.95344e+07 1.95122e+07 1.96376e+07 1.87206e+07 1.74808e+07 1.72624e+07 1.71626e+07 1.65383e+07 1.65156e+07 1.62719e+07 2.63665e+07 1.62448e+07 1.60362e+07 5.18736e+07 1.59316e+07 1.57623e+07 1.56821e+07 1.5633e+07 2.2509e+07 1.52217e+07 2.00183e+07 1.47881e+07 1.41877e+07 1.3743e+07 1.33401e+07 1.30382e+07 1.13858e+07 1.80805e+07 1.59119e+07 1.40858e+07 2.67514e+07 1.12539e+07 3.33216e+07 1.4375e+07 1.12029e+07 1.10634e+07 1.08165e+07 1.07902e+07
threshold=2253.2515689623401 1184.6226540807204 3904.2033643443924 713.44060637444557 1670.4993966210782 3065.361988127981 4990.3547654076292 955.01916118741008 2593.7228879249046 480.68553135450009 1390.8904422667686 1975.0048430840764 4269.790630326007 5833.4745046068419 3489.0433262110359 1431.2509292975271 3828.1534090909095 5.5000000000000009 0 509.12500000000006 4182.4898543004738 2783.9153290054519 2626.6259354325598 1 1525.0002183693621 2 2301.3822729599801 822.45950189575422 2015.5000000000002 1750.0167000668007 595.17575775051137 350.00213649127096 5469.7708618331062 2091.6735547090252 5.5000000000000009 1486.3823785390141 3 618.85857142857162 5.5000000000000009 5833.4745046068419 4.5000000000000009 4.5000000000000009 5.5000000000000009 2011.5000000000002 20.950000000000003 1046.4716838378274 4 15.005000000000001 3600.0489955903977 2012.5000000000002 1.0000000180025095e-35 1486.3823785390141 999.99998451777526 5 549.72000000000014 2547.7150000000006 4.5000000000000009 1.905 3158.1210901774289 2008.5000000000002 6 2010.5000000000002
decision_type=2 2 2 2 2 2 2 2 2 2 2 2 2 2 2 2 2 2 9 2 2 2 2 9 2 9 2 2 2 2 2 2 2 2 2 2 9 2 2 2 2 2 2 2 2 2 9 2 2 2 2 2 2 9 2 2 2 2 2 2 9 2
left_child=1 3 5 9 10 8 12 27 33 31 16 29 18 32 35 -16 50 25 19 47 -19 -10 -13 40 -12 26 -17 -5 41 38 -11 -1 61 34 60 -7 37 -31 -6 -30 -24 -14 43 44 -43 -9 -25 -4 -26 -21 51 53 -52 54 -3 57 -57 -28 -37 -20 -2 -8
right_child=2 4 6 7 11 14 13 45 21 30 24 22 28 -15 15 17 -18 20 59 49 -22 -23 23 46 48 -27 55 -29 39 36 -32 -33 -34 -35 -36 58 -38 -39 -40 -41 -42 42 -44 -45 -46 -47 -48 -49 -50 -51 52 -53 -54 -55 -56 56 -58 -59 -60 -61 -62 -63
leaf_value=-15.053853579446647 -0.067624714830315402 -1.7757030395900502 18.221590990332601 -8.9783097397078446 2.2011545861309343 -5.930196514496437 22.077578621325287 -5.8694927697037285 15.043048768235398 -11.747269418252698 -0.26172710262854243 7.7295619653076999 38.065282224235517 59.564100011809302 -13.730404433886211 9.2849433252888343 49.135976583307439 31.127391155874523 9.0555849481136246 -9.6581680462278179 48.295160851101159 18.392504535445251 35.28263828239853 3.4941558649582811 1.7242015194617943 27.812124909991212 17.619002618789676 -7.3125591437886461 41.02028662911777 8.5688122830918569 -10.224019640242121 -13.218534125540726 51.838291314242738 11.816073864430448 18.697661713008042 20.130439490575846 4.8209938625250643 57.840292343923025 7.1432965664456605 83.472781285372662 5.3665227413177492 22.319156458348402 39.584828019640014 28.683546575012613 -22.070448066092826 -4.3360969591881302 14.653147726309399 31.918503069711285 24.765835917942109 21.107225692899604 -7.1623540827519001 4.9137234037086337 -2.5375687790618069 -2.1240734585389669 31.936302130851484 22.015697275301989 -15.681377444284804 26.532498524997063 23.206125845395832 33.392721704359175 7.6085507816771951 46.446586626339204
leaf_weight=19603 638 170 319 33317 11729 52 46 29100 9954 34414 24998 23264 4197 1642 75 248 44 1254 47 87 259 10003 278 588 21528 7274 550 34162 3567 1159 39968 32834 1945 16796 455 4687 20238 56 1894 22 52 81 431 428 37 34205 585 430 63 57 1949 1213 40664 6876 90 425 68 2547 8038 7244 1691 3634
leaf_count=19603 638 170 319 33317 11729 52 46 29100 9954 34414 24998 23264 4197 1642 75 248 44 1254 47 87 259 10003 278 588 21528 7274 550 34162 3567 1159 39968 32834 1945 16796 455 4687 20238 56 1894 22 52 81 431 428 37 34205 585 430 63 57 1949 1213 40664 6876 90 425 68 2547 8038 7244 1691 3634
internal_value=-0.00824518 -5.17582 24.0285 -9.3558 1.66355 18.0749 40.014 -6.63736 14.0018 -12.1592 -0.911343 5.86282 35.4321 50.6994 24.3958 26.8471 -2.37381 27.0881 32.0409 22.0382 34.0662 16.7219 8.10418 13.9027 0.689781 26.138 22.8331 -8.135 38.5992 4.28021 -10.9288 -13.9046 48.1116 11.2292 7.68885 21.9593 5.16412 10.7513 2.88826 41.2805 29.6695 36.7392 31.0428 24.3 8.40038 -5.04097 9.1362 26.085 1.79143 2.5198 -2.41829 -0.729863 -2.74909 -1.68918 9.5274 23.8326 16.8161 24.9495 22.0733 33.1903 5.53814 46.142
internal_weight=504269 415041 89228 257603 157438 65014 24214 130784 39537 126819 97595 59843 16947 7267 25477 12700 51006 12625 8184 893 1513 19957 24767 1503 46589 11112 3838 67479 8763 35076 74382 52437 5625 19580 2784 12777 21453 1215 13623 3589 330 5174 977 546 118 63305 1173 749 21591 144 50962 8349 42613 7136 260 3590 493 3097 12725 7291 2329 3680
internal_count=504269 415041 89228 257603 157438 65014 24214 130784 39537 126819 97595 59843 16947 7267 25477 12700 51006 12625 8184 893 1513 19957 24767 1503 46589 11112 3838 67479 8763 35076 74382 52437 5625 19580 2784 12777 21453 1215 13623 3589 330 5174 977 546 118 63305 1173 749 21591 144 50962 8349 42613 7136 260 3590 493 3097 12725 7291 2329 3680
cat_boundaries=0 1 2 3 4 6 7 9
cat_threshold=2686736456 589826 2688313532 16384 2165331284 1 16384 20333728 1
is_linear=0
shrinkage=0.05


Tree=28
num_leaves=63
num_cat=4
split_feature=20 20 20 3 3 3 3 20 20 3 20 3 3 20 20 3 10 3 3 20 20 3 3 3 20 20 3 20 3 0 7 3 10 10 3 20 3 0 18 10 20 0 3 18 10 0 3 18 20 10 7 15 10 7 20 10 20 3 3 3 17 16
split_gain=2.26281e+10 3.71721e+09 3.63231e+09 6.56101e+08 6.02378e+08 5.97846e+08 4.49192e+08 1.18415e+08 1.04673e+08 8.29567e+07 8.05054e+07 8.04486e+07 7.48392e+07 7.34518e+07 6.49107e+07 4.26399e+07 2.66586e+07 2.66538e+07 2.63066e+07 2.29356e+07 2.18541e+07 2.14014e+07 2.12651e+07 1.89716e+07 1.80605e+07 1.69094e+07 1.676e+07 1.61678e+07 1.51321e+07 1.81283e+07 1.46382e+07 1.43415e+07 1.41343e+07 1.40611e+07 1.98061e+07 1.68261e+07 1.31176e+07 1.28833e+07 2.5084e+07 1.2838e+07 1.55948e+07 1.49537e+07 1.47012e+07 1.71487e+07 1.24418e+07 2.0651e+07 1.37225e+07 1.21551e+07 1.1869e+07 1.16304e+07 1.22029e+07 1.2156e+07 1.21104e+07 1.48811e+07 1.15961e+07 1.07012e+07 1.3092e+07 1.04615e+07 1.00509e+07 1.00491e+07 9.93913e+06 9.85656e+06
threshold=2105.8163348239118 1051.0161801633192 3676.7253487126823 1514.2868223926246 2784.7630142627772 4628.4457362818657 645.37100592609511 5469.7708618331062 1750.0183598531216 1245.5867685002588 836.59264694194439 3207.3745910625325 4000.0000000000009 2440.9698029269407 433.3703557005536 1451.2915832618437 5.5000000000000009 4086.4962359785382 2626.6259354325598 4990.3547654076292 4792.6836324509404 1525.0002183693621 1939.9037800101239 5833.4745046068419 2916.9675990675996 1370.4643175916096 3487.2195577335215 4269.790630326007 3600.0489955903977 0 2009.5000000000002 2187.5862658914652 4.5000000000000009 1.0000000180025095e-35 1800.0057157622614 1390.8904422667686 931.63395115199432 1 1668.8628571428574 4.5000000000000009 2980.0949553835444 2 4500.0473101299594 201.47142857142867 5.5000000000000009 3 2439.0652173913049 2143.5714285714294 2818.4868421052638 4.5000000000000009 2013.5000000000002 14.250000000000002 5.5000000000000009 2011.5000000000002 548.65038337438864 5.5000000000000009 1300.0225903614462 1030.6504409972035 238.09983634640471 3408.994814838808 1501.4500000000003 3.1500000000000008
decision_type=2 2 2 2 2 2 2 2 2 2 2 2 2 2 2 2 2 2 2 2 2 2 2 2 2 2 2 2 2 9 2 2 2 2 2 2 2 9 2 2 2 9 2 2 2 9 2 2 2 2 2 2 2 2 2 2 2 2 2 2 2 2
left_child=1 6 4 9 13 12 14 19 17 37 18 24 15 31 58 -4 28 33 -8 49 -18 -15 -10 -9 -6 -11 -24 -14 29 -17 -28 -2 -31 34 -5 -35 -12 38 -3 42 -41 -42 59 -44 46 48 -23 -22 -46 -7 51 -51 53 -53 -16 57 -57 -39 -1 -13 -34 -40
right_child=2 3 5 8 11 7 10 23 22 25 36 39 27 21 54 16 20 -19 -20 -21 47 44 26 -25 -26 -27 30 -29 -30 32 -32 -33 60 35 -36 -37 -38 55 61 40 41 -43 43 -45 45 -47 -48 -49 -50 50 -52 52 -54 -55 -56 56 -58 -59 -60 -61 -62 -63
leaf_value=-16.038725286928525 7.3138563767719411 -0.60109277536670502 -10.706009285031138 2.3649860346134752 15.719910353866153 40.150733011435335 -8.7990450583231503 49.325129952631762 4.4373539502985251 -1.9771517095704536 -7.0285584931668525 21.600216380336278 31.287793531445899 1.4367274771427023 -11.730988192512548 34.518402891520303 32.473006888102724 34.00970396399498 48.554195785522467 44.427143262939211 46.992345345020297 10.529586497531978 6.6327081911711039 56.799123337230746 19.199490779343826 -0.23189057159711549 0.17445971784712394 35.224826655349794 27.70028092982318 22.207762082574366 25.296230024044668 9.9728596559480387 14.632761847931247 -2.4579776707038916 9.2069115703173896 1.647081018697951 -5.51010718630911 -6.1209086539015223 13.964094518025716 9.8918388645834678 15.350302272614631 24.366836575657331 18.90614377339681 49.58523132153627 19.302624125848681 12.855724560949206 13.918746839454009 88.717281087239598 32.332194015788701 41.200748168097604 36.80537386376983 -34.419567816598075 36.342839199787868 14.380465324980314 -10.393185339058196 -3.1223399597748522 2.9557421201775331 -3.9731616679648543 -13.363503462090529 24.694531330105036 -10.017619111402979 56.025081971975482
leaf_weight=3901 7983 1474 74 4664 6084 3209 61402 1856 19807 27815 25435 4165 5100 373 31809 320 1095 64 20 3535 64 3964 16937 1565 9635 27700 79 5336 5673 1599 218 13902 179 2748 1368 27245 32266 6680 30 335 869 1623 75 116 447 1181 12114 24 287 54 534 21 37 61 33006 5270 1065 37491 35116 7091 53 26
leaf_count=3901 7983 1474 74 4664 6084 3209 61402 1856 19807 27815 25435 4165 5100 373 31809 320 1095 64 20 3535 64 3964 16937 1565 9635 27700 79 5336 5673 1599 218 13902 179 2748 1368 27245 32266 6680 30 335 869 1623 75 116 447 1181 12114 24 287 54 534 21 37 61 33006 5270 1065 37491 35116 7091 53 26
internal_value=-0.00777719 -5.29635 21.2045 0.0337543 14.9565 35.6469 -9.61583 45.0432 3.68767 -2.45075 -7.52053 20.3204 30.4126 10.9596 -12.0197 27.0935 27.404 1.77124 -8.78037 41.5074 34.3995 13.2912 5.55485 52.7442 17.8527 -1.10633 6.83919 33.3008 26.3463 22.7753 18.614 9.00293 20.4229 1.71396 3.91667 1.27097 -6.17945 -3.88506 0.642574 23.0378 20.0204 21.382 23.783 37.5385 13.5369 17.3466 13.0832 58.3719 24.0694 38.8717 33.0665 21.5256 12.5973 1.8829 -11.0497 -4.02154 -2.10053 -4.29797 -13.631 23.5496 9.00142 33.4924
internal_weight=504269 403636 100633 180681 70244 30389 222955 10872 73130 107551 119123 29993 19517 40251 103832 9081 9007 36089 61422 7451 1183 18366 37041 3421 15719 55515 17234 10436 7824 2151 297 21885 1831 36025 6032 29993 57701 52036 1530 14274 2827 2492 11447 191 17993 1915 16078 88 734 3916 707 173 119 82 64815 50506 6335 44171 39017 11256 232 56
internal_count=504269 403636 100633 180681 70244 30389 222955 10872 73130 107551 119123 29993 19517 40251 103832 9081 9007 36089 61422 7451 1183 18366 37041 3421 15719 55515 17234 10436 7824 2151 297 21885 1831 36025 6032 29993 57701 52036 1530 14274 2827 2492 11447 191 17993 1915 16078 88 734 3916 707 173 119 82 64815 50506 6335 44171 39017 11256 232 56
cat_boundaries=0 1 2 3 4
cat_threshold=151519234 10502144 2147562504 268509448
is_linear=0
shrinkage=0.05


Tree=29
num_leaves=63
num_cat=5
split_feature=20 3 20 3 20 20 3 20 1 3 3 3 3 3 3 1 20 1 10 3 18 7 10 3 20 20 20 3 3 3 20 3 19 1 7 20 19 20 20 10 3 20 10 7 19 10 19 1 4 20 20 10 3 20 19 19 20 14 10 4 7 18
split_gain=2.04226e+10 3.35833e+09 3.28247e+09 6.45043e+08 5.49963e+08 4.56749e+08 4.43019e+08 1.07268e+08 1.01331e+08 8.90945e+07 7.26675e+07 7.02553e+07 6.70276e+07 5.75229e+07 5.71496e+07 4.36586e+07 3.74041e+07 3.72942e+07 8.30937e+07 3.63614e+07 2.75304e+07 2.74632e+07 2.04671e+07 2.18543e+07 1.98425e+07 1.95791e+07 1.87425e+07 1.86428e+07 1.7586e+07 1.71219e+07 1.60837e+07 1.56588e+07 1.54136e+07 1.41026e+07 1.40223e+07 1.30103e+07 1.25784e+07 1.24317e+07 1.23266e+07 1.18385e+07 2.1847e+07 1.58425e+07 1.16959e+07 1.65046e+07 1.83762e+07 1.50918e+07 1.97215e+07 3.66686e+07 1.48645e+07 1.11156e+07 1.07294e+07 1.91922e+07 1.19464e+07 1.01715e+07 1.00732e+07 1.00032e+07 9.84548e+06 9.84338e+06 9.72704e+06 3.21966e+07 3.93712e+07 9.69617e+06
threshold=2105.8163348239118 1082.3079006351093 3535.4039992962066 4628.4457362818657 1578.4560009048018 669.46372593918852 2746.2840768770461 5469.7708618331062 0 1336.5287906968954 1838.1755981244985 844.1812976276276 441.6771207761131 3104.7188819842099 2372.6448168027196 1 4182.4898543004738 2 4.5000000000000009 4172.1826972747822 470.99999999999955 2008.5000000000002 5.5000000000000009 1475.0031074236351 2505.4020647934699 4990.3547654076292 1176.5200313766366 3530.0651334834361 3828.1534090909095 5833.4745046068419 994.42657769353184 5224.9642948227502 974.92200000000003 3 2013.5000000000002 548.65038337438864 743.15500000000009 2625.3205655104398 4990.3547654076292 1.0000000180025095e-35 1939.9037800101239 1298.0943810862038 5.5000000000000009 2013.5000000000002 647.59250000000009 4.5000000000000009 393.88000000000005 4 28.505000000000006 1800.0108790252395 2783.9153290054519 1.0000000180025095e-35 4782.7513255980266 2916.9675990675996 713.89833333333343 3.7213333333333338 272.99152767543006 29.450000000000003 4.5000000000000009 1170.2650000000001 2012.5000000000002 1864.097142857142
decision_type=2 2 2 2 2 2 2 2 1 2 2 2 2 2 2 1 2 1 2 2 2 2 2 2 2 2 2 2 2 2 2 2 2 1 2 2 2 2 2 2 2 2 2 2 2 2 2 1 2 2 2 2 2 2 2 2 2 2 2 2 2 2
left_child=1 5 6 8 9 12 14 17 16 26 49 -7 56 33 22 21 -4 31 34 39 -20 36 23 -2 -24 -18 -3 -12 42 -9 -13 -5 -29 -8 -19 -14 -10 -16 -17 40 -11 -41 45 44 -44 -23 -47 54 57 -6 51 52 -15 -35 -48 -33 -1 -46 -30 -60 -61 -26
right_child=2 4 3 7 10 11 13 29 15 19 27 30 35 50 37 38 25 18 20 -21 -22 28 24 -25 61 -27 -28 32 58 -31 -32 55 -34 53 -36 -37 -38 -39 -40 41 -42 -43 43 -45 48 46 47 -49 -50 -51 -52 -53 -54 -55 -56 -57 -58 -59 59 60 -62 -63
leaf_value=-14.522337330456137 -2.0225806446630434 -4.1312940543117405 28.753538434041811 39.001702077576546 1.9107414151202879 -8.117886352216642 9.0763596551598962 46.858873843675354 11.170664928824294 0.75259903693644881 5.7006249526440724 -6.3567875943726948 -11.064870159186183 24.45193511171734 11.255489734584353 9.0148203529049997 33.928131911838669 36.838857330209798 22.070397975228051 43.202897842725122 -45.048732109069825 24.183480811707888 10.590688802165657 8.1492388603811019 18.249291423262928 48.042032994780435 -2.3754698580047879 8.7885047992857377 28.992222800836942 53.959168159536091 -4.7376379041395706 77.749361402338209 30.610528885832537 15.198663184321743 14.618221342009168 -9.7113633329633373 -25.197949360262964 14.018074546652125 -19.943138790130618 -3.0771730732594609 11.664724940373029 -0.279222652651405 20.895999224185942 24.714465749504591 84.83359551565988 24.696906900974241 9.8967636524741334 23.603689904413493 36.660051124160354 4.0811848407654194 21.073102526784609 12.587656245734422 62.784683643687856 17.991367892537387 -13.650339912860952 43.851222853476735 -12.518379876543406 48.930754888625373 27.294553923217087 -31.346292277744841 23.177133035071105 35.707764747968092
leaf_weight=7509 544 27010 5524 4866 25693 55330 762 1856 102 7635 28412 36449 33459 267 10943 223 5162 407 22 48 50 5536 1892 18017 338 258 34756 202 3852 1565 26480 22 135 6795 86 37826 31 6486 44 5906 488 35287 90 594 35 409 67 204 111 7657 13088 914 22 6268 141 2023 33354 42 734 56 81 104
leaf_count=7509 544 27010 5524 4866 25693 55330 762 1856 102 7635 28412 36449 33459 267 10943 223 5162 407 22 48 50 5536 1892 18017 338 258 34756 202 3852 1565 26480 22 135 6795 86 37826 31 6486 44 5906 488 35287 90 594 35 409 67 204 111 7657 13088 914 22 6268 141 2023 33354 42 734 56 81 104
internal_value=-0.00730198 -5.03153 20.1447 32.7324 0.228331 -8.98611 13.6666 42.7736 28.0356 -1.87764 3.9971 -6.8182 -11.2721 18.4333 10.1695 24.814 31.6201 39.4178 25.189 -0.29403 -24.5401 25.2681 8.40603 7.85112 12.819 34.6 -3.14328 5.83929 25.5404 50.107 -5.67546 40.486 17.5303 16.1339 32.9626 -10.3467 2.69377 12.2836 4.08956 -0.336366 1.40816 -0.680376 23.9902 29.4204 39.4754 23.2453 16.9191 9.198 48.3699 2.40906 20.6577 16.1389 27.37 16.526 -5.78722 44.2159 -12.8866 65.2502 27.9132 23.1414 0.890185 22.3572
internal_weight=504269 403636 100633 34193 173229 230407 66440 10897 23296 111130 62099 118259 112148 28116 38324 12352 10944 7476 565 49364 72 12085 20895 18561 2334 5420 61766 28749 11952 3421 62929 6911 337 13825 493 71285 133 17429 267 49316 8123 41193 7229 872 278 6357 821 412 188 33350 14291 1203 289 13063 208 2045 40863 77 4723 871 137 442
internal_count=504269 403636 100633 34193 173229 230407 66440 10897 23296 111130 62099 118259 112148 28116 38324 12352 10944 7476 565 49364 72 12085 20895 18561 2334 5420 61766 28749 11952 3421 62929 6911 337 13825 493 71285 133 17429 267 49316 8123 41193 7229 872 278 6357 821 412 188 33350 14291 1203 289 13063 208 2045 40863 77 4723 871 137 442
cat_boundaries=0 1 2 3 4 5
cat_threshold=1 116 33 136 16
is_linear=0
shrinkage=0.05


Tree=30
num_leaves=63
num_cat=11
split_feature=20 20 3 3 3 20 20 20 20 20 3 1 20 20 10 7 3 20 1 0 10 3 20 7 20 10 3 14 0 18 3 3 3 0 10 20 0 20 20 7 10 1 3 1 1 3 10 3 3 10 3 13 0 7 3 20 20 7 20 7 0 18
split_gain=1.84322e+10 3.68852e+09 2.36533e+09 6.26297e+08 5.28244e+08 4.3167e+08 3.53925e+08 1.02456e+08 7.4971e+07 7.45456e+07 6.85696e+07 6.1735e+07 5.9222e+07 5.19306e+07 5.11603e+07 9.90036e+07 4.61655e+07 4.56347e+07 4.17745e+07 2.63399e+07 2.47056e+07 2.35609e+07 2.21439e+07 2.01664e+07 1.82468e+07 1.7388e+07 3.80182e+07 1.72574e+07 1.70022e+07 6.86044e+07 1.68894e+07 1.6453e+07 1.61085e+07 1.5859e+07 1.48863e+07 2.13905e+07 1.43675e+07 1.42757e+07 1.41899e+07 1.40857e+07 1.38096e+07 1.82126e+07 1.36608e+07 1.30357e+07 1.28058e+07 1.56525e+07 1.27249e+07 1.33197e+07 1.2453e+07 1.20995e+07 1.85231e+07 1.20909e+07 1.20102e+07 1.11751e+07 1.11384e+07 1.1118e+07 1.04721e+07 1.04718e+07 1.24724e+07 1.02564e+07 9.83193e+06 1.85353e+07
threshold=2302.6551113320688 1200.0076499388008 3904.2033643443924 757.50872595252645 1718.4084893054981 3065.361988127981 4990.3547654076292 534.25716166317329 986.36549165120607 1463.7524846178458 2667.2795652755995 0 1974.8037944361051 5846.5037224942653 4.5000000000000009 2012.5000000000002 4500.0473101299594 3489.0433262110359 1 2 5.5000000000000009 2626.6259354325598 390.50125619373301 2009.5000000000002 4182.4898543004738 1.0000000180025095e-35 2439.0652173913049 30.950000000000003 3 508.28785714285726 2279.1554194469331 4782.7513255980266 1336.5287906968954 4 5.5000000000000009 1750.0183598531216 5 4792.6836324509404 1400.0010844575547 2008.5000000000002 4.5000000000000009 6 1107.8389988947558 7 8 1656.6609783845281 1.0000000180025095e-35 2593.7228879249046 1498.5128217068718 1.0000000180025095e-35 3600.0489955903977 136.50000000000003 9 2013.5000000000002 5470.869381340538 843.48527206971778 2818.4868421052638 2007.5000000000002 2668.9288511288119 2013.5000000000002 10 420.00285714285667
decision_type=2 2 2 2 2 2 2 2 2 2 2 1 2 2 2 2 2 2 1 9 2 2 2 2 2 2 2 2 9 2 2 2 2 9 2 2 9 2 2 2 2 1 2 1 1 2 2 2 2 2 2 2 9 2 2 2 2 2 2 2 9 2
left_child=1 3 5 7 9 10 11 22 21 32 44 14 25 54 19 -16 -13 -7 36 51 23 55 -1 27 -22 26 28 46 29 -6 60 -17 -3 40 48 -36 -19 -35 -27 -21 -25 -42 -10 -12 57 -46 -20 -48 -11 50 -32 -4 -15 -41 -8 -5 -45 -2 -59 -52 61 -14
right_child=2 4 6 8 12 17 13 -9 42 34 43 16 30 52 15 31 -18 18 20 39 24 -23 -24 33 -26 38 -28 -29 -30 -31 49 -33 -34 37 35 -37 -38 -39 -40 53 41 -43 -44 56 45 -47 47 -49 -50 -51 59 -53 -54 -55 -56 -57 -58 58 -60 -61 -62 -63
leaf_value=-12.661433625611748 8.0645548404122067 -2.4157016249983352 3.3859048642763279 -7.2374821253258634 6.8238985851832794 18.787064661888163 39.601137000753937 -8.8835414634297134 -4.6997937389616666 -0.6134826190117687 8.5410148138605191 29.644804860180486 9.5520575338924267 55.883074699934141 -36.001148910911716 22.008754614993894 35.606873473885194 11.541363036632539 43.091478827192979 -5.7576041045012296 27.025736097566909 36.402452278137211 -10.834130301733389 20.184420813023475 41.795558387824741 -2.6078063399525782 22.633359067214595 -12.003530179129706 4.9265272509070783 80.942106909500922 12.748385634525636 -23.386856303896224 -0.71371561037104769 23.83070816164042 2.1102953017003503 10.331595622117351 -10.966499954570423 38.821031260196072 3.7784593873878727 34.800622835023717 -7.3783041662421116 20.168100509335918 -3.161763102554874 13.822494186910738 -2.8644704304510937 8.8970839767421896 -6.0848157313332631 24.402215664108081 1.4128129041427688 8.7153900274205736 50.363653785211071 20.644675632109546 41.871242312032678 26.765116813918265 44.33199308059514 -5.915122584353175 16.417279642163077 11.047729018394648 15.390375827324391 15.306754206208621 6.4009763998206886 35.616804330216517
leaf_weight=28113 2240 30732 123 28954 175 12724 3791 72081 32445 10879 902 8893 1295 1065 98 403 5114 194 37 27 1253 32 40413 2088 251 901 349 72 4854 38 871 21 25386 8101 4142 978 100 162 25129 835 111 114 26012 7910 299 5245 67 77 25023 4078 54 580 667 898 1852 35243 7648 9541 2000 34 20294 72
leaf_count=28113 2240 30732 123 28954 175 12724 3791 72081 32445 10879 902 8893 1295 1065 98 403 5114 194 37 27 1253 32 40413 2088 251 901 349 72 4854 38 871 21 25386 8101 4142 978 100 162 25129 835 111 114 26012 7910 299 5245 67 77 25023 4078 54 580 667 898 1852 35243 7648 9541 2000 34 20294 72
internal_value=0.00420169 -4.31707 21.1589 -7.92163 1.79466 15.9086 34.3315 -10.1995 -5.31099 -0.461538 12.3724 30.3616 5.56405 43.4782 23.432 9.29175 31.7989 20.9004 23.0299 26.524 23.4667 -6.49015 -11.5838 22.6518 29.4906 4.09371 6.67128 8.70126 5.57186 19.1479 7.29587 19.7604 -1.64578 22.9855 1.1585 3.68069 3.77672 24.0954 3.55741 29.9086 18.8348 7.14698 -4.01541 14.7439 10.3524 8.24788 16.9374 10.2173 0.798806 9.90377 14.9572 17.3778 51.0515 30.6368 41.1538 -6.51153 15.0883 11.185 11.8003 36.8189 6.68943 10.8456
internal_weight=504080 418577 85503 263293 155284 61136 24367 140607 122686 97140 35785 16992 58144 7375 2985 522 14007 25351 12627 2463 12333 64229 68526 10829 1504 31446 5416 253 5067 213 26698 424 56118 10576 41022 5120 294 8263 26030 1760 2313 225 58457 16460 19325 5544 181 144 35902 5037 959 703 1732 1733 5643 64197 15558 13781 11541 88 21661 1367
internal_count=504080 418577 85503 263293 155284 61136 24367 140607 122686 97140 35785 16992 58144 7375 2985 522 14007 25351 12627 2463 12333 64229 68526 10829 1504 31446 5416 253 5067 213 26698 424 56118 10576 41022 5120 294 8263 26030 1760 2313 225 58457 16460 19325 5544 181 144 35902 5037 959 703 1732 1733 5643 64197 15558 13781 11541 88 21661 1367
cat_boundaries=0 1 2 3 4 5 6 7 8 9 10 11
cat_threshold=208 138 811889672 16384 538191932 147456 16 136 53 1124209408 540688
is_linear=0
shrinkage=0.05


Tree=31
num_leaves=63
num_cat=11
split_feature=20 3 3 20 20 20 20 20 3 20 3 20 1 20 3 20 1 3 0 1 17 17 20 3 19 17 7 7 20 0 19 17 3 0 0 1 3 3 14 20 3 0 3 0 3 13 3 6 3 12 20 17 0 3 15 20 21 20 7 3 3 19
split_gain=1.6636e+10 3.33035e+09 2.13516e+09 5.28409e+08 5.09528e+08 3.89596e+08 3.19757e+08 9.22585e+07 6.90738e+07 6.20869e+07 6.2073e+07 5.8251e+07 5.57158e+07 4.71491e+07 4.16644e+07 4.11961e+07 3.76994e+07 2.7954e+07 2.06707e+07 6.23619e+07 2.99906e+07 2.91005e+07 1.90946e+07 1.8719e+07 1.75376e+07 1.7228e+07 1.6226e+07 1.61393e+07 1.80902e+07 1.48958e+07 1.45375e+07 1.44448e+07 1.42096e+07 1.30623e+07 1.30186e+07 1.22545e+07 1.22417e+07 1.1798e+07 1.17686e+07 1.16086e+07 1.13762e+07 3.84433e+07 1.75069e+07 1.07957e+07 1.06779e+07 1.0243e+07 1.00524e+07 9.7315e+06 9.71861e+06 9.6532e+06 9.59941e+06 9.07144e+06 8.99812e+06 8.98688e+06 8.83817e+06 8.64656e+06 8.3696e+06 8.32099e+06 8.32081e+06 8.31205e+06 8.22069e+06 8.39833e+06
threshold=2302.6551113320688 1184.6226540807204 3904.2033643443924 757.25189796388429 1670.4993966210782 3065.361988127981 4990.3547654076292 520.66767031031043 2066.3076879164314 1390.8904422667686 2702.1792559104724 978.83906634611105 0 5846.5037224942653 4500.0473101299594 3489.0433262110359 1 3828.1534090909095 2 3 199.80500000000004 561.5350000000002 1890.1586458975469 400.00883392226154 4.7929999999999966 238.24000000000004 2008.5000000000002 2008.5000000000002 4792.6836324509404 4 1678.537166666667 2847.4500000000003 1563.7862984081105 5 6 7 837.0017271157169 639.42592276941821 29.850000000000005 2505.4020647934699 2746.2840768770461 8 4172.1826972747822 9 5224.9642948227502 74.500000000000014 5470.869381340538 8.5000000000000018 865.546999544193 3.5000000000000004 999.99998451777526 28.320000000000004 10 1486.3823785390141 21.150000000000002 4182.4898543004738 1.5000000000000002 2818.4868421052638 2015.5000000000002 3008.6330320794664 4981.5572559041984 7.1925000000000008
decision_type=2 2 2 2 2 2 2 2 2 2 2 2 1 2 2 2 1 2 9 1 2 2 2 2 2 2 2 2 2 9 2 2 2 9 9 1 2 2 2 2 2 9 2 9 2 2 2 2 2 2 2 2 9 2 2 2 2 2 2 2 2 2
left_child=1 3 5 7 9 10 12 23 18 17 36 48 25 46 -14 53 33 50 19 20 -6 -22 -20 -1 47 29 -27 38 34 -4 44 -30 -11 -17 -29 -12 -2 -9 -18 -38 -10 -42 -43 49 55 -28 54 -21 -5 -15 52 60 -3 -7 -8 -31 -23 -37 -56 -34 -16 -62
right_child=2 4 6 11 8 15 13 37 40 32 35 -13 14 43 51 16 27 -19 22 24 21 56 -24 -25 -26 26 45 28 31 30 -32 -33 59 -35 -36 57 39 -39 -40 -41 41 42 -44 -45 -46 -47 -48 -49 -50 -51 -52 -53 -54 -55 58 -57 -58 -59 -60 -61 61 -63
leaf_value=-11.973800391187218 -27.270807656374842 -1.389774999630552 5.1452123082917316 -6.8652871517606133 12.485309663273041 -1.9612623047410396 39.592920899689986 -9.1504711096453288 7.1340227928209003 -0.063821313499428142 5.2597355451700949 -4.0203210299322354 28.162564613560946 84.964593251546233 35.190041708626445 10.99258265214808 17.961150261591069 40.38313884246044 2.6732342925562436 13.96690865107945 74.25625709533692 10.161164774213519 4.8504420215023716 -10.276440578732537 4.9430972359389145 -17.900955655497892 8.4630501631462938 16.128021789132529 31.046674516797069 23.398146004605731 55.501328650186224 67.659860528310148 1.6592152821651629 -10.468022597052835 22.778662844010881 13.200834854653273 8.8747995918742753 -7.8979300191264343 -8.2341862055990429 11.226866249537801 2.2476816284345884 16.653172715694616 39.610099490316294 39.808604081342637 0.85343517646556943 20.80404817848833 42.115392394714689 44.641612746075886 -5.5806036854608578 52.890855488882522 -1.8075890023990517 32.816128952433807 -7.4801565980124982 17.936849482880579 28.620948132455062 30.898436648217526 48.497325861454016 15.612875178754951 36.933944246416083 14.255767904628408 75.750302705310645 42.901701677970173
leaf_weight=30397 22 1056 106 30772 84 57 2274 36129 18693 29519 410 58109 8893 24 671 194 106 39 22894 70 65 35 17979 34885 2272 31 202 1042 264 872 43 30 16651 100 10819 6695 10533 39197 72 10451 604 660 95 667 41 1003 1852 41 28224 1041 48481 4157 1470 12667 414 687 24 7674 1103 132 21 265
leaf_count=30397 22 1056 106 30772 84 57 2274 36129 18693 29519 410 58109 8893 24 671 194 106 39 22894 70 65 35 17979 34885 2272 31 202 1042 264 872 43 30 16651 100 10819 6695 10533 39197 72 10451 604 660 95 667 41 1003 1852 41 28224 1041 48481 4157 1470 12667 414 687 24 7674 1103 132 21 265
internal_value=0.00412153 -4.10121 20.1016 -7.62482 1.54382 15.1134 32.6169 -9.69101 5.02757 -0.729193 11.7539 -5.14395 28.8435 41.3109 30.2089 19.8556 21.8789 -1.9318 3.90762 8.24056 33.922 51.1793 3.63004 -11.0668 5.86657 22.2604 17.8164 22.2939 22.5309 25.5282 26.6497 34.7827 0.596635 3.58883 22.2272 14.2365 10.0072 -8.49869 7.36528 10.0462 7.45514 11.8721 19.2863 48.5271 26.0409 18.7353 39.0961 25.2972 -6.25069 53.1149 -1.96416 33.8265 -4.96917 17.8477 37.6211 26.7033 25.7555 14.4789 34.6653 1.75829 38.2155 45.3137
internal_weight=504080 418577 85503 257713 160864 61136 24367 140608 63516 97348 35785 117105 16992 7375 14007 25351 12627 51046 43464 2591 208 124 40873 65282 2383 2985 1236 12333 12155 1749 1643 294 46302 294 11861 14779 21006 75326 178 20984 20052 1359 755 1732 1600 1205 5643 111 58996 1065 51007 5114 2526 12724 3791 1559 59 14369 1517 16783 957 286
internal_count=504080 418577 85503 257713 160864 61136 24367 140608 63516 97348 35785 117105 16992 7375 14007 25351 12627 51046 43464 2591 208 124 40873 65282 2383 2985 1236 12333 12155 1749 1643 294 46302 294 11861 14779 21006 75326 178 20984 20052 1359 755 1732 1600 1205 5643 111 58996 1065 51007 5114 2526 12724 3791 1559 59 14369 1517 16783 957 286
cat_boundaries=0 1 2 3 4 5 6 7 8 10 11 13
cat_threshold=208 138 16400 16 17051712 147456 538181800 128 2150652252 1 1124209408 2017800416 1
is_linear=0
shrinkage=0.05


Tree=32
num_leaves=63
num_cat=10
split_feature=20 20 20 3 3 3 20 3 20 20 1 20 3 20 3 3 20 0 1 10 20 1 3 0 18 7 3 3 3 10 3 20 10 20 3 0 18 10 20 20 10 0 7 3 1 10 3 0 7 3 10 1 10 18 18 7 10 3 3 10 10 3
split_gain=1.50165e+10 2.80911e+09 2.11308e+09 4.47673e+08 4.12597e+08 4.03259e+08 2.99851e+08 8.00357e+07 7.81417e+07 6.00608e+07 5.97783e+07 5.49533e+07 4.87023e+07 4.19935e+07 3.72773e+07 2.88439e+07 2.54722e+07 2.25276e+07 2.203e+07 9.48995e+07 1.89318e+07 1.79907e+07 1.61465e+07 1.60728e+07 4.28681e+07 1.59253e+07 1.54028e+07 1.51957e+07 1.50421e+07 1.50281e+07 3.45873e+07 1.62508e+07 1.35025e+07 1.3094e+07 1.24113e+07 1.19506e+07 5.66089e+07 1.18387e+07 1.61268e+07 1.17453e+07 1.15467e+07 1.12889e+07 1.08664e+07 1.53699e+07 1.24362e+07 1.20978e+07 1.07976e+07 1.07687e+07 1.06245e+07 1.02879e+07 1.02555e+07 9.9306e+06 1.51133e+07 1.63258e+07 9.72616e+06 9.96732e+06 2.09887e+07 9.57151e+06 9.50024e+06 9.41456e+06 9.40754e+06 1.92667e+07
threshold=2225.6247237495331 1138.3364357292899 3676.7253487126823 1644.7595531177933 750.00692328994751 4628.4457362818657 2818.4868421052638 534.24481213482989 5469.7708618331062 1400.0010844575547 0 1938.4057367223229 3207.3745910625325 924.27976309881115 2476.7546290360606 1346.2958776224261 4633.3644804982769 1 2 4.5000000000000009 361.18534246207952 3 2746.2840768770461 4 549.37857142857172 2011.5000000000002 2819.4827892043118 2400.004260758416 1245.5867685002588 1.0000000180025095e-35 2439.0652173913049 1400.0010844575547 1.0000000180025095e-35 4092.4176710918609 4981.5572559041984 5 508.28785714285726 5.5000000000000009 1735.0000642406405 3900.6392308260497 3.5000000000000004 6 2008.5000000000002 2002.3834457028536 7 1.0000000180025095e-35 1718.4084893054981 8 2003.5000000000002 1686.6704729814053 5.5000000000000009 9 4.5000000000000009 2204.537142857143 4.7857142857142909 2015.5000000000002 4.5000000000000009 1475.0031074236351 1030.6504409972035 5.5000000000000009 5.5000000000000009 2023.7699460511092
decision_type=2 2 2 2 2 2 2 2 2 2 1 2 2 2 2 2 2 9 1 2 2 1 2 9 2 2 2 2 2 2 2 2 2 2 2 9 2 2 2 2 2 9 2 2 1 2 2 9 2 2 2 1 2 2 2 2 2 2 2 2 2 2
left_child=1 4 6 9 7 10 14 20 18 23 16 29 21 26 60 -12 33 27 34 -20 -1 42 -13 24 -3 -10 -6 39 -25 30 35 41 -24 -4 -7 36 -5 57 -39 -17 48 -31 44 45 59 -44 -23 51 -26 -19 -18 -14 -53 -54 -27 56 -56 -11 -15 -8 61 -2
right_child=2 3 5 11 13 8 12 -9 25 37 15 22 47 58 -16 17 50 49 19 -21 -22 46 32 28 40 54 -28 -29 -30 31 -32 -33 -34 -35 -36 -37 -38 38 -40 -41 -42 -43 43 -45 -46 -47 -48 -49 -50 -51 -52 52 53 -55 55 -57 -58 -59 -60 -61 -62 -63
leaf_value=-11.666898980881669 2.7337926330219746 -1.2070405603489516 24.426021739950947 4.306130574423916 -6.1767537445771428 32.409038035446621 -11.409338403215596 -8.0425605715972477 49.102569800652617 -0.82610699888582251 -12.579343364277825 5.901805159541893 19.631266286044461 -4.8697681923579212 11.352316878428724 20.484861472851776 32.655787258141579 50.352681510512895 30.114161678128951 -37.813901169546725 -9.8866702149207981 -3.50401915100313 25.554633835259452 -3.0838099584928766 1.9446399262973242 47.277657171338802 36.653305126371841 19.420738354943524 -1.4790017526205503 -7.4667201045496912 21.115744569873232 2.8892010725333241 9.5101409270342092 28.21672810582244 36.62969217609934 3.9690652881137738 67.092810778184372 1.5102196818655051 9.5615478296507366 -2.6200362205505372 -5.1994451217029409 1.4350691517057861 0.86678304036458342 15.768741263922387 12.540899301356525 35.433294141439745 11.609610406341348 19.771033018224216 26.013095307503296 23.898060307971754 45.528440948549267 15.220654069991122 10.327253583871602 -16.869570755807661 35.084852692762368 40.89037767465679 -12.991138916015627 0.78583167410286148 -3.5745553043734035 24.654283163764262 11.587053984284699 8.2483643563632114
leaf_weight=21796 1814 1455 3805 195 51407 3208 102 69191 799 16455 61 24562 1176 26858 16423 89 721 37 453 58 47437 124 178 26405 56 512 21 3275 32665 636 328 29600 498 5677 3811 5815 44 4649 718 144 46 792 30 11574 669 162 2516 10315 253 5453 197 1387 183 79 247 1928 25 20914 29940 22 1604 12486
leaf_count=21796 1814 1455 3805 195 51407 3208 102 69191 799 16455 61 24562 1176 26858 16423 89 721 37 453 58 47437 124 178 26405 56 512 21 3275 32665 636 328 29600 498 5677 3811 5815 44 4649 718 144 46 792 30 11574 669 162 2516 10315 253 5453 197 1387 183 79 247 1928 25 20914 29940 22 1604 12486
internal_value=0.00399781 -4.05101 18.3702 0.972026 -7.43698 29.1059 12.9727 -9.24521 36.7385 -1.04537 24.7753 4.30868 16.7271 -5.12421 9.68147 21.6629 27.4391 21.9191 33.8662 21.9741 -10.4471 14.7998 6.11161 -2.05396 2.57956 42.8986 -6.15926 18.4903 -2.196 3.09236 5.30203 2.63787 13.7349 26.6956 34.6513 4.44526 15.228 0.391415 2.58733 6.20544 18.1719 -2.57183 15.6072 16.0015 9.95449 30.0323 10.8586 18.9564 21.6512 24.0326 35.4182 15.8557 13.061 2.12668 41.0708 39.6263 30.6661 0.0760334 -4.18702 -4.637 7.9561 7.54882
internal_weight=504080 412914 91166 166264 246650 30500 60666 138424 11041 103616 19459 62648 28339 108226 32327 9059 10400 8998 7530 511 69233 15199 25238 60880 1810 3511 51428 3508 59070 37410 6382 31028 676 9482 7019 6054 239 42736 5367 233 355 1428 12559 11766 793 192 2640 13140 309 5490 918 2825 1649 262 2712 2200 272 37369 56798 124 15904 14300
internal_count=504080 412914 91166 166264 246650 30500 60666 138424 11041 103616 19459 62648 28339 108226 32327 9059 10400 8998 7530 511 69233 15199 25238 60880 1810 3511 51428 3508 59070 37410 6382 31028 676 9482 7019 6054 239 42736 5367 233 355 1428 12559 11766 793 192 2640 13140 309 5490 918 2825 1649 262 2712 2200 272 37369 56798 124 15904 14300
cat_boundaries=0 1 2 3 4 5 6 7 8 9 10
cat_threshold=1 2954130172 97 53 2113536 16384 1880411648 16 2685154440 37
is_linear=0
shrinkage=0.05


Tree=33
num_leaves=63
num_cat=14
split_feature=20 20 20 3 3 20 20 1 20 3 3 3 3 3 3 1 20 1 11 7 0 0 17 20 7 1 3 3 11 4 11 3 0 4 3 1 3 0 4 0 18 7 15 20 13 19 7 11 11 0 20 3 3 20 11 1 4 1 0 11 13 20
split_gain=1.35559e+10 2.38837e+09 2.09889e+09 4.31201e+08 3.54632e+08 3.39139e+08 2.67921e+08 7.28138e+07 7.17049e+07 5.36287e+07 4.97421e+07 4.69217e+07 4.64681e+07 4.56779e+07 3.81133e+07 3.03782e+07 2.43265e+07 2.28881e+07 8.88298e+07 1.8829e+07 1.95568e+07 1.46988e+07 4.1869e+07 1.43784e+07 1.43726e+07 1.42744e+07 1.38949e+07 1.31765e+07 1.22012e+07 1.14362e+07 2.17803e+07 1.1396e+07 2.94815e+07 1.81461e+07 1.13685e+07 1.1243e+07 1.11784e+07 2.42027e+07 1.18652e+07 1.10753e+07 1.76413e+07 1.09309e+07 1.08601e+07 1.08013e+07 1.03674e+07 1.02631e+07 1.02121e+07 1.80294e+07 9.85591e+06 9.72433e+06 9.57796e+06 9.50291e+06 9.44836e+06 9.34968e+06 9.25719e+06 1.10159e+07 2.00162e+07 8.93835e+06 1.07245e+07 1.37998e+07 8.38444e+06 9.12348e+06
threshold=2044.5544314459996 3535.4039992962066 1046.1689949341151 4628.4457362818657 1514.2868223926246 2700.0186567164187 639.41970813303317 0 5469.7708618331062 1245.5867685002588 1769.8694283200996 850.00084175084191 3104.7188819842099 2279.1554194469331 425.26280116294134 1 4182.4898543004738 2 1.0000000180025095e-35 2008.5000000000002 3 4 793.35000000000014 4990.3547654076292 2011.5000000000002 5 4500.0473101299594 2091.6735547090252 1.0000000180025095e-35 346.23000000000008 1.0000000180025095e-35 2980.9585434173673 6 1170.2650000000001 4981.5572559041984 7 3600.0489955903977 8 332.56500000000005 9 1307.0357142857147 2013.5000000000002 22.450000000000003 4269.790630326007 250.50000000000003 5.2833333333333492 2015.5000000000002 1.0000000180025095e-35 1.0000000180025095e-35 10 1352.0405103473151 1475.0031074236351 1718.4084893054981 1578.4560009048018 1.0000000180025095e-35 11 2034.4250000000002 12 13 1.0000000180025095e-35 76.500000000000014 1300.0225903614462
decision_type=2 2 2 2 2 2 2 1 2 2 2 2 2 2 2 1 2 1 2 2 9 9 2 2 2 1 2 2 2 2 2 2 9 2 2 1 2 9 2 9 2 2 2 2 2 2 2 2 2 9 2 2 2 2 2 1 2 1 9 2 2 2
left_child=2 5 6 7 9 13 14 16 17 39 -6 -8 25 35 -1 19 -3 34 41 -9 29 22 48 -18 -10 -7 28 -16 31 -21 -31 -12 -33 -34 -5 51 57 -38 -39 40 -4 -19 -17 52 -24 -26 47 -47 -11 -14 -23 -2 -22 -30 -51 56 -56 58 59 -15 -42 -62
right_child=1 3 4 8 10 12 11 15 24 21 26 -13 49 36 27 42 23 18 -20 20 43 50 44 -25 45 -27 -28 -29 53 30 -32 32 33 -35 -36 -37 37 38 -40 -41 60 -43 -44 -45 -46 46 -48 -49 -50 54 -52 -53 -54 -55 55 -57 -58 -59 -60 -61 61 -63
leaf_value=-10.646590971366482 -4.2415598904138676 23.569788644745238 -0.35285846171797441 30.768414003607724 1.3391417845589062 7.0853446830957427 -6.7701705788434801 1.9414316021954574 46.647441317530841 0.2417193664359284 4.3597214304141794 -4.7737382855838968 18.257339134860867 3.8857771745172602 -8.6489133566276326 -11.966581566755059 27.710326626928669 31.047356919075948 -34.881861515650677 18.839330749410315 53.699379036643293 -1.7363887252017407 20.149398658771329 39.717584815280134 45.01318780780894 13.366853500016251 26.973464443466881 29.202517401653786 -3.5473003009925819 15.22962407312991 -6.5646221720057429 24.645903093235972 9.3647187252747841 -16.467252330587367 34.804895491237438 6.7470494238831868 -4.0274344354379377 14.483218413591386 32.368295421235551 -3.1815911572571753 -7.0690532684326177 6.7356424148266134 9.8798028102101298 25.283166579148617 48.786141636060634 32.416221764458548 38.69121138148391 -12.341582580566406 14.067495697140695 16.244729965507407 -0.39150433406415514 4.5687933236177605 20.886066817814843 2.75331781450181 9.5037983716451215 15.16416108927023 -19.023330189430549 9.5682425507188196 7.6854735338224218 -18.113353778960857 18.63461817769862 57.116609477996832
leaf_weight=36850 327 5498 1444 3216 34249 1045 65225 135 799 1626 25421 53630 7377 295 65310 85 5153 417 63 1493 22 24063 101 262 565 16034 66 23 647 654 139 233 217 99 3812 14951 112 188 183 52263 22 52 172 1792 46 225 1897 25 140 4711 29430 4780 7781 6546 390 708 73 18751 2066 94 67 20
leaf_count=36850 327 5498 1444 3216 34249 1045 65225 135 799 1626 25421 53630 7377 295 65310 85 5153 417 63 1493 22 24063 101 262 565 16034 66 23 647 654 139 233 217 99 3812 14951 112 188 183 52263 22 52 172 1792 46 225 1897 25 140 4711 29430 4780 7781 6546 390 708 73 18751 2066 94 67 20
internal_value=0.00384739 15.8612 -4.23588 26.7309 -0.173495 10.6956 -7.4834 22.8546 34.849 -1.93412 2.67631 -5.86934 14.7186 7.772 -9.36081 20.1191 25.8889 32.1067 20.4787 20.4923 20.7203 -0.8422 3.45384 28.2913 40.7537 12.9945 4.05452 -8.63559 4.00891 16.1911 11.4094 4.51364 11.6409 1.23278 32.911 6.05217 9.36251 16.8838 22.6936 -3.0583 1.10416 28.3518 2.55493 21.7598 29.1106 39.0173 37.4394 27.9404 1.33776 16.9396 -0.996294 3.99684 20.9786 2.18659 15.2299 11.2772 4.90017 9.1912 6.24693 -1.39436 20.5076 27.4811
internal_weight=504080 106342 397738 34257 176700 72085 221038 23186 11071 109222 67478 118855 30338 41747 102183 12273 10913 7560 532 12016 11881 55406 1913 5415 3511 17079 33229 65333 33163 2286 793 25970 549 316 7028 20058 21689 483 371 53816 1553 469 257 9595 147 2712 2147 250 1766 13259 53493 5107 7803 7193 5882 1171 463 21206 2455 389 109 87
internal_count=504080 106342 397738 34257 176700 72085 221038 23186 11071 109222 67478 118855 30338 41747 102183 12273 10913 7560 532 12016 11881 55406 1913 5415 3511 17079 33229 65333 33163 2286 793 25970 549 316 7028 20058 21689 483 371 53816 1553 469 257 9595 147 2712 2147 250 1766 13259 53493 5107 7803 7193 5882 1171 463 21206 2455 389 109 87
cat_boundaries=0 1 2 3 4 5 6 7 8 9 10 12 13 14 15
cat_threshold=1 116 97 2953060520 278528 138 134324226 74 2147500032 10502144 1263714662 1 16 136 2167104
is_linear=0
shrinkage=0.05


Tree=34
num_leaves=63
num_cat=11
split_feature=20 20 3 3 3 20 20 20 3 20 3 1 10 7 20 20 1 20 3 0 10 3 20 7 14 20 10 3 0 19 10 20 3 0 17 3 10 0 1 10 10 20 0 3 8 7 3 20 3 1 1 10 3 3 7 20 7 20 10 3 8 0
split_gain=1.22388e+10 2.45714e+09 1.5777e+09 4.17957e+08 3.52595e+08 2.87033e+08 2.34523e+08 6.93446e+07 5.08372e+07 4.96159e+07 4.63674e+07 4.19421e+07 4.18998e+07 8.50702e+07 3.95196e+07 3.61956e+07 3.24772e+07 3.40404e+07 3.01276e+07 2.24548e+07 2.08562e+07 1.70506e+07 1.5964e+07 1.58432e+07 1.48969e+07 1.46345e+07 1.35193e+07 2.76492e+07 1.29477e+07 5.76411e+07 1.24797e+07 1.70342e+07 1.20975e+07 1.20556e+07 3.20941e+07 1.18275e+07 1.1795e+07 1.15259e+07 1.48768e+07 1.51787e+07 1.52852e+07 1.20509e+07 1.11129e+07 1.10744e+07 1.10249e+07 1.07847e+07 1.0484e+07 1.03396e+07 9.86561e+06 9.70449e+06 9.70045e+06 9.53114e+06 1.10818e+07 9.24952e+06 9.24518e+06 9.16322e+06 8.84039e+06 9.31171e+06 8.83981e+06 1.59745e+07 8.82281e+06 8.77398e+06
threshold=2302.6551113320688 1200.0076499388008 3904.2033643443924 757.50872595252645 1718.4084893054981 3065.361988127981 4990.3547654076292 534.25716166317329 1007.2512352657795 1463.7524846178458 2667.2795652755995 0 4.5000000000000009 2012.5000000000002 1974.8037944361051 5846.5037224942653 1 3489.0433262110359 4500.0473101299594 2 5.5000000000000009 3828.1534090909095 340.0090061786575 2009.5000000000002 31.050000000000004 4092.4176710918609 1.0000000180025095e-35 2439.0652173913049 3 504.33100000000007 5.5000000000000009 1750.0183598531216 2187.5862658914652 4 774.79500000000019 4782.7513255980266 3.5000000000000004 5 6 4.5000000000000009 1.0000000180025095e-35 4792.6836324509404 7 1871.1319950904133 4.5000000000000009 2008.5000000000002 837.0017271157169 1400.0010844575547 1310.0072150072153 8 9 1.0000000180025095e-35 2593.7228879249046 1656.6609783845281 2013.5000000000002 850.00161415289278 2007.5000000000002 2743.3444444444444 1.0000000180025095e-35 3600.0489955903977 7.5000000000000009 10
decision_type=2 2 2 2 2 2 2 2 2 2 2 1 2 2 2 2 1 2 2 9 2 2 2 2 2 2 2 2 9 2 2 2 2 9 2 2 2 9 1 2 2 2 9 2 2 2 2 2 2 1 1 2 2 2 2 2 2 2 2 2 2 9
left_child=1 3 5 7 9 10 11 22 55 33 46 12 19 -14 26 -8 43 -18 -13 36 23 -10 -1 24 51 -22 27 28 29 -6 -11 -32 -16 34 -3 -15 -4 38 -25 40 -40 -39 -17 -7 -41 -21 -2 -28 -35 56 -12 -19 -53 -51 -47 -5 -48 -58 59 -34 -36 -59
right_child=2 4 6 8 14 16 15 -9 21 30 50 18 13 35 32 42 17 20 -20 45 25 -23 -24 37 -26 -27 47 -29 -30 -31 31 -33 58 48 60 -37 -38 41 39 44 -42 -43 -44 -45 -46 54 49 -49 -50 53 -52 52 -54 -55 -56 -57 57 61 -60 -61 -62 -63
leaf_value=-10.741777961418556 -26.087359116289935 0.4574545677580939 17.269286550970559 -5.9212769827500225 3.4620800989938072 -11.303281070788701 33.504989535320995 -7.2376443656922014 -3.2089258712185593 0.6198768279648128 4.7810373170981331 24.212054894802733 -35.725630730998766 17.869648128914331 5.1198033962091971 46.02273347845189 15.442886710053561 35.32524023789626 29.028434148783976 -6.3571762932671447 22.177302229891222 42.965843963623051 -9.0050590662041312 20.559646776779545 -14.000800042993882 34.458935684235279 -2.3862994125561499 19.23452646920196 4.1223755950305057 66.184506536037361 1.8571577293476205 9.1936936593281224 9.4591580166576801 -2.1990868789401161 14.08600314500039 -20.619451740809851 1.8078251993582573 19.394413974259173 2.2736178399138312 -24.801676464080813 16.242983218665238 33.253300931751731 33.778608985700849 7.6883548298641529 5.2306181087096535 29.265965154986489 6.302070813201154 3.0651200108728363 -0.84739165003594497 -2.1722360860125258 12.233736919183038 -7.4568010102457087 20.187184210668637 7.1077579461741793 22.005792074926564 -4.7453501252787289 9.2646149380592888 20.173479975716262 6.6514908927825163 31.329356446049431 36.842339180497561 10.304868104076014
leaf_weight=17916 22 1640 517 28582 166 96 5643 72081 54677 35902 494 8893 98 403 16371 1065 12539 39 5114 27 1200 20 50610 908 68 304 901 349 4854 47 4142 978 1631 25132 114 21 162 7983 237 41 1127 160 667 383 120 842 2239 25129 29164 283 15966 67 79 5245 915 39407 10395 399 8608 88 68 742
leaf_count=17916 22 1640 517 28582 166 96 5643 72081 54677 35902 494 8893 98 403 16371 1065 12539 39 5114 27 1200 20 50610 908 68 304 901 349 4854 47 4142 978 1631 25132 114 21 162 7983 237 41 1127 160 667 383 120 842 2239 25129 29164 283 15966 67 79 5245 915 39407 10395 399 8608 88 68 742
internal_value=0.00374957 -3.51747 17.2417 -6.45946 1.47085 12.9538 27.9999 -8.3203 -4.32679 -0.372461 10.0702 24.7683 19.0631 6.25929 4.55043 35.4456 17.0243 17.2704 25.952 21.8541 19.1425 -3.19204 -9.45912 18.3762 6.01111 24.6598 3.34932 5.62213 4.68455 16.5264 0.949213 3.25855 5.96514 -1.3386 2.65355 15.9633 13.3833 18.672 15.2801 12.0231 13.8158 19.6426 41.7682 3.80271 -2.41736 24.8638 8.4092 2.87643 -1.47278 8.44851 12.0204 13.3668 7.50125 6.6207 25.4851 -5.2397 9.17056 9.73525 7.30521 10.5787 22.5884 14.023
internal_weight=504080 418577 85503 263293 155284 61136 24367 140607 122686 97140 35785 16992 2985 522 58144 7375 25351 24872 14007 2463 12333 54697 68526 10829 253 1504 31446 5416 5067 213 41022 5120 26698 56118 1822 424 679 10576 2433 1525 1364 8143 1732 479 161 1784 19325 26030 54296 19303 16460 185 146 5528 1757 67989 13775 11536 10327 1719 182 1141
internal_count=504080 418577 85503 263293 155284 61136 24367 140607 122686 97140 35785 16992 2985 522 58144 7375 25351 24872 14007 2463 12333 54697 68526 10829 253 1504 31446 5416 5067 213 41022 5120 26698 56118 1822 424 679 10576 2433 1525 1364 8143 1732 479 161 1784 19325 26030 54296 19303 16460 185 146 5528 1757 67989 13775 11536 10327 1719 182 1141
cat_boundaries=0 1 2 3 4 5 6 7 8 9 10 11
cat_threshold=208 138 811888648 16384 278528 2685675580 37 1124209408 53 128 268820480
is_linear=0
shrinkage=0.05


Tree=35
num_leaves=63
num_cat=16
split_feature=3 3 3 3 3 3 3 1 3 3 3 3 3 3 3 10 4 10 7 3 1 10 19 0 1 0 4 0 3 0 7 19 7 4 7 12 1 7 0 1 0 7 10 7 0 7 7 7 0 0 17 17 3 0 1 17 4 19 4 3 10 10
split_gain=1.10365e+10 1.88091e+09 1.72115e+09 3.53892e+08 3.15041e+08 2.51323e+08 2.07697e+08 5.58148e+07 4.98227e+07 4.74514e+07 4.31967e+07 3.55897e+07 3.36531e+07 3.13053e+07 3.06679e+07 2.22743e+07 6.27152e+07 2.87181e+07 2.33638e+07 2.13989e+07 1.8777e+07 5.18269e+07 1.92474e+07 1.75369e+07 1.55303e+07 6.43745e+07 4.27415e+07 1.50186e+07 1.50986e+07 1.45392e+07 1.44876e+07 1.3058e+07 2.17974e+07 1.7197e+07 1.27704e+07 1.16248e+07 1.15081e+07 1.1413e+07 1.03602e+07 1.02465e+07 1.57671e+07 3.88764e+07 1.70359e+07 1.06901e+07 2.74216e+07 9.86926e+06 9.61932e+06 9.57097e+06 1.63717e+07 1.15191e+07 9.47325e+06 9.39866e+06 9.24606e+06 8.99091e+06 8.71997e+06 8.66009e+06 8.63063e+06 8.55982e+06 8.5374e+06 8.79498e+06 7.88334e+06 1.06035e+07
threshold=2130.7475790510211 1082.3079006351093 3530.0651334834361 4628.4457362818657 1525.0002183693621 645.37100592609511 2746.2840768770461 0 5470.869381340538 1769.8694283200996 888.16295217741879 1299.5018003138687 409.43920335429772 4172.1826972747822 3207.3745910625325 3.5000000000000004 657.0100000000001 4.5000000000000009 2012.5000000000002 2476.7546290360606 1 4.5000000000000009 523.96916666666687 2 3 4 489.56500000000005 5 5833.4745046068419 6 2015.5000000000002 1240.1503333333337 2013.5000000000002 577.8900000000001 2012.5000000000002 15.500000000000002 7 2012.5000000000002 8 9 10 2008.5000000000002 1.0000000180025095e-35 2012.5000000000002 11 2012.5000000000002 2009.5000000000002 2009.5000000000002 12 13 1720.3200000000002 812.21000000000015 4981.5572559041984 14 15 331.61500000000007 80.110000000000028 485.5026666666667 369.00500000000005 2226.4494685553996 5.5000000000000009 4.5000000000000009
decision_type=2 2 2 2 2 2 2 1 2 2 2 2 2 2 2 2 2 2 2 2 1 2 2 9 1 9 2 9 2 9 2 2 2 2 2 2 1 2 9 1 9 2 2 2 9 2 2 2 9 9 2 2 2 9 1 2 2 2 2 2 2 2
left_child=1 5 6 7 11 12 19 13 20 -6 -7 -3 -1 -4 36 31 -17 29 -19 39 -5 23 -23 -22 25 26 51 28 -10 -18 -27 33 50 37 -35 -20 -8 57 -39 40 41 -2 -43 -42 -45 -31 -29 48 -38 -49 -33 55 -25 -41 60 -11 -32 -9 59 -44 61 -51
right_child=2 4 3 8 9 10 14 15 27 24 -12 -13 -14 -15 -16 16 17 18 35 -21 21 22 -24 52 -26 30 -28 46 -30 45 56 32 -34 34 -36 -37 47 38 -40 53 43 42 58 44 -46 -47 -48 49 -50 54 -52 -53 -54 -55 -56 -57 -58 -59 -60 -61 -62 -63
leaf_value=-9.7297861943104316 -14.669543760913914 -2.4005993483974279 20.391881827687602 29.861097231763218 1.4259882066193421 -5.8930222540023731 6.6025013415785656 21.805491885798318 35.335761725207924 33.994091196656228 -4.0177566155311659 -0.53211840965817181 -7.8091399101298187 24.906031100602114 15.666359724336804 17.347220796869291 21.568937689571058 -36.847769481379814 -35.667635826442556 9.2592778004257461 28.950862639927006 17.390783150990806 -37.082191768646247 13.631723235782824 3.1916099971691114 4.5841651707408273 -4.1568518439004585 -2.9123052215576175 44.093600210513195 -13.015396073100332 26.397401458595667 40.130516461709249 16.893585692210632 -2.5726957819219365 15.619793671200862 3.24378611383767 -9.7224210833644023 8.3933782574292781 18.861723169272469 3.5026925107545135 6.3980996263515877 65.678165448096493 63.436748772575747 24.501375574059139 8.3395945347948341 7.246140384404673 31.977592687283874 10.600609178000925 10.377388096669224 15.718409522066208 25.210088518657518 30.213342901865641 -19.525990487028054 6.6560172577895855 12.556157202490329 71.618441874247338 9.9196641457973769 44.282315579266623 11.563144174240419 26.71864231122683 21.428688151314148 6.7383982135648539
leaf_weight=33696 59 54062 10114 6954 33821 73928 955 105 931 20 52529 48213 70577 6192 9684 1782 108 82 23 13424 488 24 50 95 23630 14085 43 20 1044 91 94 201 506 177 212 116 101 323 2457 3626 8348 31 21 279 3943 177 1615 4274 2224 3677 226 30 27 6414 6644 65 514 71 67 73 525 361
leaf_count=33696 59 54062 10114 6954 33821 73928 955 105 931 20 52529 48213 70577 6192 9684 1782 108 82 23 13424 488 24 50 95 23630 14085 43 20 1044 91 94 201 506 177 212 116 101 323 2457 3626 8348 31 21 279 3943 177 1615 4274 2224 3677 226 30 27 6414 6644 65 514 71 67 73 525 361
internal_value=0.00505489 -3.64972 14.9767 24.0478 0.266086 -6.61253 10.1824 20.4886 31.3138 2.7923 -5.11406 -1.51979 -8.4298 22.0925 13.3812 16.502 12.6484 -1.37738 -15.6814 7.67472 29.0261 19.8107 -19.4153 24.894 3.99315 5.26282 36.0877 36.1543 39.7639 7.03005 4.90703 18.6836 23.9141 17.2247 7.34198 -3.19479 12.2017 18.5252 17.7435 6.74426 7.69126 20.0302 31.7364 7.42915 9.48539 0.353114 31.359 12.4913 9.50705 12.9475 32.2335 54.2737 5.81676 5.5218 13.8208 62.7657 12.4672 30.8728 25.201 34.9216 15.6307 14.9156
internal_weight=504248 405307 98941 34211 174577 230730 64730 22963 11248 72302 126457 102275 104273 16306 28445 6657 2379 597 221 36285 7638 684 74 610 38481 14851 158 3610 1975 376 14693 4278 933 3345 389 139 18761 2956 2780 22861 12821 251 192 12570 4222 268 1635 17806 2325 15481 427 115 122 10040 11207 85 608 176 161 94 4563 4038
internal_count=504248 405307 98941 34211 174577 230730 64730 22963 11248 72302 126457 102275 104273 16306 28445 6657 2379 597 221 36285 7638 684 74 610 38481 14851 158 3610 1975 376 14693 4278 933 3345 389 139 18761 2956 2780 22861 12821 251 192 12570 4222 268 1635 17806 2325 15481 427 115 122 10040 11207 85 608 176 161 94 4563 4038
cat_boundaries=0 1 2 3 4 5 6 7 8 9 10 11 12 13 15 16 17
cat_threshold=37 33 67584 49 16384 1124209408 65536 138 537135168 49 278528 73730 16384 2688556184 1 2419440000 17
is_linear=0
shrinkage=0.05


Tree=36
num_leaves=63
num_cat=31
split_feature=1 7 1 7 0 0 1 7 1 7 13 7 0 0 1 7 0 0 1 0 1 0 1 1 0 0 12 1 7 7 10 12 18 7 0 4 0 4 18 1 0 1 10 7 10 18 4 4 12 1 1 1 7 18 0 10 7 1 7 7 1 13
split_gain=6.67628e+09 2.14114e+09 1.13104e+09 1.04964e+09 2.70086e+08 2.33614e+08 2.12112e+08 1.86594e+08 1.80014e+08 1.43753e+08 1.2604e+08 1.19422e+08 8.98483e+07 8.8229e+07 8.73824e+07 8.49817e+07 6.91548e+07 6.10586e+07 5.52874e+07 5.02288e+07 4.9258e+07 4.62744e+07 4.04184e+07 3.83458e+07 3.8305e+07 3.46274e+07 3.22316e+07 3.08065e+07 3.05367e+07 2.94732e+07 2.8196e+07 2.64632e+07 2.63953e+07 2.90035e+07 2.56064e+07 2.86507e+07 4.22489e+07 2.47567e+07 2.5429e+07 2.31176e+07 2.29291e+07 2.27768e+07 2.21828e+07 2.12504e+07 2.82059e+07 3.47224e+07 3.11197e+07 2.17402e+07 2.10348e+07 2.09025e+07 2.08876e+07 2.06288e+07 2.916e+07 2.03766e+07 1.99922e+07 2.04298e+07 1.99156e+07 2.2368e+07 2.37486e+07 4.94484e+07 1.95546e+07 2.65655e+07
threshold=0 2009.5000000000002 1 2012.5000000000002 2 3 4 2008.5000000000002 5 2012.5000000000002 164.50000000000003 2015.5000000000002 6 7 8 2007.5000000000002 9 10 11 12 13 14 15 16 17 18 18.500000000000004 19 2010.5000000000002 2007.5000000000002 1.0000000180025095e-35 23.500000000000004 4.7857142857142909 2012.5000000000002 20 603.05000000000007 21 213.77500000000003 787.56000000000029 22 23 24 4.5000000000000009 2012.5000000000002 3.5000000000000004 42.085714285714005 306.60500000000008 461.02500000000003 24.500000000000004 25 26 27 2011.5000000000002 89.689285714285731 28 4.5000000000000009 2015.5000000000002 29 2016.5000000000002 2017.5000000000002 30 320.50000000000006
decision_type=1 2 1 2 9 9 1 2 1 2 2 2 9 9 1 2 9 9 1 9 1 9 1 1 9 9 2 1 2 2 2 2 2 2 9 2 9 2 2 1 9 1 2 2 2 2 2 2 2 1 1 1 2 2 9 2 2 1 2 2 1 2
left_child=1 6 11 7 18 21 13 22 25 51 14 28 39 -1 -10 34 23 31 26 30 -19 32 -2 -12 -16 -6 -5 -26 -3 -15 41 -9 -4 -34 35 36 -8 38 -32 -11 -20 -17 -37 44 45 -23 53 -47 -22 -33 -18 52 -7 -46 55 -39 60 -58 -59 -60 61 -52
right_child=3 2 5 4 8 9 15 17 10 12 16 -13 -14 29 24 19 50 20 40 -21 48 43 -24 -25 27 -27 -28 -29 -30 -31 37 49 33 -35 -36 42 -38 54 -40 -41 -42 -43 -44 -45 46 47 -48 -49 -50 -51 56 -53 -54 -55 -56 -57 57 58 59 -61 -62 -63
leaf_value=32.976457601383423 -7.3609304942583638 16.776574937864723 32.389555978407195 4.8969690242529218 -5.6904456035991755 4.6904900966438383 17.7358820644445 -3.4758931477607975 2.3957257190433761 16.70824047649354 6.2064806353959288 29.828839096257795 14.173787225631749 5.0894133981958243 -0.16798771894207465 36.273419084905946 -1.2434822171929945 -1.5690606717228719 7.3292848203602539 2.1031582648580627 -6.2456041399817881 8.0356649454757658 -5.5253632934641095 1.1118877488613608 -0.84697154358228444 -2.5059394755552566 11.368979824716773 -4.4271252433527426 23.237666799245776 10.28921621700696 12.560527624493272 1.5957330132056731 32.595159135709658 15.097476571652948 -2.5926481415421767 -1.726738726646222 1.7510375247104617 11.921683268110597 42.133298893632563 7.6575656736319777 1.013739406051634 5.5242538577268938 -18.417545981412371 17.498086320527786 6.6249739667293674 32.833212296704993 -0.90012826093831411 17.699724711745404 -4.2786517555219747 -2.1861988986948031 7.1253041167996187 3.187535628656454 13.634425975368115 24.673664518813013 -10.329255162171982 -8.1170200819586533 3.3918037181864471 -4.0513064749406382 4.6689998258615883 -2.9468750786750717 1.3166176837669061 -1.29053561421386
leaf_weight=316 80879 2160 713 3055 15869 2750 468 11523 11018 763 11021 8227 14524 9441 11863 177 10528 11562 2036 7312 24752 849 48322 5578 8117 18597 5195 23327 11924 3831 442 7395 333 820 18926 1523 3113 592 87 10978 4867 111 229 7720 348 296 641 1197 30147 7202 3977 7250 1363 284 189 162 4010 4041 3988 4578 9515 1227
leaf_count=316 80879 2160 713 3055 15869 2750 468 11523 11018 763 11021 8227 14524 9441 11863 177 10528 11562 2036 7312 24752 849 48322 5578 8117 18597 5195 23327 11924 3831 442 7395 333 820 18926 1523 3113 592 87 10978 4867 111 229 7720 348 296 641 1197 30147 7202 3977 7250 1363 284 189 162 4010 4041 3988 4578 9515 1227
internal_value=0.00498484 10.2963 15.6451 -3.21122 -0.157246 11.5179 1.96034 -5.44774 -0.811465 9.50323 0.155029 25.0314 11.5385 7.22293 -1.5789 -0.187163 1.76626 -3.73446 6.19678 3.94129 -4.53938 17.249 -6.67541 4.49617 -2.59006 -3.97339 8.96151 -3.5035 22.2468 6.58539 11.5006 -1.68401 24.695 20.151 -1.73113 1.32862 3.89451 8.76665 17.4241 8.25945 2.88438 25.8735 -3.90836 16.0025 12.8529 16.1091 6.8624 20.7001 -5.16454 -0.270635 0.682612 4.80719 7.63584 14.7355 3.91003 7.5166 1.32992 0.144003 -0.891032 0.598783 2.66965 5.13116
internal_weight=504248 120059 73140 384189 162407 50829 46919 221782 147254 37628 112788 22311 26265 13588 54325 33331 58463 92581 15153 9072 66461 13201 129201 16599 43307 34466 8250 31444 14084 13272 1760 26120 1866 1153 24259 5333 3581 1472 529 11741 6903 288 1752 11335 3615 2342 1273 1493 54899 14597 41864 11363 4113 632 943 754 31336 16617 12607 8566 14719 5204
internal_count=504248 120059 73140 384189 162407 50829 46919 221782 147254 37628 112788 22311 26265 13588 54325 33331 58463 92581 15153 9072 66461 13201 129201 16599 43307 34466 8250 31444 14084 13272 1760 26120 1866 1153 24259 5333 3581 1472 529 11741 6903 288 1752 11335 3615 2342 1273 1493 54899 14597 41864 11363 4113 632 943 754 31336 16617 12607 8566 14719 5204
cat_boundaries=0 1 2 3 4 5 6 8 9 10 12 14 15 16 17 18 19 20 22 24 25 26 27 28 29 30 31 32 33 34 35 36
cat_threshold=49 1 539901972 477186 1 8 3763343376 1 4096 128 5250056 1 677795864 1 196 285425664 128 133120 14 68 138419208 1 3272639008 1 2 3622400 16384 32 540672 16 68 2 32 16842752 128 4
is_linear=0
shrinkage=0.05


Tree=37
num_leaves=63
num_cat=15
split_feature=20 20 20 3 3 20 3 20 20 20 20 3 3 3 3 3 10 10 1 19 10 0 0 3 3 20 1 10 19 3 3 1 7 1 7 0 10 20 19 0 7 0 18 4 10 3 4 0 7 10 0 3 20 0 18 4 0 10 0 20 3 0
split_gain=9.14128e+09 1.56095e+09 1.42442e+09 3.39655e+08 2.4624e+08 1.82534e+08 1.8188e+08 6.50782e+07 4.61895e+07 3.97458e+07 3.43768e+07 3.29334e+07 2.69125e+07 2.32291e+07 2.27531e+07 2.22213e+07 1.85736e+07 1.73285e+07 4.68773e+07 2.67506e+07 1.66048e+07 2.2098e+07 1.65466e+07 1.64238e+07 1.57925e+07 1.34358e+07 1.20174e+07 5.2634e+07 1.13388e+07 1.12168e+07 1.09266e+07 1.06242e+07 1.12097e+07 1.05713e+07 1.29729e+07 1.38202e+07 1.0345e+07 1.32865e+07 1.0959e+07 1.37891e+07 1.02415e+07 9.66209e+06 2.47923e+07 1.57012e+07 1.18165e+07 9.183e+06 1.0041e+07 9.153e+06 8.99453e+06 8.81962e+06 1.06412e+07 1.1397e+07 9.30995e+06 8.77339e+06 1.23055e+07 8.66919e+06 8.6605e+06 8.62061e+06 1.01385e+07 9.09341e+06 8.10231e+06 1.03363e+07
threshold=2044.5544314459996 3415.5617713651791 1030.5740300135424 4500.0473101299594 1486.3823785390141 613.85307586700321 2702.1792559104724 5229.0057692225555 4000.0000000000009 1718.3165638192688 814.51775535032402 1218.3264210678865 2279.1554194469331 418.00003462483988 3158.1210901774289 1593.1157772210506 5.5000000000000009 4.5000000000000009 0 673.12800000000004 5.5000000000000009 1 2 2105.7117662629939 5833.4745046068419 4501.1082227991183 3 4.5000000000000009 1483.6605000000006 1475.0031074236351 3828.1534090909095 4 2013.5000000000002 5 2009.5000000000002 6 1.0000000180025095e-35 2440.9698029269407 4.2446666666666664 7 2013.5000000000002 8 804.34000000000003 271.41500000000008 4.5000000000000009 4172.1826972747822 70.00500000000001 9 2008.5000000000002 1.0000000180025095e-35 10 2130.7475790510211 1279.5083922185424 11 2204.537142857143 70.00500000000001 12 5.5000000000000009 13 1361.5925202790247 3267.977079231146 14
decision_type=2 2 2 2 2 2 2 2 2 2 2 2 2 2 2 2 2 2 1 2 2 9 9 2 2 2 1 2 2 2 2 1 2 1 2 9 2 2 2 9 2 9 2 2 2 2 2 9 2 2 9 2 2 9 2 2 9 2 9 2 2 9
left_child=2 6 5 8 11 13 12 26 33 30 -7 53 20 -1 -8 -10 17 22 19 -19 29 31 -17 -15 -9 -18 -5 40 -29 47 49 32 -22 -3 55 -36 45 38 -38 -40 -28 42 44 -44 -13 -16 -47 -2 -32 50 51 -6 -51 54 -4 -35 -26 -55 59 -59 -11 -62
right_child=1 3 4 7 9 10 14 24 15 60 -12 41 -14 23 36 16 25 18 -20 -21 21 -23 -24 -25 56 -27 27 28 -30 -31 48 -33 -34 34 35 -37 37 -39 39 -41 -42 -43 43 -45 -46 46 -48 -49 -50 52 -52 -53 -54 57 -56 -57 -58 58 -60 -61 61 -63
leaf_value=-8.875496118600779 -8.4548440453492937 17.172452868143548 0.57174986939662598 25.469711296631143 4.0547441093813381 -5.7318062874930815 10.658977922308381 30.199843825015162 -7.281540383232965 3.1805713738724228 -4.0581111215071486 -1.0972768786637808 7.7249509198948365 -7.2676633071158721 16.184471558348918 12.570798364176271 23.228257496141669 9.0628629828012119 18.415618324497061 -29.284572279386307 19.4720794886527 5.5926225106561747 21.380701414630316 35.941496172818276 28.566177945689066 35.121074180337295 25.154930346239343 2.5081758959540004 -37.413276896269423 4.910235750277038 -8.7257429577055436 11.620305496927783 43.904951154268709 21.487132778874152 16.348704030600114 10.921378671407821 24.067223049464982 13.411066857349022 -13.764173143588264 7.3956438770460764 7.539246776395915 -0.9774456891778075 28.170539099430215 -0.52739931109925398 14.048743419804508 -2.5109839630126953 36.0301547820415 3.3128952303908479 29.378080400369939 -3.2136832413785492 1.0173623547913673 15.172073166989364 0.73239636723149881 -2.9742071080108654 35.946986953735355 -11.2789332818985 39.750808283353791 0.41996102336346691 -2.3296431741040755 9.3752532483966551 -0.86164179106999661 18.267013898629411
leaf_weight=34983 278 9161 1475 6826 2034 64055 17141 3699 72 35113 58882 1218 20704 59432 1592 697 897 93 909 89 169 1619 7014 22 586 323 522 29 46 17871 21 569 65 27 3871 1982 57 7291 106 219 98 53853 145 71 144 20 109 380 59 1574 4001 260 29670 44279 25 80 1032 1611 4431 344 118 185
leaf_count=34983 278 9161 1475 6826 2034 64055 17141 3699 72 35113 58882 1218 20704 59432 1592 697 897 93 909 89 169 1619 7014 22 586 323 522 29 46 17871 21 569 65 27 3871 1982 57 7291 106 219 98 53853 145 71 144 20 109 380 59 1574 4001 260 29670 44279 25 80 1032 1611 4431 344 118 185
internal_value=0.00485261 13.0349 -3.47337 21.1479 -0.192025 -6.20007 8.50749 27.7681 17.7772 2.04869 -4.93017 -1.713 6.44649 -7.8532 11.7429 20.3964 20.5953 19.7939 13.8959 -9.1848 5.18309 9.07644 20.6284 -7.25167 32.0021 26.3769 24.7749 17.3354 -21.977 4.67418 0.916948 15.8337 25.1828 16.0288 14.2182 14.5574 13.7206 12.9348 3.845 0.298333 22.3705 -0.864396 2.98099 18.7374 0.504064 17.2241 30.0548 -1.73703 19.3758 0.87761 2.58502 5.29171 0.533602 -2.61473 1.15365 -3.01086 36.1222 -2.72598 -1.00913 1.98557 3.25082 11.392
internal_weight=504248 106243 398005 38053 180631 217374 68190 12838 25215 73035 122937 107596 41655 94437 26535 10094 10022 8802 1091 182 20951 2422 7711 59454 5317 1220 7521 695 75 18529 37619 803 234 15121 5960 5853 9394 7673 382 325 620 55431 1578 216 1362 1721 129 658 80 37539 6295 2294 31244 52165 1500 107 1618 50665 6386 1955 35416 303
internal_count=504248 106243 398005 38053 180631 217374 68190 12838 25215 73035 122937 107596 41655 94437 26535 10094 10022 8802 1091 182 20951 2422 7711 59454 5317 1220 7521 695 75 18529 37619 803 234 15121 5960 5853 9394 7673 382 325 620 55431 1578 216 1362 1721 129 658 80 37539 6295 2294 31244 52165 1500 107 1618 50665 6386 1955 35416 303
cat_boundaries=0 1 2 3 4 5 6 8 9 10 11 12 13 14 15 16
cat_threshold=16 268509440 2686206020 97 16 37 1347638534 1 16392 16384 52455936 403006720 10502144 402761730 78080 16384
is_linear=0
shrinkage=0.05


Tree=38
num_leaves=63
num_cat=17
split_feature=3 3 3 3 3 3 3 1 3 3 3 3 3 3 3 7 10 4 10 3 7 1 10 7 0 0 18 0 4 3 0 1 17 17 10 15 0 12 1 18 6 7 1 7 0 7 1 0 3 7 7 1 0 7 10 7 0 4 0 12 18 3
split_gain=8.21075e+09 1.38559e+09 1.31074e+09 2.63794e+08 2.22477e+08 1.96197e+08 1.59221e+08 3.98991e+07 3.97229e+07 3.05908e+07 3.04756e+07 2.91673e+07 2.91547e+07 2.30637e+07 2.27357e+07 1.92415e+07 1.78541e+07 4.39536e+07 2.30446e+07 1.74549e+07 1.50723e+07 1.42685e+07 3.64251e+07 1.6527e+07 1.33707e+07 1.28123e+07 1.26322e+07 1.7624e+07 1.40648e+07 1.21493e+07 1.17866e+07 4.01918e+07 3.22028e+07 2.97936e+07 1.57894e+07 1.12944e+07 1.07913e+07 1.02846e+07 8.76399e+06 8.72989e+06 8.19853e+06 8.04747e+06 8.01179e+06 1.20802e+07 7.91394e+06 7.8375e+06 1.44537e+07 9.74508e+06 7.81396e+06 7.38433e+06 7.2233e+06 7.19567e+06 1.4172e+07 3.38014e+07 1.49092e+07 8.78969e+06 2.59544e+07 8.67463e+06 7.7429e+06 6.92353e+06 6.80493e+06 6.79016e+06
threshold=2105.7117662629939 1082.3079006351093 3530.0651334834361 4628.4457362818657 1538.6742199739797 656.1729024943312 2746.2840768770461 0 5470.869381340538 1769.8694283200996 844.1812976276276 433.47280767845933 1318.9562571762679 4172.1826972747822 3207.3745910625325 2008.5000000000002 3.5000000000000004 671.42500000000007 4.5000000000000009 2476.7546290360606 2012.5000000000002 1 4.5000000000000009 2013.5000000000002 2 3 726.67214285714283 4 763.78000000000009 5833.4745046068419 5 6 199.80500000000004 539.09500000000014 1.0000000180025095e-35 13.65 7 15.500000000000002 8 857.49428571428541 1.5000000000000002 2009.5000000000002 9 2015.5000000000002 10 2009.5000000000002 11 12 238.09983634640471 2011.5000000000002 2018.5000000000002 13 14 2008.5000000000002 1.0000000180025095e-35 2013.5000000000002 15 479.86000000000007 16 3.5000000000000004 683.85714285714323 2372.6448168027196
decision_type=2 2 2 2 2 2 2 1 2 2 2 2 2 2 2 2 2 2 2 2 2 1 2 2 9 9 2 9 2 2 9 1 2 2 2 2 9 2 1 2 2 2 1 2 9 2 1 9 2 2 2 1 9 2 2 2 9 2 9 2 2 2
left_child=1 5 6 7 12 11 19 13 21 -6 -7 48 -3 -4 38 39 26 49 24 51 -20 50 36 -24 -19 29 28 35 44 -10 31 32 -11 -34 -35 -28 -23 -22 -8 -9 -29 -27 43 -32 -17 46 60 -47 -1 -18 -5 52 53 -2 -55 -54 61 -56 -53 -31 -40 -57
right_child=2 4 3 8 9 10 14 15 25 30 -12 -13 -14 -15 -16 16 17 18 20 -21 37 22 23 -25 -26 41 27 40 -30 59 42 -33 33 34 -36 -37 -38 -39 45 -41 -42 -43 -44 -45 -46 47 -48 -49 -50 -51 -52 58 55 54 57 56 -58 -59 -60 -61 -62 -63
leaf_value=-10.459725744671069 -13.799897700450458 -1.9707985584665193 17.550102388728003 25.311269683454132 1.2827277511506729 -5.1803883615294657 5.6187950066426877 0.56271873875668177 30.600758410575697 12.212367398988 -3.5985270425860252 -6.6455344265017988 -0.28008041890382096 21.424742403673612 13.481642816671608 10.353680882693041 -8.7628561109304428 21.074890880073823 -32.658896443578932 8.0219623964298208 -34.902690174268642 4.5002567224603682 -30.169335714376203 14.103396140507289 0.24072910382676482 -4.3478247070312497 63.037924610484737 -2.5219834399223329 0.82510770609278872 65.001524480183932 3.8061052042730328 3.3804091932060985 67.193203288111192 56.281132206916816 3.7155792465209965 26.506940399214063 24.026035737498734 1.7502095117903593 4.0014391532331182 -35.060391162690664 16.352307753101318 27.5644123847492 2.519540568219254 11.733915963111995 17.247429006696017 6.4931946963656451 9.2893269655668487 11.521249247422771 -8.1146630731534124 15.47538644817887 31.388122163628637 3.0324357512015854 5.5282329359399212 59.448279135154955 31.527511245417362 27.022350856472805 6.8360978338312783 7.8561638193745766 5.8246311930918706 37.832228185838346 -13.729863932989176 14.274664419441715
leaf_weight=3946 61 59901 10114 6323 31799 57643 955 95 931 442 64537 69006 44396 6192 9684 668 32 102 72 13424 23 102 53 35 258 20 22 65 167 24 12971 2125 58 20 50 553 595 114 114 21 501 1615 20483 499 2221 1137 2108 14344 35598 1743 530 4015 9753 33 103 205 3360 62 6889 1020 103 213
leaf_count=3946 61 59901 10114 6323 31799 57643 955 95 931 442 64537 69006 44396 6192 9684 668 32 102 72 13424 23 102 53 35 258 20 22 65 167 24 12971 2125 58 20 50 553 595 114 114 21 501 1615 20483 499 2221 1137 2108 14344 35598 1743 530 4015 9753 33 103 205 3360 62 6889 1020 103 213
internal_value=0.00481961 -3.18382 12.7714 20.7254 0.202514 -5.71912 8.68327 17.6525 26.9987 2.41749 -4.34483 -7.26598 -1.25111 19.0098 11.5141 14.2779 14.6574 11.1619 -0.931064 6.57079 -14.1372 24.9559 17.5276 -12.5609 6.73584 31.3207 16.6096 21.0988 14.9334 34.5784 3.40212 6.58915 18.287 40.6922 18.7343 27.4276 21.5779 -4.4032 10.4985 -5.88629 13.9385 27.0089 3.14628 4.09675 15.749 10.751 8.05023 11.1636 -8.34867 15.0384 25.7437 5.78192 6.54993 18.0462 28.7687 6.31671 8.36891 22.6328 4.80023 38.4568 -4.22032 20.0469
internal_weight=504248 403474 100774 34211 172744 230730 66563 22963 11248 68447 122180 108550 104297 16306 28445 6657 6541 2344 569 38118 209 7638 785 88 360 3610 4197 1141 3056 1975 36648 2695 570 128 70 575 697 137 18761 116 566 1635 33953 13470 2889 17806 2325 15481 39544 1775 6853 24694 13790 259 198 13531 3778 165 10904 1044 217 418
internal_count=504248 403474 100774 34211 172744 230730 66563 22963 11248 68447 122180 108550 104297 16306 28445 6657 6541 2344 569 38118 209 7638 785 88 360 3610 4197 1141 3056 1975 36648 2695 570 128 70 575 697 137 18761 116 566 1635 33953 13470 2889 17806 2325 15481 39544 1775 6853 24694 13790 259 198 13531 3778 165 10904 1044 217 418
cat_boundaries=0 1 2 3 4 5 6 7 8 9 10 11 12 13 14 15 16 17
cat_threshold=37 1 65536 1124209408 81920 8929300 144 16801794 138 49 1631395912 16 2151683088 49 278528 536944906 2419440000
is_linear=0
shrinkage=0.05


Tree=39
num_leaves=63
num_cat=15
split_feature=20 20 20 20 20 20 3 3 3 3 3 1 20 20 20 3 1 3 4 3 1 0 0 3 3 4 3 18 3 3 0 4 17 21 20 0 20 3 17 19 0 19 19 20 3 17 19 0 20 0 17 17 14 0 1 1 4 20 0 13 3 2
split_gain=7.46472e+09 1.27486e+09 1.16305e+09 2.79229e+08 2.02128e+08 1.49727e+08 1.46195e+08 4.57835e+07 4.26231e+07 3.30666e+07 2.94054e+07 2.83787e+07 2.71913e+07 2.57308e+07 2.11339e+07 1.55863e+07 1.55297e+07 1.42235e+07 1.41663e+07 1.6618e+07 1.25857e+07 1.44227e+07 1.11743e+07 1.07229e+07 9.34297e+06 8.8163e+06 1.79724e+07 1.433e+07 8.15859e+06 7.73368e+06 2.99849e+07 1.11423e+07 1.01203e+07 7.4867e+06 8.25233e+06 7.2045e+06 2.19014e+07 8.47173e+06 1.14863e+07 1.06477e+07 7.10829e+06 7.08626e+06 8.9998e+06 8.21962e+06 7.08468e+06 7.82395e+06 6.99286e+06 6.97166e+06 6.86567e+06 6.84823e+06 1.94998e+07 1.0591e+07 6.80583e+06 6.73938e+06 6.67357e+06 6.62979e+06 6.92544e+06 6.57754e+06 8.56304e+06 6.74179e+06 6.53005e+06 6.45996e+06
threshold=2044.5544314459996 3415.5617713651791 1030.5740300135424 4633.3644804982769 1487.4744450395804 626.11566887578431 2746.2840768770461 3904.2033643443924 5470.869381340538 1769.8694283200996 1218.3264210678865 0 2400.0462534690109 829.17099792099805 433.3703557005536 3104.7188819842099 1 3158.1210901774289 58.515000000000008 2626.6259354325598 2 3 4 1888.8572916287501 1629.2412929626068 132.00500000000002 2023.7699460511092 1812.1007142857143 4371.0287820196727 2980.9585434173673 5 1916.5250000000003 11.410000000000002 1.5000000000000002 3535.4039992962066 6 2589.2934923515691 3600.0489955903977 35.005000000000003 860.53333333333353 7 56.201333333333345 600.37333333333333 3900.6392308260497 2226.4494685553996 2386.6200000000003 4.2446666666666664 8 4990.3547654076292 9 598.92000000000019 43.605000000000011 25.850000000000005 10 11 12 1.0050000000000001 5846.5037224942653 13 36.500000000000007 238.09983634640471 14
decision_type=2 2 2 2 2 2 2 2 2 2 2 1 2 2 2 2 1 2 2 2 1 9 9 2 2 2 2 2 2 2 9 2 2 2 2 9 2 2 2 2 9 2 2 2 2 2 2 9 2 9 2 2 2 9 1 1 2 2 9 2 2 1
left_child=2 6 5 7 10 14 12 16 11 49 47 48 53 -7 24 -8 18 -13 19 -3 21 -9 33 -18 60 27 40 -14 -22 -11 31 -31 52 -21 -35 36 46 -37 39 -39 -27 -23 -43 -44 45 -29 -17 54 -5 50 51 -6 -32 -2 -4 56 -55 -10 61 -60 -1 -59
right_child=1 3 4 8 9 13 15 20 57 29 -12 17 25 -15 -16 35 23 -19 -20 22 28 41 -24 -25 -26 26 -28 44 -30 30 32 -33 -34 34 -36 37 -38 38 -40 -41 -42 42 43 -45 -46 -47 -48 -49 -50 -51 -52 -53 -54 55 -56 -57 -58 58 59 -61 -62 -63
leaf_value=-9.9109893363105481 6.987317453765602 28.419470320569662 -0.45607419576551789 22.72602342027708 -1.9672188926579861 -5.0904544256042072 9.6321802200723141 2.8719540746408554 28.331995411576045 2.9793956370281927 -0.77376281870411989 -8.5343959513164709 8.3142110686964248 -3.6155401023860794 -6.4431912442893653 15.638807470533585 -9.8390136146545419 14.812861449996086 13.717881225452855 13.149925645051804 18.145013352465128 20.014262443452978 17.22245388664275 10.221267091812694 22.619560066223144 4.6441009434603027 6.971214873604012 48.319693274348978 20.999594250628412 17.97056745199988 -10.712962777912617 46.336602519807364 -7.021570547595295 7.3923833794064002 -18.107980595802776 12.246274887343807 11.42303528311197 18.653698970373576 12.81777125090715 36.169811259848728 -6.5871440624113138 1.7876528557141622 32.352938492848324 13.224561291110431 13.858437195399128 18.906295570960413 -5.6339271105252777 -2.5249957636901477 25.741712707575363 0.80975591587247908 26.04289515713851 6.6228972154545067 15.3087356722253 -21.634817739633416 8.909515787680597 4.694011515349481 0.42142583171331327 31.180494552537017 -2.0593547439575199 27.436344373399773 -7.7455711148713737 40.137155392025946
leaf_weight=3857 3411 309 1123 3549 650 63977 13593 269 1931 30685 57536 84 7664 54985 58764 45 70 292 8277 226 7214 618 3667 1378 25 226 9557 40 3833 197 32 42 229 90 49 7295 2179 385 757 112 344 150 65 413 141 52 273 49049 4031 39855 96 801 117 39 219 21670 407 304 20 618 35766 596
leaf_count=3857 3411 309 1123 3549 650 63977 13593 269 1931 30685 57536 84 7664 54985 58764 45 70 292 8277 226 7214 618 3667 1378 25 226 9557 40 3833 197 32 42 229 90 49 7295 2179 385 757 112 344 150 65 413 141 52 273 49049 4031 39855 96 801 117 39 219 21670 407 304 20 618 35766 596
internal_value=0.00470948 11.7794 -3.13841 19.1113 -0.173352 -5.60228 7.68785 16.3058 25.6501 1.8645 -1.54613 23.6335 5.94649 -4.40874 -7.04505 10.7658 14.3465 9.34836 14.9193 17.2445 18.4996 13.7724 16.3881 9.18805 -7.93708 7.43332 6.4568 8.68559 19.1182 3.09084 8.63324 22.0335 -0.411424 7.33308 -1.59695 12.1609 9.59572 12.8838 16.6952 22.601 -2.16814 16.0841 12.4727 15.8257 20.9011 31.6947 -2.62363 -2.42802 24.2977 0.937329 4.19163 2.77481 9.72018 4.89668 1.12688 4.56901 -1.47421 30.2751 32.7146 26.1026 -7.95636 36.704
internal_weight=504248 106243 398005 38053 180631 217374 68190 26628 11425 72704 107927 7956 43551 118962 98412 24639 14066 376 12618 4341 12562 1515 4032 1448 39648 18024 10127 7897 11047 31302 617 239 378 365 139 11046 2497 8549 1254 497 570 1246 628 478 233 92 318 50391 7580 41402 1547 1451 149 25527 1342 22116 446 3469 1538 638 39623 900
internal_count=504248 106243 398005 38053 180631 217374 68190 26628 11425 72704 107927 7956 43551 118962 98412 24639 14066 376 12618 4341 12562 1515 4032 1448 39648 18024 10127 7897 11047 31302 617 239 378 365 139 11046 2497 8549 1254 497 570 1246 628 478 233 92 318 50391 7580 41402 1547 1451 149 25527 1342 22116 446 3469 1538 638 39623 900
cat_boundaries=0 1 2 3 4 5 6 7 8 9 10 11 12 13 14 15
cat_threshold=49 53 144 286720 262144 272990210 2686605452 4268352 10502144 16388 2148155412 76 2 1124209152 1
is_linear=0
shrinkage=0.05


Tree=40
num_leaves=63
num_cat=14
split_feature=20 20 3 3 20 20 20 3 3 3 20 20 1 3 20 20 3 10 20 10 0 1 0 1 10 19 0 0 1 0 10 10 10 0 1 15 4 1 10 15 4 14 3 10 3 20 0 3 10 20 3 19 13 3 4 14 0 18 10 3 4 19
split_gain=6.69922e+09 1.13837e+09 1.05345e+09 2.003e+08 1.85362e+08 1.7229e+08 1.45803e+08 4.4594e+07 3.3203e+07 2.88653e+07 2.56778e+07 2.41758e+07 2.2131e+07 1.98579e+07 1.89499e+07 1.83008e+07 1.6275e+07 1.59377e+07 1.91329e+07 1.54813e+07 2.77769e+07 3.96458e+07 9.2972e+06 8.79358e+06 2.19226e+07 2.84845e+07 8.47698e+06 8.46824e+06 8.44252e+06 9.23923e+06 1.53827e+07 8.01727e+06 7.42423e+06 1.60773e+07 2.96335e+07 1.60456e+07 1.36052e+07 7.40334e+06 6.38204e+07 8.7699e+06 1.19372e+07 7.12809e+06 7.06436e+06 6.98432e+06 9.62084e+06 7.20921e+06 6.97189e+06 1.69452e+07 1.50295e+07 8.22159e+06 1.14628e+07 9.1502e+06 8.37583e+06 1.83309e+07 7.18619e+06 6.93116e+06 6.7899e+06 1.85937e+07 1.87555e+07 6.71618e+06 1.35144e+07 6.52205e+06
threshold=2044.5544314459996 3600.0489955903977 1051.379113695283 4981.5572559041984 2818.4868421052638 1499.8246655190121 669.46372593918852 4260.878826384117 2400.004260758416 1769.8694283200996 441.94061982679932 1244.7392697611187 0 3158.1210901774289 5846.5037224942653 814.51775535032402 3530.0651334834361 5.5000000000000009 4501.1082227991183 4.5000000000000009 1 2 3 4 4.5000000000000009 878.44200000000012 5 6 7 8 4.5000000000000009 5.5000000000000009 1.0000000180025095e-35 9 10 21.450000000000003 553.86000000000013 11 4.5000000000000009 15.450000000000001 716.62500000000011 26.950000000000003 2476.7546290360606 1.0000000180025095e-35 1501.1286507174711 873.74360832280502 12 2400.004260758416 1.5000000000000002 4383.0987632676979 1820.0042775665404 1638.2396666666671 116.50000000000001 3207.3745910625325 306.60500000000008 31.150000000000002 13 518.38714285714298 4.5000000000000009 2226.4494685553996 40.890000000000008 1293.9900000000002
decision_type=2 2 2 2 2 2 2 2 2 2 2 2 1 2 2 2 2 2 2 2 9 1 9 1 2 2 9 9 1 9 2 2 2 9 1 2 2 1 2 2 2 2 2 2 2 2 9 2 2 2 2 2 2 2 2 2 9 2 2 2 2 2
left_child=2 4 6 7 8 11 10 12 -2 56 -1 16 41 26 37 -8 43 19 -19 46 21 -21 -15 -9 -25 -26 -6 -16 29 30 -10 59 33 34 35 -11 -37 -5 39 -39 -41 -3 61 44 -4 -45 49 48 54 50 -14 52 53 -51 -48 -53 57 58 -7 60 -28 -33
right_child=1 3 5 14 13 9 15 23 28 32 -12 -13 17 22 27 -17 -18 18 -20 20 -22 -23 -24 24 25 -27 31 -29 -30 -31 -32 42 -34 -35 -36 36 -38 38 -40 40 -42 -43 -44 45 -46 -47 47 -49 -50 51 -52 55 -54 -55 -56 -57 -58 -59 -60 -61 -62 -63
leaf_value=-7.5325690358476782 4.7025649349267233 -18.707964576374401 -1.2871024743632491 25.319454421378381 6.43139877490486 0.39091322851131544 -4.7637083029124874 20.295434760198084 2.3367451314614196 14.528836137354375 -5.9639262593265254 -0.60973682585065014 47.415534111549114 14.942337954753308 34.321340590562862 -3.453668215171243 31.955067313058038 17.91369231400407 33.353310451172945 -17.912432181012505 13.902057916147911 12.659332835120994 11.640535614716136 17.908681191623771 15.668886655807496 -25.744718831022023 14.093415368732654 24.178459182969959 7.6771435466410711 5.5649651869555044 -24.664892300878254 14.819629575102784 2.619473486161735 3.0637610722833912 5.0389474874836928 56.909025239944462 23.04108070843462 31.938090752495658 -56.338561453138084 -14.562310185103582 22.132966963661477 3.7299311290129773 12.306195182667292 -5.5256909484832128 5.5474256292473187 -2.2759816040787793 6.1692239820957191 14.307345478904345 -11.238399205442335 73.616567411876858 15.918705113611068 49.050612214032348 15.862612382199737 21.737497474352523 44.375179700851447 21.049402315188679 0.79239349375159529 25.187253341650724 16.934226560220122 10.032459555963936 -3.2857434063492459 32.82928324854651
leaf_weight=41497 26877 44 8072 5412 1841 1195 44871 7875 214 200 70260 52359 29 3182 1045 65682 35 1673 228 182 1353 227 9936 958 100 71 190 608 18972 1538 70 121 25918 3948 983 52 69 135 28 29 94 181 1210 1779 550 41951 32 3851 122 21 7389 51 364 90 20 39 37447 99 200 9664 272 86
leaf_count=41497 26877 44 8072 5412 1841 1195 44871 7875 214 200 70260 52359 29 3182 1045 65682 35 1673 228 182 1353 227 9936 958 100 71 190 608 18972 1538 70 121 25918 3948 983 52 69 135 28 29 94 181 1210 1779 550 41951 32 3851 122 21 7389 51 364 90 20 39 37447 99 200 9664 272 86
internal_value=-0.0038278 11.1368 -2.98905 18.9791 7.72691 -0.0855011 -5.27282 16.8381 5.86324 1.83287 -6.54639 -1.36955 15.2456 11.0792 26.2312 -3.98538 -2.12896 15.4641 19.7655 14.8815 10.5049 -1.04755 12.4617 19.6496 14.8337 -1.52624 9.72424 30.9445 7.36345 4.0328 -4.1717 10.235 2.96684 4.68106 9.48139 22.5223 37.5959 24.8639 14.839 23.1389 13.4812 -0.629927 13.7664 -2.15175 -0.851126 -2.40818 15.5237 13.584 -1.64463 16.4641 16.0418 22.2988 19.5291 31.5525 20.8638 36.9168 0.9252 4.22043 2.76271 9.75091 3.86153 22.3019
internal_weight=503591 106424 397167 32251 74173 174857 222310 24900 47671 70111 111757 104746 15896 26502 7351 110553 52387 15671 1901 13770 1762 409 13118 9004 1129 171 13384 1653 20794 1822 284 11543 31170 5252 1304 321 121 5698 286 258 123 225 1417 52352 8622 43730 12008 4025 174 7983 7418 565 475 111 52 90 38941 1494 1395 10126 462 207
internal_count=503591 106424 397167 32251 74173 174857 222310 24900 47671 70111 111757 104746 15896 26502 7351 110553 52387 15671 1901 13770 1762 409 13118 9004 1129 171 13384 1653 20794 1822 284 11543 31170 5252 1304 321 121 5698 286 258 123 225 1417 52352 8622 43730 12008 4025 174 7983 7418 565 475 111 52 90 38941 1494 1395 10126 462 207
cat_boundaries=0 1 2 3 5 6 8 9 10 11 12 13 14 16 17
cat_threshold=138 73728 16 1232093698 1 37 2294291600 1 1124274688 136 69952 352256 16 33 1533219586 1 16388
is_linear=0
shrinkage=0.05


Tree=41
num_leaves=63
num_cat=15
split_feature=20 20 20 20 3 20 20 3 3 3 3 3 3 20 1 10 20 3 10 0 1 3 7 0 10 10 0 0 7 0 7 7 7 4 3 10 3 1 10 7 10 3 19 3 19 15 18 1 0 10 10 3 0 0 1 4 14 3 17 0 10 0
split_gain=6.04671e+09 1.02766e+09 9.52419e+08 1.8278e+08 1.80978e+08 1.67393e+08 1.0644e+08 4.06393e+07 3.04288e+07 2.67332e+07 2.54678e+07 2.33719e+07 1.9852e+07 1.73757e+07 1.68621e+07 1.37892e+07 1.50101e+07 1.33248e+07 1.05371e+07 2.3141e+07 2.84375e+07 9.81756e+06 9.5867e+06 1.40928e+07 2.65569e+07 1.6926e+07 9.08158e+06 8.66815e+06 8.26862e+06 8.06804e+06 9.85827e+06 7.76357e+06 7.64797e+06 1.19419e+07 9.72131e+06 7.74527e+06 7.53299e+06 7.50166e+06 3.5797e+07 7.47641e+06 7.31203e+06 7.27193e+06 7.22649e+06 7.1635e+06 7.27108e+06 7.07767e+06 1.1543e+07 6.93581e+06 8.11133e+06 1.20604e+07 6.92749e+06 1.41227e+07 1.5786e+07 7.79951e+06 7.63288e+07 1.57214e+07 6.88666e+06 6.7189e+06 6.71019e+06 6.40885e+06 6.38538e+06 1.30175e+07
threshold=2044.5544314459996 3600.0489955903977 999.99998451777526 1463.7524846178458 4981.5572559041984 2783.9153290054519 595.14585817695922 4086.4962359785382 1750.0167000668007 1218.3264210678865 2400.004260758416 3158.1210901774289 771.43554136586249 5469.7708618331062 0 5.5000000000000009 4269.790630326007 360.9878784809153 4.5000000000000009 1 2 2550.1108647450114 2012.5000000000002 3 4.5000000000000009 5.5000000000000009 4 5 2013.5000000000002 6 2007.5000000000002 2011.5000000000002 2009.5000000000002 3.5050000000000003 1820.0042775665404 1.0000000180025095e-35 4086.4962359785382 7 4.5000000000000009 2011.5000000000002 5.5000000000000009 1718.4084893054981 554.98800000000017 2476.7546290360606 148.52500000000001 15.450000000000001 644.85214285714301 8 9 4.5000000000000009 3.5000000000000004 2301.3822729599801 10 11 12 227.92500000000004 26.950000000000003 1769.8694283200996 574.42000000000019 13 5.5000000000000009 14
decision_type=2 2 2 2 2 2 2 2 2 2 2 2 2 2 1 2 2 2 2 9 1 2 2 9 2 2 9 9 2 9 2 2 2 2 2 2 2 1 2 2 2 2 2 2 2 2 2 1 9 2 2 2 9 9 1 2 2 2 2 9 2 9
left_child=2 5 6 9 7 10 17 14 60 -4 -2 29 -8 37 56 18 -17 -1 32 20 28 -14 23 24 26 -26 -9 -13 -20 41 42 -28 33 -16 -34 -35 -11 -6 45 -15 -32 -7 -31 44 -42 -39 -47 48 -12 -50 51 53 -53 54 55 58 -3 -19 -10 -36 -5 -62
right_child=1 4 3 8 13 11 12 22 50 36 47 27 21 39 15 16 -18 57 19 -21 -22 -23 -24 -25 25 -27 31 -29 -30 30 40 -33 34 35 59 -37 -38 38 -40 -41 43 -43 -44 -45 -46 46 -48 -49 49 -51 -52 52 -54 -55 -56 -57 -58 -59 -60 -61 61 -63
leaf_value=-7.5792727913259554 4.4731891453100774 -17.772566090930592 -2.293661573461613 0.50557972899438652 23.184334252007346 -13.693330983055965 -4.8875736877335312 16.45392815128351 65.43223201779351 -0.77117078671264283 6.4612597373178948 14.535599767968973 -3.6133262124493322 31.839074594931617 23.633537165323894 16.363239491669706 29.229680035157642 -6.1667992332684483 -33.679308293874449 13.114799772132812 12.113636258860542 24.088522875308993 18.80904366228549 18.286646910431568 -14.443415720168858 20.055090518707928 -7.9346806031901664 11.177504659755979 -9.6526008634981917 7.2279695063021867 9.2523218187413683 15.201720937948961 40.368946244981558 19.814363564082555 8.9463952254132018 -6.4276027514384344 25.169823510306223 33.077135922831872 -45.61380626360576 26.26266597842476 1.0087051073710123 6.6047403722699265 -11.666985362928401 11.568031672405576 25.670788931033826 -22.405936702489853 19.425454031152928 7.1719436163378383 2.7664222647285976 -14.111951121868509 1.7891389186267437 13.69761237021925 3.0145686929989486 2.6712771869685086 2.8626874630339447 8.9816697788238535 4.3558934102739606 18.331347084045412 32.540039019584661 14.716548236655754 6.7334980785169378 0.95634862771383311
leaf_weight=21999 26734 44 59222 38182 3730 45 57603 770 69 54292 1071 2726 62108 778 66 1290 275 65206 52 1052 169 32 9416 1850 146 47 82 10525 115 111 11162 65 36 35 641 143 28 62 24 2643 36 2268 93 1295 176 20 94 17265 534 132 12083 660 755 18307 1206 20 175 28 20 8431 1277 4070
leaf_count=21999 26734 44 59222 38182 3730 45 57603 770 69 54292 1071 2726 62108 778 66 1290 275 65206 52 1052 169 32 9416 1850 146 47 82 10525 115 111 11162 65 36 35 641 143 28 62 24 2643 36 2268 93 1295 176 20 94 17265 534 132 12083 660 755 18307 1206 20 175 28 20 8431 1277 4070
internal_value=-0.00346969 10.5807 -2.83958 -0.28534 18.0319 7.34088 -5.18669 15.9968 1.60119 -1.55888 5.46792 10.3532 -4.21891 24.9254 13.9888 14.2278 18.6241 -6.51514 13.6004 9.53522 -2.00298 -3.59906 18.0288 15.5468 10.7191 -6.04223 14.3637 11.8877 -16.1659 9.01422 9.51072 2.14948 14.2038 5.46791 14.4378 -1.26767 -0.757799 22.6573 11.1139 27.5308 9.69369 6.1831 -1.38591 12.9628 21.4829 19.481 12.0866 6.86741 3.7774 -0.570278 2.74329 3.29133 8.11558 2.94343 6.66135 44.9181 -0.0860767 -6.15628 58.0407 14.3349 0.732201 2.35046
internal_weight=503591 106424 397167 190191 32251 74173 206976 24900 76649 113542 45736 28437 119743 7351 12524 12305 1565 87233 10740 1388 336 62140 12376 2960 1110 193 917 13251 167 15186 12873 147 9352 244 9108 178 54320 3930 200 3421 12669 2313 204 1507 212 176 114 19002 1737 666 33120 21037 1415 19622 1315 109 219 65234 89 9072 43529 5347
internal_count=503591 106424 397167 190191 32251 74173 206976 24900 76649 113542 45736 28437 119743 7351 12524 12305 1565 87233 10740 1388 336 62140 12376 2960 1110 193 917 13251 167 15186 12873 147 9352 244 9108 178 54320 3930 200 3421 12669 2313 204 1507 212 176 114 19002 1737 666 33120 21037 1415 19622 1315 109 219 65234 89 9072 43529 5347
cat_boundaries=0 1 2 3 4 5 7 9 10 11 12 13 14 15 16 17
cat_threshold=138 73728 16 134307906 73730 1226850306 1 2286951568 1 33 136 541737990 402890754 10502148 16 2685665320 73984
is_linear=0
shrinkage=0.05


Tree=42
num_leaves=63
num_cat=12
split_feature=20 20 20 20 20 20 3 3 3 3 1 20 3 7 20 1 0 3 10 10 19 19 20 13 0 3 10 1 19 17 3 1 3 0 3 7 3 3 7 10 3 0 0 17 13 20 3 3 10 20 10 1 0 17 3 17 3 0 13 3 7 10
split_gain=5.45784e+09 1.11287e+09 6.79877e+08 1.9077e+08 1.59076e+08 1.3489e+08 9.75531e+07 3.25388e+07 3.16248e+07 2.5626e+07 2.3345e+07 2.32265e+07 1.87912e+07 1.63403e+07 1.56778e+07 1.2288e+07 1.1525e+07 1.9462e+07 2.36057e+07 3.64359e+07 3.50387e+07 1.30076e+07 1.14029e+07 1.09404e+07 1.07586e+07 1.06337e+07 1.02432e+07 2.46587e+07 1.98589e+07 1.01277e+07 9.92204e+06 9.77651e+06 1.17592e+07 1.03273e+07 1.51321e+07 2.35685e+07 1.32139e+07 9.62484e+06 8.68004e+06 8.59225e+06 8.46976e+06 8.16709e+06 7.88374e+06 2.14603e+07 8.64428e+06 7.85376e+06 7.74189e+06 7.60373e+06 7.27156e+06 7.03219e+06 6.81127e+06 6.78458e+06 2.87124e+07 3.25993e+07 1.75307e+07 1.63653e+07 8.2459e+06 6.76559e+06 6.64496e+06 6.31357e+06 6.18626e+06 1.35487e+07
threshold=2302.6551113320688 1199.9986394557825 4000.0000000000009 738.6874312624069 1670.4993966210782 2867.2189680627957 4981.5572559041984 3408.994814838808 500.00679117147718 970.44808223224857 0 1919.6241036627098 1390.336440162946 2008.5000000000002 5846.5037224942653 1 2 2400.004260758416 4.5000000000000009 5.5000000000000009 860.53333333333353 1483.6605000000006 4792.6836324509404 132.50000000000003 3 2550.1108647450114 4.5000000000000009 4 401.49433333333337 528.04500000000007 4172.1826972747822 5 1718.4084893054981 6 2667.2795652755995 2008.5000000000002 1955.8899174777825 4500.0473101299594 2013.5000000000002 5.5000000000000009 2002.3834457028536 7 8 774.79500000000019 172.50000000000003 232.75791747745299 3267.977079231146 2130.7475790510211 5.5000000000000009 5229.0057692225555 1.0000000180025095e-35 9 10 178.50500000000002 2336.9791367048933 741.78500000000008 2980.9585434173673 11 122.50000000000001 2702.1792559104724 2013.5000000000002 4.5000000000000009
decision_type=2 2 2 2 2 2 2 2 2 2 1 2 2 2 2 1 9 2 2 2 2 2 2 2 9 2 2 1 2 2 2 1 2 9 2 2 2 2 2 2 2 9 9 2 2 2 2 2 2 2 2 1 9 2 2 2 2 9 2 2 2 2
left_child=1 3 5 8 12 25 10 31 45 -5 22 51 42 -12 60 -9 17 29 -19 20 -20 -21 -4 -18 26 -2 37 28 -28 -15 -14 33 -33 -7 35 -35 -37 -17 -39 58 -10 -16 43 -3 -45 -1 -11 -13 -24 -50 59 52 53 -6 55 -55 -54 -52 -30 -34 61 -8
right_child=2 4 6 9 11 7 14 15 40 46 13 47 30 16 41 24 23 18 19 21 -22 -23 48 -25 -26 -27 27 -29 39 -31 -32 32 50 34 -36 36 -38 38 -40 -41 -42 -43 -44 44 -46 -47 -48 -49 49 -51 57 -53 56 54 -56 -57 -58 -59 -60 -61 -62 -63
leaf_value=-8.7690733377872956 5.3135843353226662 0.42460801764223088 16.996977234887193 -3.662307790827148 -9.7876652591633349 3.4888147224447668 21.319503033090037 -4.6624158995492122 -5.0114543164284866 -2.2462113420154091 -9.1188991068391232 3.1638823383449091 0.31664921040519944 65.671418588811704 31.212231926307858 11.853274774866779 -3.3410830097385205 16.889181772149843 11.710543156182894 14.703496017100964 -29.895473573873712 53.528005027771002 19.983124640884039 10.858423776100228 14.015951915330653 7.2391037671016596 8.7545085007622401 11.458943282977614 -38.659784327407145 28.096097795742079 25.546583527785081 -5.6923831202228623 -1.8615092551848234 -1.3480116181559376 10.097068434523528 35.610384152675501 17.382742791318858 38.307726877385925 10.192007279903331 4.435712702377983 19.590574754987443 21.61284488435702 -1.2059626163431094 8.0184654127193404 31.263936134032264 -6.3947228364775928 28.117703537713915 4.6894100153831451 24.369076426993026 44.029216054280603 5.1370865460424282 1.5636031712084453 2.4460106368354455 56.330960648148157 -5.5692058018275672 14.997777654844171 16.84602146990159 10.167566405617283 -14.349907197198299 7.152526674203334 23.225951855571285 4.8622974528747349
leaf_weight=3720 13861 1356 10335 64233 53 575 838 102 76375 61741 85 20422 47608 22 1045 4883 166 1450 93 94 111 28 1768 742 8633 14854 169 935 37 97 39 161 298 154 12876 116 696 66 47 46 35 608 43947 79 81 54619 21 13613 188 60 968 25926 3923 81 21 34 102 2889 117 558 4644 147
leaf_count=3720 13861 1356 10335 64233 53 575 838 102 76375 61741 85 20422 47608 22 1045 4883 166 1450 93 94 111 28 1768 742 8633 14854 169 935 37 97 39 161 298 154 12876 116 696 66 47 46 35 608 43947 79 81 54619 21 13613 188 60 968 25926 3923 81 21 34 102 2889 117 558 4644 147
internal_value=-0.00312137 -2.35806 11.5023 -4.36172 0.963581 8.83839 18.9593 10.9538 -5.66949 -2.96308 16.6845 2.87892 -0.356541 12.4356 23.7198 12.6975 13.1335 15.3864 14.1559 1.99876 -10.928 23.614 17.6537 8.17247 12.8107 6.30964 11.1394 7.21082 -3.762 35.0428 0.3373 9.59474 7.5798 10.2636 10.5423 16.5855 19.9867 12.1871 26.6136 -14.5265 -5.00019 28.001 -1.08371 2.4519 19.7865 -6.54612 -2.23589 3.77405 21.1078 29.1256 8.04927 1.8681 3.72894 22.2966 36.4396 44.1107 2.80396 8.94474 -20.1906 4.01446 22.4626 18.8635
internal_weight=503591 418029 85562 260744 157285 63041 22521 34326 134749 125995 15239 64175 93110 2888 7282 15035 2803 1895 1776 326 204 122 12351 908 14933 28715 6300 1304 369 119 47647 19291 4874 14417 13842 966 812 4996 113 200 76410 1653 45463 1516 160 58339 61762 34035 2016 248 4713 30140 4214 189 136 115 4025 3857 154 856 5629 985
internal_count=503591 418029 85562 260744 157285 63041 22521 34326 134749 125995 15239 64175 93110 2888 7282 15035 2803 1895 1776 326 204 122 12351 908 14933 28715 6300 1304 369 119 47647 19291 4874 14417 13842 966 812 4996 113 200 76410 1653 45463 1516 160 58339 61762 34035 2016 248 4713 30140 4214 189 136 115 4025 3857 154 856 5629 985
cat_boundaries=0 1 2 4 5 6 7 9 10 11 12 13 14
cat_threshold=37 136 199434 1 2953652460 16 49 2160066576 1 1124274688 2113536 16 16384 436711632
is_linear=0
shrinkage=0.05


Tree=43
num_leaves=63
num_cat=17
split_feature=20 20 3 3 20 20 20 20 3 1 7 20 20 3 3 0 3 20 0 10 1 19 7 16 10 7 0 10 20 3 19 10 3 10 0 0 4 10 1 7 0 7 3 1 10 1 0 10 1 10 10 3 0 4 0 10 10 0 0 7 10 3
split_gain=4.92669e+09 8.39612e+08 7.79561e+08 1.81974e+08 1.44138e+08 9.78063e+07 9.33989e+07 4.83919e+07 2.45425e+07 1.96587e+07 2.27374e+07 1.87853e+07 1.81329e+07 1.68742e+07 1.55035e+07 1.33127e+07 1.2938e+07 1.17366e+07 1.08879e+07 1.08259e+07 2.91356e+07 1.60817e+07 1.03277e+07 1.02288e+07 1.30742e+07 2.06758e+07 1.00044e+07 1.0744e+07 9.84329e+06 9.36205e+06 1.08452e+07 9.09916e+06 9.07785e+06 8.38112e+06 1.15459e+07 9.07754e+06 8.17934e+06 7.94519e+06 1.63108e+07 1.01892e+07 7.66972e+06 7.59242e+06 7.00807e+06 6.84476e+06 2.11151e+07 6.83007e+06 6.56534e+06 1.62886e+07 1.76118e+07 8.23934e+06 6.18361e+06 1.08707e+07 2.29463e+07 9.9315e+06 8.49268e+06 1.43011e+07 9.14455e+06 1.51091e+07 8.47609e+06 6.16237e+06 6.04784e+06 8.97727e+06
threshold=2044.5544314459996 3415.5617713651791 1007.2512352657795 4371.0287820196727 1463.7524846178458 2668.9288511288119 595.14585817695922 5229.0057692225555 1750.0167000668007 0 2008.5000000000002 1244.7392697611187 800.00216878300955 2980.9585434173673 2251.1102372189885 1 3530.0651334834361 361.18534246207952 2 4.5000000000000009 3 2079.3128333333339 2011.5000000000002 1.0000000180025095e-35 4.5000000000000009 2016.5000000000002 4 5.5000000000000009 4501.1082227991183 1616.0996792483809 401.49433333333337 5.5000000000000009 1656.6609783845281 5.5000000000000009 5 6 1.5050000000000003 4.5000000000000009 7 2007.5000000000002 8 2007.5000000000002 1475.0031074236351 9 4.5000000000000009 10 11 4.5000000000000009 12 5.5000000000000009 4.5000000000000009 2439.0652173913049 13 1370.8800000000003 14 5.5000000000000009 5.5000000000000009 15 16 2004.5000000000002 1.0000000180025095e-35 1501.1286507174711
decision_type=2 2 2 2 2 2 2 2 2 1 2 2 2 2 2 9 2 2 9 2 1 2 2 2 2 2 9 2 2 2 2 2 2 2 9 9 2 2 1 2 9 2 2 1 2 1 9 2 1 2 2 2 9 2 9 2 2 9 9 2 2 2
left_child=2 5 6 9 11 14 17 19 46 28 36 16 -8 41 33 29 60 -1 23 -5 21 -21 -20 -9 -25 -26 27 -22 -3 30 -12 -30 -17 35 -35 37 -11 -2 -39 -40 -15 59 -37 44 -16 -31 47 48 -6 -49 51 -10 -53 -54 55 -52 57 -56 -58 -7 61 -4
right_child=1 3 4 7 8 13 12 18 50 10 15 -13 -14 40 43 32 -18 -19 22 20 26 -23 -24 24 25 -27 -28 -29 31 45 -32 -33 -34 34 -36 42 -38 38 39 -41 -42 -43 -44 -45 -46 -47 -48 49 -50 -51 54 52 53 -55 56 -57 58 -59 -60 -61 -62 -63
leaf_value=-6.8873576489571766 2.6482774532876578 14.034144979961994 -1.1801805062981254 18.511896613730851 -0.19490566251820945 5.253727550928792 -4.3334320757535485 21.814867374076641 2.6284010521934817 21.753139962468829 12.524481176293415 -0.60404998815286481 -3.1208549329889195 11.361466116169389 4.5240974878875182 -15.105901759710068 28.468486982073102 -5.5604732663378202 30.567355662977118 3.6702209166118074 -7.8508082248947844 -33.371014480590823 23.9127434676431 15.845463993795988 -39.146826226711276 19.555560887654622 17.126950377666642 24.261153062614238 16.982565615519214 12.767406750064254 62.868165779113774 30.83100705206769 9.1558318322580678 12.226515991441062 3.9866740111200003 -4.2654127608362451 -11.725835331909948 4.3100971191320809 -35.743111370455836 -6.2617985120837476 8.812773512547734 7.4519477750973486 4.6663476403047515 5.7663523676420025 -14.912241089709699 3.310757165864624 0.55701820639278277 24.46281185511387 17.516131416619199 3.6204411445437255 -6.1527862369426423 13.715567953859731 3.2619234974596441 -13.47198023210492 17.085961399580302 3.7540225374025411 -8.105301034324162 3.0519890940506489 0.99742063626240096 -6.9121093798268793 -2.1541061473605283 5.3862000895359303
leaf_weight=22487 7216 9856 9709 7660 1204 288 65801 744 24730 21 23 46999 58013 4839 979 39 35 64373 698 84 88 45 3540 290 30 30 1464 37 467 8899 20 159 3378 626 1396 226 139 539 31 537 9749 13463 7775 20501 163 222 41354 132 149 74 900 649 399 114 199 612 273 2599 2645 163 53167 550
leaf_count=22487 7216 9856 9709 7660 1204 288 65801 744 24730 21 23 46999 58013 4839 979 39 35 64373 698 84 88 45 3540 290 30 30 1464 37 467 8899 20 159 3378 626 1396 226 139 539 31 537 9749 13463 7775 20501 163 222 41354 132 149 74 900 649 399 114 199 612 273 2599 2645 163 53167 550
internal_value=-0.00287317 9.55091 -2.56288 15.5185 -0.20847 6.24583 -4.64706 19.8698 1.46697 12.7623 11.3893 -1.36173 -3.76528 8.48388 4.65067 11.6364 -1.92286 -5.90399 23.6731 17.7074 14.1202 -8.58559 24.9499 18.3313 11.4498 -9.79563 15.9174 1.53179 14.4065 12.6508 35.9401 20.5 8.85301 3.58137 6.61787 3.20525 -7.33172 2.04075 -1.90097 -7.73464 9.67203 7.23818 4.40855 5.55709 1.73472 12.5549 0.677789 3.85306 1.88355 16.9757 2.48951 2.85048 7.57682 -0.447989 1.19645 -2.12881 2.07614 4.12209 0.121436 0.856762 -1.93964 -0.828147
internal_weight=503591 106424 397167 37933 186493 68491 210674 14710 76033 23223 12741 110460 123814 28502 39989 12581 63461 86860 5332 9378 1718 129 4238 1094 350 60 1589 125 10482 9164 43 626 3417 18346 2022 16324 160 8323 1107 568 14588 13914 8001 21643 1142 9121 42913 1559 1353 206 33120 25892 1162 513 7228 1512 5716 2798 2918 451 63426 10259
internal_count=503591 106424 397167 37933 186493 68491 210674 14710 76033 23223 12741 110460 123814 28502 39989 12581 63461 86860 5332 9378 1718 129 4238 1094 350 60 1589 125 10482 9164 43 626 3417 18346 2022 16324 160 8323 1107 568 14588 13914 8001 21643 1142 9121 42913 1559 1353 206 33120 25892 1162 513 7228 1512 5716 2798 2918 451 63426 10259
cat_boundaries=0 1 3 4 5 6 7 9 10 12 13 14 15 16 17 18 19 20
cat_threshold=5 1111740738 1 675348546 20 2 268509440 322256800 1 101 1228161830 1 128 112 16388 76 948150298 536944896 16384 16384
is_linear=0
shrinkage=0.05


Tree=44
num_leaves=63
num_cat=12
split_feature=20 20 20 20 20 20 3 20 1 3 20 3 20 7 3 3 0 3 11 7 3 1 3 17 3 0 11 0 11 1 19 0 3 7 3 3 3 3 17 19 3 3 3 18 0 1 11 7 17 7 7 1 17 3 17 1 0 3 7 12 3 7
split_gain=4.44763e+09 9.09218e+08 5.56405e+08 1.55211e+08 1.32311e+08 1.09792e+08 7.98718e+07 2.89563e+07 2.51555e+07 2.06815e+07 2.00513e+07 1.95034e+07 1.61109e+07 1.42035e+07 1.39699e+07 1.20686e+07 1.10057e+07 1.38392e+07 1.40169e+07 4.07127e+07 2.04603e+07 9.29396e+06 1.07116e+07 9.066e+06 8.8977e+06 8.83837e+06 9.14854e+06 8.69103e+06 9.40535e+06 1.96345e+07 1.75619e+07 8.14802e+06 1.19513e+07 1.46224e+07 1.03209e+07 7.91587e+06 7.59751e+06 7.58692e+06 1.36717e+07 8.0519e+06 7.28721e+06 6.88605e+06 6.59585e+06 8.0923e+06 6.58558e+06 1.14989e+07 1.41939e+07 9.51784e+06 7.48841e+06 8.28903e+06 6.47138e+06 6.39838e+06 6.3575e+06 6.12339e+06 6.05965e+06 5.9795e+06 2.75321e+07 2.59092e+07 2.13786e+07 9.01163e+06 8.11421e+06 6.87946e+06
threshold=2302.6551113320688 1138.3364357292899 4000.0000000000009 1593.583093678832 696.30040352887875 2980.0949553835444 5224.9642948227502 1872.4046726614349 0 915.51364479310087 441.94061982679932 3408.994814838808 4633.3644804982769 2008.5000000000002 1336.5287906968954 2593.7228879249046 1 2400.004260758416 1.0000000180025095e-35 2012.5000000000002 3158.1210901774289 2 1718.4084893054981 7.1050000000000013 2819.4827892043118 3 1.0000000180025095e-35 4 1.0000000180025095e-35 5 401.49433333333337 6 2626.6259354325598 2008.5000000000002 1955.8899174777825 2157.2256546625208 4172.1826972747822 3530.0651334834361 80.010000000000005 424.49050000000005 829.41073026168658 4500.0473101299594 4628.4457362818657 1401.8342857142859 7 8 1.0000000180025095e-35 2016.5000000000002 5.0050000000000008 2008.5000000000002 2012.5000000000002 9 186.63000000000002 1218.3264210678865 528.04500000000007 10 11 2200.001928317613 2008.5000000000002 35.500000000000007 2920.4711966842933 2005.5000000000002
decision_type=2 2 2 2 2 2 2 2 1 2 2 2 2 2 2 2 9 2 2 2 2 1 2 2 2 9 2 9 2 1 2 9 2 2 2 2 2 2 2 2 2 2 2 2 9 1 2 2 2 2 2 1 2 2 2 1 9 2 2 2 2 2
left_child=1 4 5 14 10 15 8 55 12 -6 53 21 -4 -10 -3 40 17 54 -19 20 -20 31 -23 -8 -18 26 -25 28 42 30 -30 -7 33 -33 -35 44 -16 -17 39 -39 -2 -21 -13 -44 45 48 -47 -48 -9 -50 -32 -29 -51 -1 -15 56 57 58 59 -5 61 -58
right_child=2 3 6 7 9 11 23 35 13 -11 -12 27 -14 16 36 37 24 18 19 41 -22 22 -24 25 -26 -27 -28 51 29 -31 50 32 -34 34 -36 -37 -38 38 -40 -41 -42 -43 43 -45 -46 46 47 -49 49 52 -52 -53 -54 -55 -56 -57 60 -59 -60 -61 -62 -63
leaf_value=-6.1731465473006439 -24.47558653694356 -1.2771752011506476 15.153175951199183 7.9757174140528635 -3.561264365648066 0.13097289177615948 26.663143553733825 5.3562596983222921 -8.2848655035329415 -2.2801571025970699 -4.7943023900266857 10.658453765354263 18.735459377755959 52.892130493164068 -0.086688354724084121 6.671641885767766 -1.5917858388070223 15.618495976004354 22.839798005421958 18.079080109631839 -28.568216179132463 -6.9816037120162582 7.2064465477231652 16.412013563757039 10.198971137970553 22.258816453570152 -5.9079025378594032 -0.075155672232309984 7.8567563398253357 9.9476433498718393 -39.796432668512523 -2.0451222186236038 9.3869093205850582 33.369357763785942 15.988003788891294 4.3214619013962912 25.083132559458416 13.553809008837744 4.2881117371574389 29.608629292455216 4.9978389047363923 -6.1264228228366733 12.672387605177033 46.90833014420101 2.5839011235911276 1.5471684579532496 21.16036192233852 1.5287173330473403 -0.3771440324329195 20.968805960752071 -10.977138131506303 12.629826915685108 50.869032025337219 11.695685728391013 25.285214844929804 1.0844626143410954 -4.4410981669685894 -7.0860796301453206 63.010702656590666 39.663891388274529 14.394004792155641 2.4620212144832472
leaf_weight=41527 21 47832 8156 57 65593 233 1030 157 86 60615 78446 4709 5102 25 48165 16097 182 1745 24 268 100 138 3694 392 1324 3905 52 110 168 886 22 97 10908 102 525 12604 30 239 299 116 15740 33 45 28 25160 1313 173 96 42 160 170 8694 20 48 97 31545 399 54 43 37 132 3781
leaf_count=41527 21 47832 8156 57 65593 233 1030 157 86 60615 78446 4709 5102 25 48165 16097 182 1745 24 268 100 138 3694 392 1324 3905 52 110 168 886 22 97 10908 102 525 12604 30 239 299 116 15740 33 45 28 25160 1313 173 96 42 160 170 8694 20 48 97 31545 399 54 43 37 132 3781
internal_value=-0.00260611 -2.12846 10.3836 0.66318 -4.07625 7.97368 17.1296 2.35502 15.4616 -2.94598 -5.26478 10.127 16.5193 11.7783 -0.671818 5.9517 12.2636 14.4933 13.6353 5.4926 -18.6183 8.89854 6.67807 22.4452 8.71618 21.4462 13.494 11.4271 9.86514 6.01235 -3.84243 9.60196 9.79139 16.0207 18.8156 3.28611 -0.0710209 6.88613 12.1653 18.7999 4.95857 15.4253 10.8897 25.804 2.80496 5.5994 3.66767 14.1543 13.3611 19.6241 -14.2793 12.4712 24.2911 -6.15252 30.9424 1.32895 3.03255 21.1393 33.8076 20.4487 2.18346 1.80309
internal_weight=503591 418029 85562 171800 246229 63041 22521 75773 17142 126208 120021 30529 13258 3884 96027 32512 3798 2292 2170 425 124 15697 3832 5379 1506 4349 444 14832 6028 1246 360 11865 11632 724 627 39725 48195 16751 654 355 15761 301 4782 73 27121 1961 1582 269 379 222 192 8804 180 41575 122 36048 4503 191 137 94 4312 4180
internal_count=503591 418029 85562 171800 246229 63041 22521 75773 17142 126208 120021 30529 13258 3884 96027 32512 3798 2292 2170 425 124 15697 3832 5379 1506 4349 444 14832 6028 1246 360 11865 11632 724 627 39725 48195 16751 654 355 15761 301 4782 73 27121 1961 1582 269 379 222 192 8804 180 41575 122 36048 4503 191 137 94 4312 4180
cat_boundaries=0 1 3 4 5 6 7 8 9 10 11 12 13
cat_threshold=33 1079708170 1 49 134217730 2416781548 16 2155872272 8929296 144 138 16 16384
is_linear=0
shrinkage=0.05


Tree=45
num_leaves=63
num_cat=11
split_feature=20 20 20 20 3 20 3 3 3 1 20 20 20 20 0 3 10 3 17 3 1 3 10 10 0 19 7 0 10 10 0 0 1 10 17 17 7 7 10 18 3 3 3 13 18 20 0 10 1 10 7 17 20 19 10 3 7 0 10 17 8 7
split_gain=4.06056e+09 8.53383e+08 4.78115e+08 1.43528e+08 1.29403e+08 8.27469e+07 7.59708e+07 2.19319e+07 2.00439e+07 1.89244e+07 1.76705e+07 1.76025e+07 1.65872e+07 1.49435e+07 1.36157e+07 1.2315e+07 1.01712e+07 1.28024e+07 9.90616e+06 9.47792e+06 8.77378e+06 8.40299e+06 8.07735e+06 3.58789e+07 5.10339e+07 1.22208e+07 7.97907e+06 1.09459e+07 7.9152e+06 7.69839e+06 1.65336e+07 1.01313e+07 2.56154e+07 2.75897e+07 1.49216e+07 1.86626e+07 1.02019e+07 1.0799e+07 8.07118e+06 7.50506e+06 7.3374e+06 7.17618e+06 7.07822e+06 6.96783e+06 1.06058e+07 6.93648e+06 6.6304e+06 1.10906e+07 9.52387e+06 1.85722e+07 1.2981e+07 6.5802e+06 6.36869e+06 6.30848e+06 6.27781e+06 6.20898e+06 6.68741e+06 6.02968e+06 1.16934e+07 1.72767e+07 1.15261e+07 1.05285e+07
threshold=2369.7975522815182 1160.6326290926595 4000.0000000000009 1670.4993966210782 713.28931705309913 3161.1678463094036 5224.9642948227502 488.1858866418093 2066.3076879164314 0 949.31221375501673 2700.0186567164187 1370.4643175916096 4633.3644804982769 1 2784.7630142627772 1.0000000180025095e-35 2702.1792559104724 7.8050000000000006 2784.7630142627772 2 3675.9158203319507 4.5000000000000009 5.5000000000000009 3 1416.9150000000002 2011.5000000000002 4 5.5000000000000009 5.5000000000000009 5 6 7 4.5000000000000009 199.80500000000004 549.72000000000014 2016.5000000000002 2012.5000000000002 1.0000000180025095e-35 349.24571428571426 1442.7505144806125 2372.6448168027196 1475.0031074236351 102.50000000000001 337.40142857142888 4990.3547654076292 8 4.5000000000000009 9 5.5000000000000009 2008.5000000000002 1423.1750000000004 232.75791747745299 4.7929999999999966 4.5000000000000009 4000.0000000000009 2013.5000000000002 10 4.5000000000000009 2467.6650000000004 4.5000000000000009 2008.5000000000002
decision_type=2 2 2 2 2 2 2 2 2 1 2 2 2 2 9 2 2 2 2 2 1 2 2 2 9 2 2 9 2 2 9 9 1 2 2 2 2 2 2 2 2 2 2 2 2 2 9 2 1 2 2 2 2 2 2 2 2 9 2 2 2 2
left_child=1 4 5 12 7 11 9 52 29 13 15 -2 -3 -4 22 -6 17 -10 -8 -16 -7 28 40 24 -24 -25 43 54 57 31 -31 32 34 -34 53 -36 37 -35 -37 -19 -11 -42 -33 51 -45 -27 47 -18 -49 50 -50 -20 -1 -5 -28 -13 -57 58 -22 -60 -61 -59
right_child=2 3 6 8 10 20 18 -9 16 14 -12 55 -14 -15 19 -17 46 39 26 -21 21 -23 23 25 -26 45 27 -29 -30 30 -32 42 33 36 35 38 -38 -39 -40 -41 41 -43 -44 44 -46 -47 -48 48 49 -51 -52 -53 -54 -55 -56 56 -58 61 59 60 -62 -63
leaf_value=-7.6845700653891447 5.2006049822498968 -1.0619418097469095 14.395631470670054 19.788940846378154 -3.2210647421036884 2.0382176247707915 25.949139886386547 -4.3618183839486697 5.1309510270977805 -12.023120228449505 -2.0187916339765297 7.3167571501132675 0.21490449799963085 17.851923816704254 -2.5263171853694186 32.601532046000166 3.0794971706955003 3.9036404831656095 33.35910477104472 9.2259878502236354 8.4163730089550111 11.669542955042607 -26.046939716815093 12.228248878992247 16.421209040674672 27.116757407239689 12.905812758976991 20.581326895448086 12.886592422159465 8.6208872512810135 2.1018114196233344 -1.4994596905785347 0.62282211269829935 4.5165870837676216 52.15360492127283 35.301647144317627 5.8069840631586445 35.328293359847294 -0.74363474031774013 19.004831521186727 36.48874547074481 15.34245493846074 1.6439963314422308 25.386168766021729 -14.264535991962141 57.266621335347502 3.9140403762836402 1.7843369323326539 -38.269439927921745 6.5183940578967725 -9.3620688819974429 22.268799106101419 -5.5440238791014238 4.7999590289044516 -8.8037925874864733 24.778132412793504 6.3541017059965625 -2.8994259643667153 6.7568951110908957 -37.856203565842065 -5.9404710123044202 10.069827583908923
leaf_weight=3731 17183 49589 8185 110 68747 346 1044 72350 3292 24 57135 18781 52220 5061 199 24 4726 116 268 1244 2872 7641 129 167 135 93 333 3381 1662 1296 3903 1888 2024 39 56 25 94 105 41 283 41 1870 34788 48 26 24 13528 763 43 190 401 267 50622 194 37 106 92 159 276 39 103 9900
leaf_count=3731 17183 49589 8185 110 68747 346 1044 72350 3292 24 57135 18781 52220 5061 199 24 4726 116 268 1244 2872 7641 129 167 135 93 333 3381 1662 1296 3903 1888 2024 39 56 25 94 105 41 283 41 1870 34788 48 26 24 13528 763 43 190 401 267 50622 194 37 106 92 159 276 39 103 9900
internal_value=0.0126492 -1.96162 10.2135 0.780491 -3.80389 7.85122 16.404 -4.93199 2.56091 14.7768 -2.66866 6.35997 -0.40702 15.7043 11.578 -3.20856 3.74785 6.15613 21.5743 7.55292 10.1961 10.3152 13.8776 8.57468 -4.69488 20.9098 20.5268 19.6649 9.63269 1.93919 3.7475 1.70036 4.66001 2.50531 15.7813 30.9234 18.6196 26.9835 12.9099 14.6145 15.4511 15.7961 1.48177 25.8353 11.4548 33.3013 3.29551 1.91941 -1.9914 -6.46162 -12.1617 27.8243 -5.69096 10.2236 10.4524 7.40961 16.2175 9.22756 7.25711 -0.534348 -14.7061 9.85503
internal_weight=504059 422323 81736 169714 252609 59160 22576 126703 67905 17172 125906 36162 101809 13246 3926 68771 23342 3691 5404 1443 22998 22652 2483 548 264 284 4360 3751 15011 44563 5199 39364 2688 2262 426 122 238 144 66 399 1935 1911 36676 609 74 117 19651 6123 1397 634 444 535 54353 304 370 18979 198 13349 3290 418 142 10059
internal_count=504059 422323 81736 169714 252609 59160 22576 126703 67905 17172 125906 36162 101809 13246 3926 68771 23342 3691 5404 1443 22998 22652 2483 548 264 284 4360 3751 15011 44563 5199 39364 2688 2262 426 122 238 144 66 399 1935 1911 36676 609 74 117 19651 6123 1397 634 444 535 54353 304 370 18979 198 13349 3290 418 142 10059
cat_boundaries=0 1 3 4 5 6 7 8 9 10 11 12
cat_threshold=33 1079709194 1 138 65536 134217730 73984 8405008 144 3224832 101 2425370796
is_linear=0
shrinkage=0.05


Tree=46
num_leaves=63
num_cat=14
split_feature=20 3 20 3 20 3 3 3 20 1 20 20 3 20 7 3 0 0 4 0 3 1 3 4 0 17 17 17 0 7 19 4 3 3 0 1 17 17 11 4 7 7 0 11 4 0 7 19 19 11 4 7 18 4 0 3 20 7 11 0 3 0
split_gain=3.66469e+09 7.72384e+08 4.31523e+08 1.25268e+08 1.22268e+08 7.47683e+07 6.86101e+07 2.39788e+07 1.82264e+07 1.70909e+07 1.65576e+07 1.55969e+07 1.44621e+07 1.36203e+07 1.27479e+07 1.19741e+07 1.18273e+07 1.04224e+07 1.00385e+07 1.63841e+07 1.37413e+07 1.31304e+07 1.50575e+07 9.065e+06 1.16519e+07 8.93212e+06 8.81778e+06 8.26632e+06 9.02933e+06 1.0721e+07 7.79469e+06 7.58935e+06 7.40062e+06 7.37335e+06 7.22273e+06 2.15503e+07 1.40741e+07 1.58093e+07 1.09727e+07 1.21354e+07 1.20716e+07 7.19438e+06 9.88582e+06 6.91531e+06 1.91683e+07 6.7293e+06 1.47592e+07 1.0044e+07 6.65128e+06 6.55492e+06 4.49333e+07 1.15948e+07 1.01135e+07 1.58459e+07 6.31473e+06 6.96001e+06 6.43353e+06 6.16151e+06 6.13505e+06 1.35216e+07 8.73663e+06 1.87933e+07
threshold=2369.7975522815182 1184.6226540807204 4000.0000000000009 745.0649995418745 1718.3165638192688 3158.1210901774289 5224.9642948227502 534.24481213482989 2818.4868421052638 0 1451.5649112591925 955.01916118741008 2105.7117662629939 4792.6836324509404 2007.5000000000002 3828.1534090909095 1 2 70.00500000000001 3 2336.9791367048933 4 2626.6259354325598 6.0050000000000008 5 7.8050000000000006 30.760000000000002 129.70500000000004 6 2008.5000000000002 2.571166666666667 24.605000000000004 3675.9158203319507 315.00104024252516 7 8 199.80500000000004 539.09500000000014 1.0000000180025095e-35 36.005000000000003 2016.5000000000002 2011.5000000000002 9 1.0000000180025095e-35 2462.6300000000006 10 2010.5000000000002 148.52500000000001 1018.1348333333334 1.0000000180025095e-35 835.45500000000004 2012.5000000000002 895.73214285714278 3.5050000000000003 11 3267.977079231146 4501.1082227991183 2012.5000000000002 1.0000000180025095e-35 12 2626.6259354325598 13
decision_type=2 2 2 2 2 2 2 2 2 1 2 2 2 2 2 2 9 9 2 9 2 1 2 2 9 2 2 2 9 2 2 2 2 2 9 1 2 2 2 2 2 2 9 2 2 9 2 2 2 2 2 2 2 2 9 2 2 2 2 9 2 9
left_child=1 3 5 7 10 8 9 33 -2 13 15 -5 34 31 -11 -3 -16 -7 19 21 26 22 -10 24 30 -8 -20 32 43 -30 -19 -4 -25 -1 35 36 -6 -38 -37 -40 57 45 -43 -29 -45 47 -47 -27 -34 54 52 -52 -51 -54 55 56 -18 -41 60 -60 -14 -62
right_child=2 4 6 11 12 17 25 -9 18 14 -12 -13 58 -15 16 -17 49 23 20 -21 -22 -23 -24 27 -26 41 -28 28 29 -31 -32 -33 48 -35 -36 38 37 -39 39 40 -42 42 -44 44 -46 46 -48 -49 -50 50 51 -53 53 -55 -56 -57 -58 -59 59 -61 61 -63
leaf_value=-6.2864967747517548 5.1527427463959867 -0.75863141839093995 17.578545061207954 -2.9788447330347463 9.9029455596994733 11.642210758424854 24.651682905732901 -3.9348717794194528 25.325314205598698 -16.708415366382134 0.55679810843208066 -1.842814058411407 3.7768487018711037 17.577071944908297 1.628778005508507 23.478505424892205 17.836551731985971 15.375044542200426 -11.787799841652111 7.0065872982139483 6.8701053273525865 8.5967743349286163 12.488193015013792 9.7439786333185836 7.0162779641784701 67.507131576538086 2.5135200824551656 7.0993578384018736 -11.657282025019327 9.5495294237217081 -11.030608670498914 13.418144040800286 12.585952487040284 -5.0007207228533543 1.8771685119615016 0.96715639941472509 50.731523162243413 11.735510208921612 -0.19222964755075422 6.1645940559250967 3.9085510796867311 9.9297381062099817 19.555295304832331 6.5132016639045034 -17.441312584877014 -17.432413306603063 21.61338773890904 30.447880837167375 21.57755985496458 9.9877008820128168 -28.173485549895663 3.5320717312040788 56.874189118416076 16.774091582298279 9.9945327390365861 14.474418965838238 41.648251027646275 32.48497529472742 -2.5825041960218016 3.768048072152415 17.708205653869943 4.4463353285464375
leaf_weight=13946 22136 63035 1260 59179 349 5550 1044 67341 354 41 40462 61728 14196 3556 308 51 74 34 147 3807 7747 1089 644 3036 1338 20 404 1748 60 8877 157 8430 1370 55614 38438 1906 51 53 167 28 96 370 3381 305 115 26 350 213 242 435 92 42 31 120 1155 1582 46 108 1160 2970 355 1090
leaf_count=13946 22136 63035 1260 59179 349 5550 1044 67341 354 41 40462 61728 14196 3556 308 51 74 34 147 3807 7747 1089 644 3036 1338 20 404 1748 60 8877 157 8430 1370 55614 38438 1906 51 53 167 28 96 370 3381 305 115 26 350 213 242 435 92 42 31 120 1155 1582 46 108 1160 2970 355 1090
internal_value=0.0120459 -1.86352 9.70294 -3.57164 0.813241 7.45867 15.584 -4.60742 6.04949 14.0377 -0.232682 -2.39885 2.58967 14.9191 10.9979 -0.739038 11.3186 9.70082 7.4482 9.02605 6.32747 12.6158 16.8726 9.06537 5.39496 20.4975 -1.3019 9.42737 8.68637 9.39664 -6.01519 13.9591 11.1978 -5.2585 2.05618 4.52779 14.3962 30.8586 2.53456 10.0855 17.4837 19.5028 18.6844 5.68891 -0.0457725 24.5435 18.4234 32.245 13.9358 12.1146 7.88476 -18.2359 13.8577 25.0066 13.2229 15.2653 26.9644 27.0661 3.70127 1.98723 4.15387 7.85776
internal_weight=504059 422323 81736 257808 164515 59160 22576 136901 36328 17172 103548 120907 60967 13246 3926 63086 3885 22832 14192 5894 8298 2087 998 17282 1529 5404 551 15753 11105 8937 191 9690 4648 69560 41196 2758 453 104 2305 399 232 4360 3751 2168 420 609 376 233 1612 3577 720 134 586 151 2857 1702 120 136 19771 4130 15641 1445
internal_count=504059 422323 81736 257808 164515 59160 22576 136901 36328 17172 103548 120907 60967 13246 3926 63086 3885 22832 14192 5894 8298 2087 998 17282 1529 5404 551 15753 11105 8937 191 9690 4648 69560 41196 2758 453 104 2305 399 232 4360 3751 2168 420 609 376 233 1612 3577 720 134 586 151 2857 1702 120 136 19771 4130 15641 1445
cat_boundaries=0 1 2 4 5 6 7 8 9 10 11 12 14 15 16
cat_threshold=33 2432966724 1232735766 1 876802 16 20480 2147491848 8405008 144 134217730 1258291968 1078135810 1 536949008 622594
is_linear=0
shrinkage=0.05


Tree=47
num_leaves=63
num_cat=11
split_feature=3 3 3 3 3 3 3 3 3 0 3 3 3 3 7 3 3 16 0 7 7 0 7 19 13 0 4 0 4 10 4 10 4 4 18 0 3 0 7 0 0 4 19 0 13 7 9 9 10 0 7 4 19 10 7 10 15 10 7 10 10 4
split_gain=3.29645e+09 5.5623e+08 5.26998e+08 1.09795e+08 8.94445e+07 7.58196e+07 6.55447e+07 1.91428e+07 1.62576e+07 1.39421e+07 1.23729e+07 1.22343e+07 1.07734e+07 9.89624e+06 9.69059e+06 9.1448e+06 7.68405e+06 7.11514e+06 6.87597e+06 6.52426e+06 6.27288e+06 6.20424e+06 7.24478e+06 9.00247e+06 5.97249e+06 5.85274e+06 5.71593e+06 5.34542e+06 8.08065e+06 1.39338e+07 7.33989e+06 6.73231e+06 6.12104e+06 5.69594e+06 6.6534e+06 7.57018e+06 5.30437e+06 4.9282e+06 4.91483e+06 9.70152e+06 7.28612e+06 4.87701e+06 4.73375e+06 9.5546e+06 5.9525e+06 4.69777e+06 4.64415e+06 4.96101e+06 4.56004e+06 8.46721e+06 1.46726e+07 5.49136e+06 4.53019e+06 4.70695e+06 1.19739e+07 1.32206e+07 7.33152e+06 4.51119e+06 8.963e+06 7.46539e+06 4.32556e+06 4.27833e+06
threshold=2105.7117662629939 1007.2512352657795 3675.9158203319507 1538.6742199739797 4981.5572559041984 2746.2840768770461 600.0100154524124 4371.0287820196727 1299.5018003138687 0 1838.1755981244985 3267.977079231146 793.68573818987727 5833.4745046068419 2008.5000000000002 339.79054482103271 2439.0652173913049 0.75000000000000011 1 2015.5000000000002 2011.5000000000002 2 2008.5000000000002 393.88000000000005 22.500000000000004 3 781.10500000000013 4 686.42000000000019 3.5000000000000004 2837.1400000000003 4.5000000000000009 0.70500000000000018 8.9050000000000029 1.9000000000000004 5 5833.4745046068419 6 2009.5000000000002 7 8 17.605000000000004 4.7929999999999966 9 190.50000000000003 2008.5000000000002 15.500000000000002 6.5000000000000009 4.5000000000000009 10 2012.5000000000002 2.4750000000000005 9.0916666666666597 4.5000000000000009 2016.5000000000002 5.5000000000000009 22.250000000000004 4.5000000000000009 2012.5000000000002 5.5000000000000009 4.5000000000000009 1090.1000000000001
decision_type=2 2 2 2 2 2 2 2 2 9 2 2 2 2 2 2 2 2 9 2 2 9 2 2 2 9 2 9 2 2 2 2 2 2 2 9 2 9 2 9 9 2 2 9 2 2 2 2 2 9 2 2 2 2 2 2 2 2 2 2 2 2
left_child=1 6 5 8 7 16 15 21 25 17 -5 38 -8 -11 -9 -1 -2 45 20 36 -16 22 23 -4 -15 -3 -25 32 33 -30 -31 46 -13 34 -29 -36 60 -18 39 -7 -40 -22 43 44 -12 -6 47 -32 -20 50 61 -52 -47 -54 55 56 -55 -24 59 -59 -19 -50
right_child=2 3 4 10 9 11 12 14 -10 13 42 27 -14 24 18 -17 37 19 48 -21 41 -23 57 26 -26 -27 -28 28 29 30 31 -33 -34 -35 35 -37 -38 -39 40 -41 -42 -43 -44 -45 -46 52 -48 -49 49 -51 51 -53 53 54 -56 -57 -58 58 -60 -61 -62 -63
leaf_value=-5.8071054656871874 3.6456963275046967 -0.60311174414430635 20.869480578104657 0.97659026710543761 -5.7456412937330166 -9.3091197153753491 -3.485926012591964 -10.751216013003619 -0.2579810263923718 18.79308425551535 20.855127234669297 16.21803399038523 -2.5421231201570285 44.961301370100543 -17.367349177819712 -4.5463291052017096 3.6597878658894696 9.3842762686155901 15.120202103748335 13.998653807451852 -0.19447182504754318 12.242494873666351 10.81263743846046 -32.325282457139757 23.409200522027412 -1.6704176198958696 -0.61439615885416676 11.019354983529738 7.4795830668672494 3.1875175879551816 1.8315652980804444 -22.413867501570628 9.3815649094126989 9.8440456841483996 -7.0999586511645809 5.4984051493446273 -19.000681447982789 5.6698094840456541 3.4012428269695718 5.3485255078831528 7.343777741586023 15.055183088270008 2.1697256581452438 3.0569308258888523 7.0603019941760152 -0.61590661472744412 6.1971890926361084 -29.078849043669521 -0.3605327621583016 14.334305462178776 27.128978897885577 7.4506237362632319 18.481942133062486 -2.5075562229862922 17.973337974915136 19.982757665634157 -35.257737144470212 -4.9506501159002623 9.6481474406811429 11.161983127478097 -13.977908491051716 -24.611572980880737
leaf_weight=17940 22834 16667 24 40210 23 111 60858 39 49957 3364 136 344 60092 33 27 72532 4472 143 5995 456 95 6704 6546 27 1241 56569 30 310 793 169 25 78 6792 2498 159 400 24 10909 1323 2262 16982 117 26651 1511 184 36 60 27 31 993 41 262 1674 54 312 50 25 215 1448 108 23 44
leaf_count=17940 22834 16667 24 40210 23 111 60858 39 49957 3364 136 344 60092 33 27 72532 4472 143 5995 456 95 6704 6546 27 1241 56569 30 310 793 169 25 78 6792 2498 159 400 24 10909 1323 2262 16982 117 26651 1511 184 36 60 27 31 993 41 262 1674 54 312 50 25 215 1448 108 23 44
internal_value=0.0115434 -2.00943 8.10145 -0.060336 13.628 5.73533 -3.77842 12.07 -0.953436 18.3798 1.54136 7.51735 -3.01701 20.1709 14.1088 -4.79633 4.2276 15.3082 14.2363 10.7552 5.11672 11.0381 10.05 -4.8191 23.9675 -1.42783 -15.6353 8.81284 7.37803 3.7797 -4.39304 -11.1357 9.69754 8.63109 5.14436 1.88632 2.97075 5.09146 6.78715 4.64621 7.0647 8.22161 2.33868 4.79792 12.5315 16.7316 -3.28133 -14.2181 14.5056 11.9238 5.078 10.1134 16.9719 17.2713 12.6757 -0.137315 -12.8715 10.2069 7.96817 0.436856 6.14735 -14.5878
internal_weight=504059 403307 100752 191885 30204 70548 211422 22746 123193 7458 68692 32333 120950 4638 7644 90472 38215 2820 7605 646 239 15102 8398 81 1274 73236 57 11655 4519 1152 359 190 7136 3367 869 559 190 15381 20678 2373 18305 212 28482 1831 320 2174 112 52 7366 1371 378 303 2151 2115 441 129 79 8317 1771 323 166 75
internal_count=504059 403307 100752 191885 30204 70548 211422 22746 123193 7458 68692 32333 120950 4638 7644 90472 38215 2820 7605 646 239 15102 8398 81 1274 73236 57 11655 4519 1152 359 190 7136 3367 869 559 190 15381 20678 2373 18305 212 28482 1831 320 2174 112 52 7366 1371 378 303 2151 2115 441 129 79 8317 1771 323 166 75
cat_boundaries=0 1 2 3 4 6 7 8 9 10 11 12
cat_threshold=943833154 2686472256 2685233646 547969032 1261142882 1 536891392 2153789684 16384 2160070672 13123600 65538
is_linear=0
shrinkage=0.05


Tree=48
num_leaves=63
num_cat=7
split_feature=20 20 20 20 20 20 3 3 3 20 0 20 20 0 19 4 3 11 3 13 3 9 12 17 4 19 3 4 7 7 7 0 11 19 3 0 7 19 3 4 7 18 3 7 4 3 3 0 18 3 13 3 7 11 3 0 3 4 8 3 0 3
split_gain=2.99343e+09 6.31448e+08 3.53522e+08 1.1406e+08 8.80587e+07 6.12923e+07 5.58638e+07 1.97627e+07 1.75041e+07 1.53096e+07 1.43007e+07 1.342e+07 1.0477e+07 9.36471e+06 2.12608e+07 1.56475e+07 9.05868e+06 9.01738e+06 8.94735e+06 8.7227e+06 7.93411e+06 1.34669e+07 1.09765e+07 8.24522e+06 8.19712e+06 7.75176e+06 7.37598e+06 7.16477e+06 7.3912e+06 6.84716e+06 7.32423e+06 1.48763e+07 7.011e+06 8.59291e+06 6.65593e+06 6.36622e+06 1.37227e+07 8.19317e+06 6.04558e+06 9.64379e+06 9.77204e+06 6.84146e+06 7.63528e+06 7.9576e+06 5.7488e+06 5.50885e+06 5.28463e+06 1.03784e+07 1.31699e+07 5.18123e+06 5.17005e+06 5.10058e+06 5.97928e+06 5.08164e+06 9.49139e+06 1.72677e+07 1.00425e+07 8.27304e+06 8.43723e+06 7.29827e+06 6.89623e+06 1.80231e+07
threshold=2369.7975522815182 1226.4980952684891 4000.0000000000009 700.00188561565369 1838.8550135501357 3161.1678463094036 5224.9642948227502 970.44808223224857 1538.6742199739797 495.28049901255628 0 2700.0186567164187 4501.1082227991183 1 660.12233333333347 271.41500000000008 2784.7630142627772 1.0000000180025095e-35 1514.2868223926246 272.50000000000006 3336.2827255565417 18.500000000000004 13.500000000000002 129.70500000000004 42.540000000000006 4.2446666666666664 2187.5862658914652 48.010000000000012 2012.5000000000002 2011.5000000000002 2015.5000000000002 2 1.0000000180025095e-35 1084.6663333333333 458.43877678739381 3 2010.5000000000002 148.52500000000001 3675.9158203319507 99.00500000000001 2008.5000000000002 215.8614285714286 2819.4827892043118 2014.5000000000002 54.110000000000007 697.47507760448627 3600.0489955903977 4 4.3035714285711695 209.07472875297233 284.50000000000006 4000.0000000000009 2013.5000000000002 1.0000000180025095e-35 1900.0009152684763 5 2593.7228879249046 894.11000000000013 4.5000000000000009 2400.004260758416 6 2251.1102372189885
decision_type=2 2 2 2 2 2 2 2 2 2 9 2 2 9 2 2 2 2 2 2 2 2 2 2 2 2 2 2 2 2 2 9 2 2 2 9 2 2 2 2 2 2 2 2 2 2 2 9 2 2 2 2 2 2 2 9 2 2 2 2 9 2
left_child=1 3 5 9 8 11 10 -5 13 49 16 -2 44 14 17 19 50 -3 -14 -16 21 22 -20 -24 -23 -8 45 -19 -29 35 31 32 33 -31 -15 37 -37 -27 39 41 -41 -7 43 -43 -12 -6 -28 -48 -49 -1 -4 -13 -53 54 -10 56 -56 -58 -59 -55 61 -57
right_child=2 4 6 7 26 38 25 -9 53 -11 12 51 18 34 15 -17 -18 27 20 -21 -22 24 23 -25 -26 29 46 28 -30 30 -32 -33 -34 -35 -36 36 -38 -39 -40 40 -42 42 -44 -45 -46 -47 47 48 -50 -51 -52 52 -54 59 55 60 57 58 -60 -61 -62 -63
leaf_value=-7.4043399305194244 4.4424227563496563 -0.23318786931309915 -9.8126006096856209 -2.752388492692436 -21.200748748779297 8.9493607766793755 23.555692336074287 -1.5865695436903238 0.86004355521810172 -3.7500946037382565 14.099668314502049 6.2870591434130283 -11.206913605858299 -20.21127119618766 16.912285175919532 -0.79577951703752792 8.5485704550285782 1.7215724908113481 68.45401229858399 40.636245437768792 14.232681734389383 23.23449851217724 6.4034653725162629 37.18183043623624 -9.0421708338969466 61.109878867013123 3.4609343599533497 7.3833553175536952 35.290296128262646 -14.002150154113771 17.993541128721727 15.715924904923781 -24.018941754102709 16.609592995735316 -0.53291619535934609 -18.411248214721681 19.901023121192679 28.395884228635722 9.89924388946819 -8.5799721615830649 7.3710963996269472 33.218595803578694 11.435581218389041 12.773184538713778 11.11051849664177 2.2790934015006243 21.971306548858511 25.040507297680296 -1.7297466575829692 -4.7773913579846115 13.770560600017681 22.44902740694442 5.0277373054753181 0.07800694552477716 7.9457685701066953 3.1263058660661471 9.6403539065657 12.455302064759392 46.615425043246326 -9.1603717495589496 3.752260486751525 -10.46391243499586
leaf_weight=1944 17183 1879 117 76077 25 4610 671 69616 27390 67009 2134 18781 34 43 152 105 709 100 20 52 7414 42 31 73 37 21 13923 49 46 41 3456 531 32 52 62852 25 359 216 7697 97 9469 90 934 101 6532 32946 106 58 221 54482 29 106 92 8970 340 816 58 28 51 219 2418 348
leaf_count=1944 17183 1879 117 76077 25 4610 671 69616 27390 67009 2134 18781 34 43 152 105 709 100 20 52 7414 42 31 73 37 21 13923 49 46 41 3456 531 32 52 62852 25 359 216 7697 97 9469 90 934 101 6532 32946 106 58 221 54482 29 106 92 8970 340 816 58 28 51 219 2418 348
internal_value=0.0110078 -1.6841 8.7695 -3.14278 0.878455 6.73817 14.0926 -2.19533 0.0775382 -4.26108 12.6973 5.45472 13.0291 -0.429618 2.64076 14.8874 6.14128 0.828898 14.3855 22.9596 14.4997 24.252 34.5311 28.0075 8.11758 18.5263 2.67269 11.0631 20.8962 17.8132 17.0742 12.2307 -3.54811 3.11409 -0.546283 22.7069 16.9649 30.0276 8.75625 8.18128 7.20935 9.80247 13.2983 22.4071 11.8466 2.26129 3.62073 9.39934 3.70268 -4.8679 -5.12827 6.37122 14.3543 0.892198 1.19443 3.45084 12.2933 23.9801 34.508 -0.14217 2.23277 -0.92877
internal_weight=504059 422323 81736 269128 153195 59160 22576 145693 105916 123435 17172 36162 16317 65278 2383 309 855 2074 7651 204 7617 203 124 104 79 5404 47279 195 95 4733 4112 656 125 93 62895 621 384 237 22998 15301 9566 5735 1125 191 8666 32971 14308 385 279 56426 146 18979 198 40638 31449 4059 477 137 79 9189 3582 1164
internal_count=504059 422323 81736 269128 153195 59160 22576 145693 105916 123435 17172 36162 16317 65278 2383 309 855 2074 7651 204 7617 203 124 104 79 5404 47279 195 95 4733 4112 656 125 93 62895 621 384 237 22998 15301 9566 5735 1125 191 8666 32971 14308 385 279 56426 146 18979 198 40638 31449 4059 477 137 79 9189 3582 1164
cat_boundaries=0 1 2 3 4 5 6 7
cat_threshold=2686730308 2375680 73730 1258291714 65536 65536 2184202948
is_linear=0
shrinkage=0.05


Tree=49
num_leaves=63
num_cat=8
split_feature=20 20 20 20 20 20 20 1 20 20 20 20 20 20 7 19 4 10 4 19 18 18 20 15 1 4 10 13 7 18 7 1 7 1 4 10 17 7 4 12 4 1 10 4 19 7 7 13 1 6 7 9 4 16 19 17 20 1 1 7 17 19
split_gain=2.70174e+09 5.4643e+08 3.4132e+08 9.52578e+07 7.85311e+07 6.55487e+07 4.59015e+07 1.96767e+07 1.66627e+07 1.32274e+07 1.31099e+07 1.206e+07 1.20316e+07 9.70558e+06 9.33111e+06 8.55267e+06 8.26964e+06 2.2222e+07 1.98114e+07 1.7591e+07 1.56511e+07 1.09587e+07 9.58115e+06 7.12865e+06 6.49529e+06 1.37782e+07 1.55182e+07 1.13502e+07 7.68115e+06 6.86051e+06 1.01983e+07 6.26922e+06 6.3995e+06 6.16989e+06 9.36783e+06 1.30124e+07 8.28047e+06 6.88749e+06 5.79861e+06 6.29996e+06 5.75629e+06 8.7576e+06 2.71456e+07 1.02709e+07 7.03983e+06 6.72869e+06 5.52661e+06 7.25034e+06 5.43509e+06 5.24389e+06 4.98941e+06 4.96662e+06 4.88435e+06 4.81451e+06 4.78361e+06 6.72811e+06 4.69154e+06 4.61175e+06 4.60513e+06 6.43932e+06 7.86397e+06 4.87157e+06
threshold=2302.6551113320688 1130.0010334849114 4000.0000000000009 1600.0190615835779 681.74446356856004 2867.2189680627957 4792.6836324509404 0 1872.4046726614349 5846.5037224942653 3271.8972491814698 418.3105200512727 888.76539094683324 1326.842154442699 2008.5000000000002 728.53850000000011 18.470000000000002 4.5000000000000009 369.00500000000005 954.82150000000013 1024.7514285714299 895.73214285714278 5846.5037224942653 20.450000000000003 1 616.5200000000001 4.5000000000000009 116.50000000000001 2009.5000000000002 895.73214285714278 2011.5000000000002 2 2012.5000000000002 3 748.05500000000006 4.5000000000000009 36.610000000000007 2009.5000000000002 400.01000000000005 3.5000000000000004 52.010000000000012 4 4.5000000000000009 425.00500000000005 673.12800000000004 2010.5000000000002 2016.5000000000002 276.50000000000006 5 1.5000000000000002 2012.5000000000002 20.500000000000004 2382.1550000000002 0.35000000000000003 4.2446666666666664 5.6050000000000013 5846.5037224942653 6 7 2015.5000000000002 35.005000000000003 3.7213333333333338
decision_type=2 2 2 2 2 2 2 1 2 2 2 2 2 2 2 2 2 2 2 2 2 2 2 2 1 2 2 2 2 2 2 1 2 1 2 2 2 2 2 2 2 1 2 2 2 2 2 2 1 2 2 2 2 2 2 2 2 1 1 2 2 2
left_child=1 4 5 13 11 31 14 9 -5 -8 -7 -1 -6 -3 15 51 21 19 -19 56 -21 22 46 38 -12 29 28 -28 53 57 -31 -2 33 -33 -35 36 -36 -37 39 -11 48 42 44 -44 -42 -46 -9 -48 -16 -30 -40 -4 -29 -27 55 -34 -18 -26 59 -10 -61 -60
right_child=2 3 6 8 12 10 7 16 58 23 24 -13 -14 -15 40 -17 17 18 -20 20 -22 -23 -24 -25 25 26 27 52 49 30 -32 32 54 34 35 37 -38 -39 50 -41 41 -43 43 -45 45 -47 47 -49 -50 -51 -52 -53 -54 -55 -56 -57 -58 -59 61 60 -62 -63
leaf_value=-4.867106432883161 2.2822694274962099 -1.0209235155717753 13.086050437986851 1.0521180136770298 -2.8111176788794858 6.5914142261224171 15.818456331713064 19.723550123271377 2.8376176238241451 51.943864135742189 9.3266969265377462 -3.7654511632024423 -1.8423364755473384 -0.034767431427567434 14.365862985539849 -25.195111243955552 1.0462042488740839 5.8303347898084068 -41.37704885316932 60.768432093858728 14.255905138500154 43.440385884252095 -5.1931274199831314 17.753543478415889 8.3906502250105159 -1.0466792154312134 -31.719879521023145 3.9861135416030886 -4.161195986312733 43.469999262491861 12.757669307198718 4.5345829128633008 8.0272043790086443 3.4878502184302818 30.355936137835187 -39.378700876235968 -1.5179884277900504 -10.483034496882865 23.207941108575749 26.194791174834634 2.2975142869591152 11.512824035491256 8.1048831659814589 -19.651428623435912 19.892774802063585 8.9095678375056853 -10.395908682162947 25.502110528945924 7.9789844531095584 7.0706695009983607 8.7760533785820005 -14.686800539493561 -12.532375183517551 -29.373665030797323 5.1756547819160659 26.035463278172383 -20.095125663981719 1.4724840293539332 4.2365959723030331 19.292073382820405 5.1786508338683284 1.7915021634445023
leaf_weight=35920 3050 47708 60 34126 62203 15087 6924 202 16712 25 11628 80555 66111 52303 2696 31 115 43 46 20 189 29 69 901 5412 40 44 100 114 30 273 6759 429 2170 21 32 686 58 179 477 213 8889 46 121 218 387 39 22 489 1175 90 22 81 24 15285 59 34 272 2282 105 1645 18984
leaf_count=35920 3050 47708 60 34126 62203 15087 6924 202 16712 25 11628 80555 66111 52303 2696 31 115 43 46 20 189 29 69 901 5412 40 44 100 114 30 273 6759 429 2170 21 32 686 58 179 477 213 8889 46 121 218 387 39 22 489 1175 90 22 81 24 15285 59 34 272 2282 105 1645 18984
internal_value=0.0104985 -1.64285 8.1152 0.500529 -3.16522 6.22044 13.3883 16.0566 1.86245 16.7628 7.69427 -4.10519 -2.31197 -0.505191 11.4833 -2.82296 8.23396 3.7901 -18.569 9.34864 18.7069 13.9646 11.3899 20.7736 8.5612 7.3625 3.21587 -8.94305 5.23786 8.46773 15.7985 4.45076 4.70739 3.70052 1.77919 -2.85069 -0.571238 -20.757 24.303 27.4771 11.6071 11.0109 6.3005 -12.006 10.1149 12.8672 15.7405 2.55092 13.4554 6.07732 18.3794 5.6348 -3.40614 -11.6693 5.33124 10.2044 -3.77799 8.07694 2.55851 3.13809 6.02546 2.05291
internal_weight=504059 418654 85405 173865 244789 62829 22576 9404 73854 8596 34280 116475 128314 100011 13172 113 808 447 89 358 209 361 332 1672 19193 7565 1578 225 1353 5987 303 28549 25499 9726 2967 797 707 90 771 502 13059 9874 985 167 818 605 263 61 3185 1289 269 82 181 64 15773 488 149 5684 39728 18462 1750 21266
internal_count=504059 418654 85405 173865 244789 62829 22576 9404 73854 8596 34280 116475 128314 100011 13172 113 808 447 89 358 209 361 332 1672 19193 7565 1578 225 1353 5987 303 28549 25499 9726 2967 797 707 90 771 502 13059 9874 985 167 818 605 263 61 3185 1289 269 82 181 64 15773 488 149 5684 39728 18462 1750 21266
cat_boundaries=0 1 2 3 4 5 6 7 8
cat_threshold=33 37 138 37 16 49 80 49
is_linear=0
shrinkage=0.05


Tree=50
num_leaves=63
num_cat=22
split_feature=3 3 3 3 3 3 3 1 10 7 3 1 10 19 3 1 0 4 0 7 1 7 1 10 0 1 0 3 0 10 3 12 19 7 0 3 1 0 12 0 19 3 10 0 0 13 7 7 0 7 0 0 4 0 10 3 19 12 7 19 0 10
split_gain=2.45799e+09 4.18402e+08 3.86691e+08 7.38717e+07 6.6667e+07 6.65234e+07 4.77542e+07 1.73436e+07 5.0004e+07 1.6772e+07 1.50136e+07 1.41964e+07 1.58559e+07 3.35523e+07 1.23406e+07 1.18877e+07 3.80442e+07 2.75583e+07 1.1491e+07 1.06898e+07 1.00403e+07 1.18756e+07 2.95577e+07 2.83597e+07 1.29054e+07 1.5615e+07 2.99731e+07 1.41653e+07 1.1494e+07 1.71386e+07 9.68469e+06 9.43124e+06 9.40124e+06 1.43947e+07 9.19455e+06 8.01637e+06 7.95532e+06 1.04679e+07 1.045e+07 7.83327e+06 7.54677e+06 7.50516e+06 7.22295e+06 1.69025e+07 8.45059e+06 8.25888e+06 6.83913e+06 6.79509e+06 6.72316e+06 7.25232e+06 1.33179e+07 6.25412e+06 5.95702e+06 5.87688e+06 1.47945e+07 5.87637e+06 5.6362e+06 5.58787e+06 5.54493e+06 8.31744e+06 1.20291e+07 5.45947e+06
threshold=2130.7475790510211 1098.4382861115221 3600.0489955903977 4782.7513255980266 1577.7277639242122 600.0100154524124 2870.0713595857619 0 4.5000000000000009 2013.5000000000002 896.562377632672 1 3.5000000000000004 476.49666666666673 5833.4745046068419 2 3 461.02500000000003 4 2016.5000000000002 5 2007.5000000000002 6 4.5000000000000009 7 8 9 2251.1102372189885 10 4.5000000000000009 1326.9312353299549 49.500000000000007 1448.3746666666668 2015.5000000000002 11 4172.1826972747822 12 13 11.500000000000002 14 4.2446666666666664 301.45020250441638 4.5000000000000009 15 16 108.50000000000001 2015.5000000000002 2008.5000000000002 17 2009.5000000000002 18 19 23.365000000000006 20 4.5000000000000009 1900.0009152684763 1018.1348333333334 3.5000000000000004 2012.5000000000002 3.7213333333333338 21 1.5000000000000002
decision_type=2 2 2 2 2 2 2 1 2 2 2 1 2 2 2 1 9 2 9 2 1 2 1 2 9 1 9 2 9 2 2 2 2 2 9 2 1 9 2 9 2 2 2 9 9 2 2 2 9 2 9 9 2 9 2 2 2 2 2 2 9 2
left_child=1 5 6 11 30 41 20 14 9 -9 -7 35 18 -14 53 16 17 47 31 -18 28 22 23 39 25 26 27 -23 -2 -30 -3 56 46 -34 -16 -4 48 -38 -39 -22 -11 -1 44 -44 -15 -45 -29 -6 -8 50 -50 -51 -42 54 -5 -49 -13 -36 -17 60 -60 -20
right_child=2 4 3 7 15 10 36 8 -10 40 -12 12 13 42 34 58 19 -19 61 -21 21 24 -24 -25 -26 -27 -28 32 29 -31 -32 -33 33 -35 57 -37 37 38 -40 -41 52 -43 43 45 -46 -47 -48 55 49 51 -52 -53 -54 -55 -56 -57 -58 -59 59 -61 -62 -63
leaf_value=-5.3074005201699599 3.764875869813527 -1.0371607048220828 9.7858372553389934 13.099857081054303 22.940094414178063 -2.8128620598014091 4.5413412281835326 15.768229257378479 -34.996793163381518 15.069514709711076 -1.7619575699649563 9.6734466701606081 8.7922660874231706 -6.971322578105398 13.384039776221565 -0.05378351444837829 2.0477554295558242 0.082902798239065684 6.2179033069976937 11.48203744969407 0.2234253697342925 32.010269236261564 3.1962437635910153 -41.541938949400382 3.8546861864578128 4.3885689628191944 5.7210367252967167 10.035400442462491 1.2075861858948496 -10.01150448754864 -0.077109130214747482 40.703852302887867 44.94938393977651 9.4150336533262031 46.02711917114258 11.978430371372589 6.7976047453461605 -12.465868369425376 2.5135179441632589 -13.661838650773968 -40.385789184570314 -3.9665433983364817 -23.54429769631642 -29.770721282958984 7.0858052418782167 4.4081774689649285 22.351708607924614 24.382620369593305 -11.121578214786672 11.223829562667712 5.4322029374378493 7.3657498177876306 -6.9651134681701663 15.368689278262506 -10.94333331554364 51.339019593884871 17.521989010931993 22.125612028649542 12.56238359849459 1.111774480763801 2.3842154289504784 10.431578837711827
leaf_weight=12039 3511 57466 8805 356 85 90022 2544 437 64 24 54598 426 1485 210 542 9935 19300 98 1588 305 263 118 4041 62 21936 5803 2816 739 1959 412 48387 34 57 57 25 7917 1973 127 1399 159 20 78379 124 20 198 152 133 30 125 1205 1329 15925 40 6608 78 62 494 1118 370 32937 1300 1490
leaf_count=12039 3511 57466 8805 356 85 90022 2544 437 64 24 54598 426 1485 210 542 9935 19300 98 1588 305 263 118 4041 62 21936 5803 2816 739 1959 412 48387 34 57 57 25 7917 1973 127 1399 159 20 78379 124 20 198 152 133 30 125 1205 1329 15925 40 6608 78 62 494 1118 370 32937 1300 1490
internal_value=0.0109137 -1.71389 7.07611 11.5707 0.173513 -3.08124 4.90237 15.3266 6.59877 11.8351 -2.41612 10.0463 7.94321 4.53009 15.8859 1.4417 2.45833 20.6054 9.81591 2.19341 3.87866 4.19027 1.79548 -9.76408 4.53389 6.05603 8.50702 15.4981 1.9513 -0.738798 -0.598307 14.6895 13.6792 27.1822 19.7478 10.8174 6.65099 4.39239 1.25862 -5.32667 -8.62681 -4.14508 -4.46044 -10.4064 -0.146675 0.410047 11.9139 33.1322 7.01964 7.35627 3.96995 7.648 -18.1053 14.9844 8.58101 42.5489 13.8878 22.452 0.987188 1.28632 4.72876 8.23092
internal_weight=504261 405313 98948 32255 170275 235038 66693 9312 585 521 144620 22943 6221 2189 8727 64422 19880 275 4032 19605 42066 36184 4525 484 31659 9723 3920 1104 5882 2371 105853 954 986 114 1685 16722 24627 3499 1526 422 84 90418 704 296 408 172 872 177 21128 18584 1454 17130 60 7042 434 92 920 1143 44542 34607 1670 3078
internal_count=504261 405313 98948 32255 170275 235038 66693 9312 585 521 144620 22943 6221 2189 8727 64422 19880 275 4032 19605 42066 36184 4525 484 31659 9723 3920 1104 5882 2371 105853 954 986 114 1685 16722 24627 3499 1526 422 84 90418 704 296 408 172 872 177 21128 18584 1454 17130 60 7042 434 92 920 1143 44542 34607 1670 3078
cat_boundaries=0 1 2 3 4 6 7 8 9 10 11 12 13 14 16 17 18 19 20 21 22 23 24
cat_threshold=33 37 49 16384 197632 1 138 16 682443310 16 344064 675955914 402694400 53 1887044418 1 65536 65536 24576 2697986072 134234112 134744066 2 4734976
is_linear=0
shrinkage=0.05


Tree=51
num_leaves=63
num_cat=16
split_feature=20 20 20 3 20 3 3 20 20 20 1 1 3 20 4 0 0 1 10 3 10 10 1 0 19 20 19 10 1 0 7 3 18 3 0 10 0 20 7 3 3 3 0 10 0 3 7 0 17 17 4 18 19 19 0 3 7 4 3 10 1 19
split_gain=2.22546e+09 4.65921e+08 2.67759e+08 8.66967e+07 6.51206e+07 4.79719e+07 3.67249e+07 1.22066e+07 1.11252e+07 1.10626e+07 1.08144e+07 1.04296e+07 1.2066e+07 1.13339e+07 1.28444e+07 9.8018e+06 9.41583e+06 1.64244e+07 3.06163e+07 9.34237e+06 9.31739e+06 1.62595e+07 3.28138e+07 1.72195e+07 1.59043e+07 1.25846e+07 9.28825e+06 8.72965e+06 8.79055e+06 3.02742e+07 4.36771e+07 1.91154e+07 1.05054e+07 8.29689e+06 8.06063e+06 8.05241e+06 1.27101e+07 7.99633e+06 7.86824e+06 9.52588e+06 7.68136e+06 7.58103e+06 1.27933e+07 7.15397e+06 9.54042e+06 8.56433e+06 7.44242e+06 7.11827e+06 2.21792e+07 9.00705e+06 6.79627e+06 6.39686e+06 6.03185e+06 5.99298e+06 5.85555e+06 7.4449e+06 1.41102e+07 6.57123e+06 6.42524e+06 7.3622e+06 5.80933e+06 9.36837e+06
threshold=2369.7975522815182 1123.1151075353669 4000.0000000000009 1686.6704729814053 696.30040352887875 3104.7188819842099 4981.5572559041984 1422.9185104786275 1974.8037944361051 465.88090885297999 0 1 1600.0164473684215 3161.1678463094036 70.00500000000001 2 3 4 4.5000000000000009 896.562377632672 5.5000000000000009 4.5000000000000009 5 6 37.843499999999999 5229.0057692225555 1084.6663333333333 3.5000000000000004 7 8 2007.5000000000002 2667.2795652755995 428.0800000000001 3487.2195577335215 9 5.5000000000000009 10 5846.5037224942653 2008.5000000000002 1852.6489059971782 1852.6489059971782 2279.1554194469331 11 3.5000000000000004 12 4500.0473101299594 2008.5000000000002 13 774.79500000000019 1249.5300000000002 1974.0500000000002 1169.9228571428573 622.81283333333351 1156.6081666666669 14 2550.1108647450114 2010.5000000000002 10.785000000000002 2819.4827892043118 1.5000000000000002 15 1916.2260000000003
decision_type=2 2 2 2 2 2 2 2 2 2 1 1 2 2 2 9 9 1 2 2 2 2 1 9 2 2 2 2 1 9 2 2 2 2 9 2 9 2 2 2 2 2 9 2 9 2 2 9 2 2 2 2 2 2 9 2 2 2 2 2 1 2
left_child=1 4 5 7 9 11 10 47 27 -1 -4 13 -13 -2 40 -16 17 18 26 -6 21 54 24 53 -23 -22 -8 28 29 30 50 32 -32 -7 -14 -9 -37 -18 39 -34 -15 -29 -43 45 46 -35 -45 48 -3 -50 -5 -33 -27 -24 58 56 -56 -58 59 -12 -48 -62
right_child=2 3 6 8 19 33 16 35 -10 -11 20 12 34 14 15 -17 37 -19 -20 -21 25 22 23 -25 -26 52 -28 41 -30 -31 31 51 38 43 -36 36 -38 -39 -40 -41 -42 42 -44 44 -46 -47 60 -49 49 -51 -52 -53 -54 -55 55 -57 57 -59 -60 -61 61 -63
leaf_value=-4.2845102932462344 4.7535983848754491 0.42964364294879681 -5.2876378591081741 5.1111457679355361 -2.5126236808774718 6.4411501071345727 -24.18500234058925 0.032544033229504957 2.6191436290674286 -3.3081180194475497 14.232433516449399 -7.5588598363752171 4.7373782630370291 27.927919490616048 8.4976832858000435 -1.0627894196185199 15.339215114858357 13.395431162328705 -54.53243295288086 -1.6398149352027951 13.437920570773509 12.449018002374501 -4.1645989871534166 12.198668828550151 -19.281549104043417 21.127065651313117 12.300430815428207 0.60640752209553872 1.4825527771332483 2.0185330654522318 72.18583515030997 8.2078788310025654 43.814631011568274 8.841864437972756 1.4288961802421625 5.5885188849870131 0.4423625152191395 20.080617527289604 45.993125034059801 5.9751096089680997 11.474700626269495 -11.301313282415393 1.1994134256714268 -24.471437802522079 8.4444336198739034 17.520053997818305 7.2850899213013314 -0.87467850805410774 24.189835546454606 1.2012594970067343 -11.598950978215919 28.194403512247149 48.04638840524774 8.4677681552602895 2.2295100663837633 11.289967584731613 20.133485703241259 55.912099687980884 8.5295798313310573 -13.159097094350049 4.336409093852132 -7.0408703255950176
leaf_weight=48707 24470 2269 103 228 59962 10905 21 38878 30580 71736 36 263 4353 77 712 430 3581 2422 25 62737 1561 51 281 993 175 46 103 12344 18839 2966 21 113 29 8616 3236 1744 3820 1183 70 39 901 357 465 23 3042 294 797 66220 147 60 83 62 38 141 38 11149 21 33 621 77 726 241
leaf_count=48707 24470 2269 103 228 59962 10905 21 38878 30580 71736 36 263 4353 77 712 430 3581 2422 25 62737 1561 51 281 993 175 46 103 12344 18839 2966 21 113 29 8616 3236 1744 3820 1183 70 39 901 357 465 23 3042 294 797 66220 147 60 83 62 38 141 38 11149 21 33 621 77 726 241
internal_value=0.0104196 -1.45104 7.55989 0.482367 -2.87707 5.78665 12.1757 -0.358548 1.9196 -3.70297 10.786 4.58152 2.96609 5.05554 8.56455 4.96296 15.0864 12.388 -3.80032 -2.06635 10.8909 10.4686 5.80109 8.60278 -11.6075 14.4524 6.12145 1.31898 1.91844 4.17686 13.9195 26.6905 39.2395 7.47091 3.33474 0.287155 2.06623 16.482 34.2259 22.1126 12.7701 0.296797 -4.35263 8.28826 6.73846 9.12822 3.76606 -0.776277 1.85151 17.5265 0.651538 15.2888 33.3049 0.054868 11.1082 11.3967 25.572 41.9982 6.44622 -4.43259 4.15558 1.48555
internal_weight=504261 422476 81785 179334 243142 59086 22699 113138 66196 120443 15364 34442 7852 26590 2120 1142 7335 2571 149 122699 15261 13616 1641 1415 226 1645 124 35616 22450 3611 645 334 159 24644 7589 44442 5564 4764 138 68 978 13166 822 13739 4829 8910 1787 68696 2476 207 311 175 84 422 11975 11241 92 54 734 113 1764 967
internal_count=504261 422476 81785 179334 243142 59086 22699 113138 66196 120443 15364 34442 7852 26590 2120 1142 7335 2571 149 122699 15261 13616 1641 1415 226 1645 124 35616 22450 3611 645 334 159 24644 7589 44442 5564 4764 138 68 978 13166 822 13739 4829 8910 1787 68696 2476 207 311 175 84 422 11975 11241 92 54 734 113 1764 967
cat_boundaries=0 1 2 3 4 5 6 7 8 9 11 12 13 14 15 16 17
cat_threshold=138 53 107080 939622402 16 16 268447746 16 81920 1900691976 1 94464 570475776 539058216 2375680 2694074436 97
is_linear=0
shrinkage=0.05


Tree=52
num_leaves=63
num_cat=11
split_feature=20 20 20 20 3 20 3 1 20 0 18 4 11 4 11 3 0 4 20 20 3 1 0 1 18 3 17 18 3 4 17 3 0 17 18 17 3 3 1 3 0 4 18 3 1 14 20 13 4 9 3 20 0 4 3 17 17 20 18 4 3 3
split_gain=2.00966e+09 3.35654e+08 3.22894e+08 5.54954e+07 5.40631e+07 5.31518e+07 5.17648e+07 1.79168e+07 1.17385e+07 1.08626e+07 2.71895e+07 1.28406e+07 1.19897e+07 1.19392e+07 1.07478e+07 2.81203e+07 1.18056e+07 1.13787e+07 1.02413e+07 9.64282e+06 9.39619e+06 8.6157e+06 8.76157e+06 7.77707e+06 7.6143e+06 7.34191e+06 7.29445e+06 8.20055e+06 1.01801e+07 7.2069e+06 8.91608e+06 7.00254e+06 6.99912e+06 7.28089e+06 8.92924e+06 6.97584e+06 7.567e+06 6.71542e+06 6.46848e+06 7.66227e+06 1.44437e+07 6.4647e+06 1.61224e+07 1.00665e+07 7.76642e+06 6.32842e+06 6.01349e+06 6.45989e+06 5.99469e+06 1.04235e+07 5.93436e+06 6.15742e+06 5.82398e+06 7.50309e+07 1.09377e+07 7.95703e+06 8.5587e+06 7.13661e+06 5.6249e+06 5.60783e+06 5.57994e+06 5.57172e+06
threshold=2105.8163348239118 1097.4331365417831 3676.7253487126823 4633.3644804982769 2870.0713595857619 639.41970813303317 1644.7595531177933 0 5469.7708618331062 1 804.34000000000003 416.39000000000004 1.0000000180025095e-35 70.00500000000001 1.0000000180025095e-35 4782.7513255980266 2 4.0050000000000008 1346.1552428929265 2505.4020647934699 806.84342824191629 3 4 5 895.73214285714278 400.00883392226154 107.90500000000002 1812.1007142857143 1310.0072150072153 894.11000000000013 7.8050000000000006 458.43877678739381 6 45.110000000000007 105.97714285714312 1.905 5470.869381340538 2091.6735547090252 7 3487.2195577335215 8 132.00500000000002 277.50714285714298 2045.1531147001931 9 23.450000000000003 4990.3547654076292 74.500000000000014 1234.1500000000003 24.500000000000004 3600.0489955903977 2916.9675990675996 10 671.42500000000007 2439.0652173913049 166.60500000000005 726.0150000000001 1787.5803546659383 0.43857142857142833 14.405000000000003 2023.7699460511092 2251.1102372189885
decision_type=2 2 2 2 2 2 2 1 2 9 2 2 2 2 2 2 9 2 2 2 2 1 9 1 2 2 2 2 2 2 2 2 9 2 2 2 2 2 1 2 9 2 2 2 1 2 2 2 2 2 2 2 9 2 2 2 2 2 2 2 2 2
left_child=1 5 4 21 19 25 9 8 -5 10 12 26 59 -14 16 17 -9 24 -11 -2 -7 35 -23 -6 -16 -1 -12 28 -28 30 58 -20 -25 34 -34 36 -4 -27 39 52 -41 42 -21 -43 -44 -31 -18 -48 49 -42 -36 -52 53 55 -54 -8 60 -56 -24 -3 -57 -49
right_child=2 6 3 7 23 20 38 14 -10 18 11 -13 13 -15 15 -17 46 -19 31 41 -22 22 29 32 -26 37 27 -29 -30 45 -32 -33 33 -35 50 -37 -38 -39 -40 40 48 43 44 -45 -46 -47 47 61 -50 -51 51 -53 54 -55 57 56 -58 -59 -60 -61 -62 -63
leaf_value=-4.280674196884771 2.7669132703930299 3.2220126111337919 13.392071581271248 12.874735942399818 0.68075575739966609 -2.629193489294249 8.9879749156810629 12.884685119021468 16.463279922023119 -1.0185236568273062 -3.6527111316549368 0.3055538140172544 2.0475413321896836 20.673088580911809 8.9727941322326661 -45.899391981959347 8.4067556617415971 -3.151265124801327 -22.099623351626846 4.508472916465359 -1.7730631916123021 9.28249962290983 14.395264826037668 4.4168989420644422 46.511314669522378 -3.3711432770099798 8.6069584112251771 43.599237179756166 30.395441929849927 -27.240793228149414 8.2331083311256688 -0.040132440650341002 7.1445101894350387 6.184076241969831 9.5772498961923205 9.3868189300777498 39.463974104256465 23.650559002420181 1.029356127734333 -3.8344346733235604 19.028849479589571 -4.1180667919370366 15.823687402816502 3.7534596856969786 6.3161014626832204 0.81609159311932378 -33.027338828359333 -17.942845058441161 28.779296688806443 -18.100401075681052 26.469512992527171 12.946158590779943 1.6820609677897396 -10.242204693591956 16.545165403602052 37.758736848831177 19.131803462505342 4.6715920955433949 -1.2050805371896975 -1.2130927606001181 62.588841520036965 6.0250513482449666
leaf_weight=31355 25648 953 690 6798 625 54568 27 691 3428 58189 29 115 216 143 35 32 107 136 36 7235 77660 2529 66 3960 22 71170 113 40 102 21 1578 52444 4610 15584 1035 13250 29 23 35867 124 89 424 489 9655 464 468 21 38 84 24 115 314 16507 231 194 64 40 364 464 2827 35 67
leaf_count=31355 25648 953 690 6798 625 54568 27 691 3428 58189 29 115 216 143 35 32 107 136 36 7235 77660 2529 66 3960 22 71170 113 40 102 21 1578 52444 4610 15584 1035 13250 29 23 35867 124 89 424 489 9655 464 468 21 38 84 24 115 314 16507 231 194 64 40 364 464 2827 35 67
internal_value=0.00994637 -1.5661 6.33169 10.6295 4.46515 -2.7889 0.134059 13.3942 14.0639 -0.463352 1.93179 14.4013 0.734401 9.46663 7.24755 -2.48914 9.69693 4.70842 -0.561689 3.39219 -2.12637 8.98252 7.1575 6.26063 23.4613 -3.64318 20.109 22.8113 18.9438 5.06047 6.34857 -0.0552647 6.394 6.75329 8.22485 9.6402 14.4437 -3.36241 1.41693 2.19682 9.85297 4.27012 5.31371 3.42232 11.4269 -0.388805 -0.297123 -7.71209 17.7614 11.143 11.6267 16.5713 2.05733 7.98321 1.91368 33.826 38.6507 8.79968 0.737604 -0.09493 46.5371 -2.64904
internal_weight=504261 403633 100628 30470 70158 234776 168857 11375 10226 115207 4538 399 4139 359 1149 225 924 193 110669 43915 132228 19095 5126 26243 57 102548 284 255 215 2597 2108 52480 25618 21658 6074 13969 719 71193 53650 17783 321 18267 8188 10079 953 489 233 126 197 113 1464 429 17462 397 17065 166 139 558 530 3780 99 105
internal_count=504261 403633 100628 30470 70158 234776 168857 11375 10226 115207 4538 399 4139 359 1149 225 924 193 110669 43915 132228 19095 5126 26243 57 102548 284 255 215 2597 2108 52480 25618 21658 6074 13969 719 71193 53650 17783 321 18267 8188 10079 953 489 233 126 197 113 1464 429 17462 397 17065 166 139 558 530 3780 99 105
cat_boundaries=0 1 2 3 4 6 7 8 9 10 11 12
cat_threshold=33 10764288 537479168 37 1380650498 1 136 2696944792 49 24576 84 16384
is_linear=0
shrinkage=0.05


Tree=53
num_leaves=63
num_cat=12
split_feature=20 3 3 20 20 3 3 0 3 0 17 3 10 0 20 4 17 10 0 20 3 20 0 7 0 10 4 7 3 10 0 0 10 0 7 0 18 10 10 10 10 4 10 10 7 3 12 18 4 12 4 20 10 0 3 7 7 20 3 10 20 0
split_gain=1.81613e+09 3.37319e+08 2.64044e+08 6.4668e+07 4.97024e+07 4.69639e+07 3.56486e+07 1.09665e+07 1.07202e+07 1.19233e+07 1.09491e+07 1.05841e+07 9.71914e+06 1.53518e+07 8.87554e+06 8.51047e+06 8.26936e+06 8.19822e+06 1.71815e+07 1.09748e+07 9.24022e+06 8.14972e+06 7.26793e+06 8.60513e+06 8.33448e+06 1.39812e+07 7.22427e+06 7.08379e+06 7.07892e+06 8.27076e+06 1.38071e+07 7.079e+06 7.72905e+06 1.17652e+07 6.91368e+06 6.81472e+06 1.67935e+07 7.63781e+06 7.91784e+06 8.30529e+06 6.44498e+06 6.73228e+06 6.3166e+06 2.02314e+07 1.90524e+07 6.74085e+06 8.05812e+06 6.03961e+06 5.96296e+06 6.25747e+06 5.90554e+06 5.66349e+06 5.63416e+06 5.55638e+06 5.47172e+06 5.26757e+06 5.16295e+06 5.0224e+06 4.78783e+06 4.82151e+06 4.72606e+06 8.23497e+06
threshold=1994.9435098110962 3487.2195577335215 999.99866472632709 4633.3644804982769 2700.0186567164187 1421.7020853898334 566.81223065731945 0 4172.1826972747822 1 50.405000000000008 4500.0473101299594 5.5000000000000009 2 5846.5037224942653 509.12500000000006 49.010000000000012 1.0000000180025095e-35 3 1593.583093678832 2066.3076879164314 787.18478161137216 4 2008.5000000000002 5 4.5000000000000009 218.42000000000004 2012.5000000000002 2336.9791367048933 5.5000000000000009 6 7 4.5000000000000009 8 2008.5000000000002 9 804.34000000000003 1.0000000180025095e-35 2.5000000000000004 3.5000000000000004 4.5000000000000009 20.005000000000006 4.5000000000000009 5.5000000000000009 2016.5000000000002 5224.9642948227502 13.500000000000002 1864.097142857142 260.02000000000004 23.500000000000004 56.215000000000011 1298.0943810862038 5.5000000000000009 10 275.17052208502633 2011.5000000000002 2013.5000000000002 1130.0010334849114 1686.6704729814053 2.5000000000000004 3343.4136040308244 11
decision_type=2 2 2 2 2 2 2 9 2 9 2 2 2 9 2 2 2 2 9 2 2 2 9 2 9 2 2 2 2 2 9 9 2 9 2 9 2 2 2 2 2 2 2 2 2 2 2 2 2 2 2 2 2 9 2 2 2 2 2 2 2 9
left_child=2 4 6 8 28 35 54 14 -3 15 -11 17 22 26 -5 50 -13 18 20 51 -7 -8 -6 24 25 -24 -14 -17 29 31 -31 32 -2 -34 -12 36 40 47 -39 -40 -4 -42 -9 44 45 56 -47 -38 49 -16 -10 52 -19 -30 -1 -50 -44 -37 59 -33 -25 -62
right_child=1 3 5 7 12 11 21 42 9 10 34 16 13 -15 48 27 -18 19 -20 -21 -22 -23 23 60 -26 -27 -28 -29 53 30 -32 58 33 -35 -36 57 37 38 39 -41 41 -43 43 -45 -46 46 -48 -49 55 -51 -52 -53 -54 -55 -56 -57 -58 -59 -60 -61 61 -63
leaf_value=-4.8869839699606912 1.6207667080817822 7.4739928742434216 -0.49978222642513254 13.062097594282424 3.6363971751242441 3.8180096723359278 -2.6676363594614068 11.231541764646918 0.19162325329250762 13.15240123411164 -16.272630931712964 36.376893492002743 14.736577847652965 5.4876258207912816 23.999503609196523 -17.254556994759636 1.0519235686461132 -1.2512128938628739 0.87452603321844302 0.99221120060283075 10.83408838015964 -1.8665263986301985 -1.8026941328214445 5.3691365471513119 4.6251592604980578 -37.218267352581023 3.5802140590514067 6.265063143253327 4.257714138730651 10.367491313508109 2.6752683287927912 -4.7288722304191761 -7.1484168474754286 1.2382496947788502 9.0899389336470513 -1.449058169632222 16.227458372116089 -5.7195260558017473 22.089462145061599 -4.968023104202457 -0.57267474383115768 15.432371426688301 -17.594095492012361 15.638172229736711 11.519160342039886 -5.9916421458834694 -47.288409565113213 44.158029683430989 18.223420910858081 15.863572089161194 14.970299398333863 -0.047117590275048721 -6.5227128125798366 2.4765665100423373 -3.5106814469930239 7.1015709783349728 1.3702952119864917 -0.72068179854762504 3.0797475583018414 3.9985281737143055 13.654372041822747 6.43479757965512
leaf_weight=8033 11803 16547 3198 6694 7105 2167 69495 2404 162 2169 27 37 900 2298 445 89 30 2628 10116 39285 599 58446 392 14001 687 30 173 50 10398 786 2281 402 660 1110 5567 37745 100 86 92 41 128 135 68 269 135 21 27 24 209 504 116 24261 628 7781 71499 217 76 63453 11197 261 461 3513
leaf_count=8033 11803 16547 3198 6694 7105 2167 69495 2404 162 2169 27 37 900 2298 445 89 30 2628 10116 39285 599 58446 392 14001 687 30 173 50 10398 786 2281 402 660 1110 5567 37745 100 86 92 41 128 135 68 269 135 21 27 24 209 504 116 24261 628 7781 71499 217 76 63453 11197 261 461 3513
internal_value=0.00949525 5.62395 -1.59421 9.62787 3.74402 -0.219458 -2.81842 12.8042 8.20598 9.68668 10.1237 0.69526 5.34829 7.87533 13.7966 1.2768 20.5597 0.678557 1.83347 0.455846 5.31817 -2.30167 5.02302 5.53445 1.26288 -4.22038 12.8184 -8.79426 2.72809 2.23633 4.68913 1.94054 1.15787 -1.92237 8.96752 -0.914203 1.16176 11.7178 6.10348 13.7484 0.118973 7.64284 10.0557 5.48135 -2.87395 -12.9941 -29.2211 21.6334 17.4725 19.6786 6.35827 -0.309902 -2.26795 3.49905 -3.64969 12.5581 -7.58511 -0.992255 2.8329 -1.2932 5.80107 7.32285
internal_weight=504261 112035 392226 35796 76239 184753 207473 11069 24727 8180 7763 79751 29560 3371 8069 417 67 79684 12882 66802 2766 127941 26189 19084 1109 422 1073 139 46679 28500 3067 25433 13573 1770 5594 105002 3804 343 219 133 3461 263 3000 596 327 192 48 124 1375 949 278 27517 3256 18179 79532 426 144 101198 11860 663 17975 3974
internal_count=504261 112035 392226 35796 76239 184753 207473 11069 24727 8180 7763 79751 29560 3371 8069 417 67 79684 12882 66802 2766 127941 26189 19084 1109 422 1073 139 46679 28500 3067 25433 13573 1770 5594 105002 3804 343 219 133 3461 263 3000 596 327 192 48 124 1375 949 278 27517 3256 18179 79532 426 144 101198 11860 663 17975 3974
cat_boundaries=0 1 2 3 4 5 7 8 10 11 12 14 15
cat_threshold=1401076480 537149504 73984 352256 2161131196 134332416 1 73984 1345666912 1 73984 10764288 840877866 1 134742018
is_linear=0
shrinkage=0.05


Tree=54
num_leaves=63
num_cat=19
split_feature=20 20 20 20 3 3 20 1 4 7 20 1 10 6 1 0 0 18 10 3 0 4 4 0 10 1 0 7 3 10 1 0 7 3 18 0 10 0 1 0 10 1 7 3 0 18 7 18 10 4 7 10 10 10 7 12 3 0 0 3 21 3
split_gain=1.63916e+09 3.04525e+08 2.38867e+08 7.35247e+07 4.69217e+07 3.08761e+07 2.74629e+07 1.66597e+07 1.40022e+07 1.1724e+07 9.14465e+06 1.42649e+07 1.51683e+07 1.10202e+07 8.76812e+06 8.62256e+06 8.03258e+06 1.41574e+07 7.94212e+06 1.20874e+07 9.50585e+06 1.48348e+07 1.63045e+07 9.48315e+06 8.58903e+06 9.18929e+06 1.7554e+07 7.94771e+06 7.64535e+06 9.32693e+06 7.61567e+06 2.46597e+07 2.92986e+07 9.43032e+06 1.47542e+07 1.09283e+07 7.45942e+06 2.03792e+07 1.53606e+07 9.0383e+06 1.60375e+07 2.51481e+07 2.50781e+07 8.20046e+06 8.10944e+06 1.10605e+07 1.65252e+07 1.14277e+07 8.94994e+06 9.91714e+06 7.53731e+06 7.06564e+06 7.26018e+06 7.84374e+06 6.79465e+06 9.45959e+06 8.92346e+06 6.77635e+06 6.62554e+06 6.59345e+06 6.57474e+06 6.60893e+06
threshold=1994.9435098110962 3271.8972491814698 955.01916118741008 4383.0987632676979 1421.7020853898334 2593.7228879249046 566.92012912765767 0 18.470000000000002 2007.5000000000002 5229.0057692225555 1 4.5000000000000009 7.5000000000000009 2 3 4 804.34000000000003 4.5000000000000009 3487.2195577335215 5 577.8900000000001 295.22500000000008 6 5.5000000000000009 7 8 2009.5000000000002 1718.4084893054981 3.5000000000000004 9 10 2006.5000000000002 2187.5862658914652 167.26428571428573 11 5.5000000000000009 12 13 14 4.5000000000000009 15 2009.5000000000002 1686.6704729814053 16 428.0800000000001 2011.5000000000002 1047.6464285714287 4.5000000000000009 23.365000000000006 2013.5000000000002 1.0000000180025095e-35 2.5000000000000004 3.5000000000000004 2009.5000000000002 18.500000000000004 1975.0048430840764 17 18 2130.7475790510211 2.5000000000000004 4981.5572559041984
decision_type=2 2 2 2 2 2 2 1 2 2 2 1 2 2 1 9 9 2 2 2 9 2 2 9 2 1 9 2 2 2 1 9 2 2 2 9 2 9 1 9 2 1 2 2 9 2 2 2 2 2 2 2 2 2 2 2 2 9 9 2 2 2
left_child=2 5 6 14 16 36 -1 8 -5 -10 -11 12 13 -12 -3 -16 17 -4 19 -7 60 22 -22 24 25 -20 27 -27 -6 30 31 32 -30 34 -34 -35 39 38 50 40 -2 -42 -43 57 45 48 47 -47 -45 -50 -38 -19 -53 -54 55 -17 -56 -41 -44 -9 61 -21
right_child=1 3 4 7 28 18 -8 59 9 10 11 -13 -14 -15 15 54 -18 51 23 20 21 -23 -24 -25 -26 26 -28 -29 29 -31 -32 -33 33 35 -36 -37 37 -39 -40 43 41 42 58 44 -46 46 -48 -49 49 -51 -52 52 53 -55 56 -57 -58 -59 -60 -61 -62 -63
leaf_value=-3.4607337744554147 1.7481242737569223 -1.4740159800075943 0.38044830070644409 15.075135449389936 0.23924193110847494 4.7085009704517953 -2.2571691243356589 -11.249866911768914 -18.651877547755387 10.177674917756784 21.097835074055872 13.605681831360613 -33.711673587048431 -13.919894132858667 3.8899875399305195 -13.085289612876046 -0.99301746678363512 20.551706753863442 3.2008220831753889 12.547137720461549 3.8907210067620599 -10.163417223225471 26.641127868696135 4.4979812741436573 3.7138416610778826 -44.685746333910075 0.0086503684354272293 -13.939806036895417 -2.1029287447852472 0.15196385135402316 1.4375525234508055 1.812223659277876 7.692887157712665 19.753295756584436 35.492832399845121 -0.48047997115039021 15.690592067355201 2.3240192927167977 6.5723066969028983 -5.612492489814759 3.7130129845085129 -32.843569788566008 -11.409827464732068 3.4139535469257929 2.5002455950166405 40.607985285758978 4.6518314178647664 -0.3740357052196156 1.8070212701368615 17.47480785599743 33.725854808092116 -5.3878485100992615 21.187714258131091 -5.6132428707220621 20.508259155517237 4.9986795784419655 7.5209563528215133 2.4673551826907989 -1.4750950169271033 5.5234029208684898 -7.0546641838259818 34.409079477522106
leaf_weight=79762 8368 297 3575 2741 45460 20920 116805 64 33 7703 53 3965 32 39 1885 90 112635 124 423 870 401 138 98 3630 988 23 460 244 248 12518 17477 2885 70 189 150 109 210 3218 888 523 594 104 333 3248 22748 75 145 22 169 251 80 89 91 39 133 368 23840 499 352 693 41 36
leaf_count=79762 8368 297 3575 2741 45460 20920 116805 64 33 7703 53 3965 32 39 1885 90 112635 124 423 870 401 138 98 3630 988 23 460 244 248 12518 17477 2885 70 189 150 109 210 3218 888 523 594 104 333 3248 22748 75 145 22 169 251 80 89 91 39 133 368 23840 499 352 693 41 36
internal_value=0.00906866 5.34297 -1.5145 8.71325 -0.277741 3.32673 -2.74555 11.4724 11.8471 11.1089 11.1921 13.1032 -3.7572 6.25336 7.12464 7.2195 -0.915637 1.30809 4.60309 5.02736 9.23861 4.27892 8.35874 2.94779 0.293395 -2.64266 -6.0041 -15.9895 0.662121 1.23348 1.87427 3.95002 11.8745 18.7957 26.6474 12.9991 2.464 4.41241 10.0126 2.23517 0.922823 -4.06408 -9.84141 2.69617 2.86565 4.97244 15.3384 31.3131 4.3021 11.1704 19.977 11.0147 5.61483 13.1474 7.4747 1.44506 7.59301 -1.69821 -6.49278 4.05179 12.3986 13.4158
internal_weight=504261 112035 392226 41936 195659 70099 196567 15323 14566 11825 11792 4089 124 92 26613 26316 116553 3918 28272 22504 1584 637 499 5768 2138 1150 727 267 79106 33646 21128 3651 766 518 220 298 41827 4396 1178 37431 9751 1383 789 27680 26658 3910 242 97 3668 420 290 343 219 130 24431 458 23973 1022 685 757 947 906
internal_count=504261 112035 392226 41936 195659 70099 196567 15323 14566 11825 11792 4089 124 92 26613 26316 116553 3918 28272 22504 1584 637 499 5768 2138 1150 727 267 79106 33646 21128 3651 766 518 220 298 41827 4396 1178 37431 9751 1383 789 27680 26658 3910 242 97 3668 420 290 343 219 130 24431 458 23973 1022 685 757 947 906
cat_boundaries=0 1 2 3 4 5 6 7 8 9 10 11 12 13 14 15 16 17 18 19
cat_threshold=49 16 138 2684618792 10764288 151888394 2684435728 45 73728 16 81922 65536 268509440 16 3226144 101 537411716 1392788488 2170880
is_linear=0
shrinkage=0.05


Tree=55
num_leaves=63
num_cat=18
split_feature=20 20 20 20 20 20 20 1 20 10 4 0 20 7 1 7 0 4 18 0 4 1 7 1 4 10 0 20 6 1 0 4 17 18 1 0 6 4 7 18 7 10 0 10 18 0 18 4 20 4 18 4 7 10 10 0 7 0 18 0 20 0
split_gain=1.48089e+09 2.99778e+08 1.99084e+08 4.90106e+07 4.60648e+07 3.03113e+07 2.79598e+07 1.50443e+07 1.33161e+07 1.2494e+07 2.25786e+07 1.14279e+07 9.33529e+06 7.53515e+06 7.50414e+06 1.09906e+07 3.4256e+07 9.11354e+06 8.90932e+06 7.64998e+06 7.27178e+06 7.06353e+06 6.68985e+06 1.85779e+07 8.76246e+06 1.12723e+07 7.87988e+06 6.3969e+06 6.12418e+06 5.8516e+06 1.4882e+07 3.79106e+07 1.76048e+07 5.78989e+06 5.57675e+06 5.47923e+06 5.41184e+06 5.25604e+06 5.22831e+06 5.03688e+06 5.70102e+06 5.03081e+06 5.69833e+06 5.03443e+06 9.17687e+06 4.97994e+06 4.96275e+06 8.09416e+06 4.84671e+06 4.77629e+06 1.51683e+07 7.67059e+06 4.75069e+06 6.15015e+06 9.74491e+06 2.38253e+07 9.57437e+06 8.40824e+06 4.90015e+06 5.39362e+06 4.74877e+06 4.71342e+06
threshold=1919.6241036627098 3535.4039992962066 999.99998451777526 4633.3644804982769 2668.9288511288119 1380.0108695652177 607.1750784864804 0 5469.7708618331062 4.5000000000000009 265.80500000000006 1 4182.4898543004738 2009.5000000000002 2 2013.5000000000002 3 113.27000000000002 1509.2221428571427 4 2.0050000000000003 5 2008.5000000000002 6 565.62000000000012 4.5000000000000009 7 5229.0057692225555 11.500000000000002 8 9 392.2000000000001 116.71000000000002 1668.8628571428574 10 11 4.5000000000000009 116.40500000000002 2008.5000000000002 821.79642857142869 2012.5000000000002 5.5000000000000009 12 4.5000000000000009 122.72214285714288 13 2646.1471428571435 2729.9550000000004 300.00479156684241 1916.5250000000003 1713.3714285714289 113.27000000000002 2012.5000000000002 5.5000000000000009 4.5000000000000009 14 2015.5000000000002 15 8.4000000000000075 16 794.96705397255585 17
decision_type=2 2 2 2 2 2 2 1 2 2 2 9 2 2 1 2 9 2 2 9 2 1 2 1 2 2 9 2 2 1 9 2 2 2 1 9 2 2 2 2 2 2 9 2 2 9 2 2 2 2 2 2 2 2 2 9 2 9 2 9 2 9
left_child=2 4 6 12 14 -4 48 8 -5 11 39 49 13 20 15 -2 17 18 -17 34 -3 35 23 24 -23 28 33 -12 -26 30 31 32 -7 -24 -16 -6 38 -34 -22 -11 -41 42 43 -10 -45 -18 -19 -48 -1 51 -51 -9 -21 54 58 56 -56 -55 59 -54 -8 -32
right_child=1 3 5 7 21 29 60 9 41 10 27 -13 -14 -15 19 16 45 46 -20 52 36 22 26 -25 25 -27 -28 -29 -30 -31 61 -33 37 -35 -36 -37 -38 -39 -40 40 -42 -43 -44 44 -46 -47 47 -49 -50 50 -52 -53 53 57 55 -57 -58 -59 -60 -61 -62 -63
leaf_value=-4.1396552703212954 2.3076424382633887 11.637970414708873 -0.86463947551240394 10.825883009052273 3.2514277435246606 6.2312267402425796 -2.3437237081948235 13.439365562589055 11.813711020100413 -2.0846282041525539 -18.891056374212109 -1.9113414324820042 8.9157339608476338 6.8971031659454498 1.2187137118180691 21.612852680123094 6.886322875333434 5.5809917347771787 49.978004844749677 0.76232351395987163 -33.874660243410055 0.68057011167208359 2.9031611122000829 3.7103268228532493 -5.119828162560097 -52.036993471781415 5.3710144115799388 -52.547917327880867 -32.75118164605108 0.045912070039447174 2.0314053120680113 -9.3379946481457079 35.468560996906369 -10.145089935172688 -1.9204613963035602 -3.7027922188266746 -1.3566143478859556 18.899546138151191 -1.9606912885393417 4.0696307977040611 34.795489472609304 21.334946817873067 15.595706048624493 -30.195965223312381 7.3249047626148567 3.1715365535196973 46.26851853080418 13.309700436616431 -3.059057066213267 53.081984481105103 12.392944527619722 1.0157952525113758 10.120408595561004 -7.5253531491561025 30.67001506729126 3.5291984524599993 12.69772006905341 1.9368611352773859 2.2059838743982207 3.4806891304193415 -1.7010062452783083 0.52852724807239182
leaf_weight=11908 20050 61 96778 6830 933 156 59022 359 882 79 48 214 7561 15115 8995 149 1061 133 34 3080 33 72 2508 1694 65 24 26449 20 29 42348 6268 181 117 88 1670 396 88 81 21 36 26 259 2214 20 88 6615 23 98 80692 27 151 190 417 295 125 1000 182 1010 6890 1238 56015 31053
leaf_count=11908 20050 61 96778 6830 933 156 59022 359 882 79 48 214 7561 15115 8995 149 1061 133 34 3080 33 72 2508 1694 65 24 26449 20 29 42348 6268 181 117 88 1670 396 88 81 21 36 26 259 2214 20 88 6615 23 98 80692 27 151 190 417 295 125 1000 182 1010 6890 1238 56015 31053
internal_value=0.0101464 4.86829 -1.50109 8.8144 3.28092 -0.268954 -2.55133 11.486 12.0947 5.88182 -5.12548 8.3891 7.47817 6.76859 2.37512 2.93491 4.48873 17.965 26.8829 1.74013 -2.80051 4.77099 4.92388 2.03818 -12.4123 -21.4531 5.11276 -28.7901 -13.6444 0.44983 0.901426 9.10565 18.7931 2.4514 0.725821 1.16711 -9.00296 28.6903 -21.4637 6.28726 16.9547 14.6321 14.0903 10.4604 0.376596 3.6933 12.2472 19.5746 -3.19802 11.2921 18.5649 9.13977 2.49892 2.98056 3.40781 7.42864 19.384 -0.244931 2.79281 5.23584 -2.03077 0.78141
internal_weight=504264 119645 384619 34322 85323 176982 207637 11443 10293 1150 209 941 22879 15318 53065 28163 8113 437 183 24902 203 32258 30929 1884 190 118 29045 68 94 80204 37856 535 354 2596 10665 1329 142 198 54 141 62 3463 3204 990 108 7676 254 121 92600 727 178 549 14237 11157 9852 1307 307 1305 8545 1655 115037 37321
internal_count=504264 119645 384619 34322 85323 176982 207637 11443 10293 1150 209 941 22879 15318 53065 28163 8113 437 183 24902 203 32258 30929 1884 190 118 29045 68 94 80204 37856 535 354 2596 10665 1329 142 198 54 141 62 3463 3204 990 108 7676 254 121 92600 727 178 549 14237 11157 9852 1307 307 1305 8545 1655 115037 37321
cat_boundaries=0 1 2 3 4 5 6 7 8 9 10 11 12 13 14 15 16 17 18
cat_threshold=33 537483264 49 270338 2166733250 136 16 2151685264 177 16384 196 4866054 943751426 268501320 16384 16384 540672 138870786
is_linear=0
shrinkage=0.05


Tree=56
num_leaves=63
num_cat=13
split_feature=3 20 20 20 20 20 20 10 0 10 0 1 20 20 3 1 10 3 3 0 10 1 7 0 20 20 10 19 17 17 7 7 19 7 13 3 3 18 17 7 19 10 0 10 0 0 17 13 20 0 18 7 9 19 1 10 17 10 0 7 17 6
split_gain=1.33931e+09 2.33664e+08 2.16423e+08 5.30251e+07 4.36624e+07 2.66947e+07 2.54213e+07 1.28557e+07 2.94088e+07 1.03653e+07 1.45772e+07 2.94077e+07 1.1468e+07 1.0316e+07 1.02297e+07 9.25294e+06 9.29128e+06 1.69477e+07 9.11516e+06 8.86529e+06 2.72416e+07 1.47508e+07 9.73952e+06 8.56811e+06 8.36372e+06 7.93636e+06 7.84452e+06 1.32772e+07 8.18145e+06 9.65588e+06 7.40028e+06 7.8546e+06 7.02491e+06 7.00037e+06 9.85538e+06 6.96842e+06 6.73597e+06 6.07169e+06 5.82037e+06 5.54921e+06 9.44312e+06 5.47185e+06 1.45784e+07 5.46021e+06 5.97154e+06 5.38705e+06 2.42644e+07 1.08492e+07 5.2275e+06 7.38554e+06 9.15672e+06 5.84753e+06 5.59049e+06 5.1656e+06 5.15785e+06 1.33528e+07 1.31859e+07 1.72262e+07 7.88711e+06 7.4903e+06 7.42078e+06 5.99249e+06
threshold=2066.3076879164314 4000.0000000000009 999.99998451777526 2867.2189680627957 1593.583093678832 5229.0057692225555 595.14585817695922 5.5000000000000009 0 1.0000000180025095e-35 1 2 1380.0108695652177 2225.6247237495331 1199.9868236120874 3 4.5000000000000009 4500.0473101299594 1475.0031074236351 4 4.5000000000000009 5 2007.5000000000002 6 1194.915155478059 2440.9698029269407 1.0000000180025095e-35 367.44116666666673 1461.8500000000004 295.32000000000005 2016.5000000000002 2012.5000000000002 424.49050000000005 2013.5000000000002 74.500000000000014 3487.2195577335215 513.69475673593047 508.28785714285726 710.34000000000003 2009.5000000000002 19.17966666666667 5.5000000000000009 7 5.5000000000000009 8 9 774.79500000000019 313.50000000000006 2980.0949553835444 10 644.85214285714301 2012.5000000000002 14.500000000000002 3.7213333333333338 11 4.5000000000000009 517.0200000000001 5.5000000000000009 12 2015.5000000000002 0.70500000000000018 12.500000000000002
decision_type=2 2 2 2 2 2 2 2 9 2 9 1 2 2 2 1 2 2 2 9 2 1 2 9 2 2 2 2 2 2 2 2 2 2 2 2 2 2 2 2 2 2 9 2 9 9 2 2 2 9 2 2 2 2 1 2 2 2 9 2 2 2
left_child=2 3 6 9 14 54 -1 18 13 10 11 32 23 -9 43 -7 33 -18 36 20 21 22 -20 -11 -12 41 27 -24 29 53 31 -22 -2 -17 -35 -5 -6 -34 -31 40 -37 -14 -43 -4 -45 46 -16 -48 -21 50 51 -50 -51 -28 59 58 -57 -58 -56 -3 -61 -60
right_child=1 5 4 35 7 15 -8 8 -10 12 24 -13 25 -15 45 16 17 -19 19 48 30 -23 26 -25 -26 -27 28 -29 -30 38 -32 -33 37 34 -36 39 -38 -39 -40 -41 -42 42 -44 44 -46 -47 47 -49 49 52 -52 -53 -54 -55 55 56 57 -59 61 60 -62 -63
leaf_value=-3.076956129934203 6.9382577717304237 8.0923101156552608 -1.3037999140859824 4.7541684954367103 -24.471118164062503 13.053937235078278 -1.9564174354355583 6.4110041831906903 1.0844052357080121 -10.907847753380027 24.054980972836066 3.5984580832974156 2.2070806275168438 15.188869089471996 0.5898202770612746 13.989245720531631 4.4604757439006457 -51.049855804443361 -20.439929551344651 0.74072674849515308 6.8553955465555196 0.007594426948107161 6.7361235255926433 1.8751615151357095 3.3233583689736017 3.3514872137113914 17.561459651163645 38.542627374070591 -12.239938508703354 38.409441102686387 8.2559004648534735 30.427301820145171 42.515100077036266 -31.166419095578405 6.1325963362470857 11.617904269099236 -1.4300476292318218 21.096768794196862 7.1188670033993935 6.3373928760355049 -14.353400535810563 -6.7495692600436916 1.8053299972280279 2.606586481435941 -0.71408108599929965 -0.31176885110124652 13.595488564693992 46.463635687992493 -10.052601959228516 -10.011818055848819 44.710446142196659 18.226994884715364 8.2351746529647993 1.7799542652964595 9.3874245741750055 7.1496816855899255 -18.189806336699846 12.148630509009728 4.8490685058073568 19.080262091818216 10.05823281814861 -10.077609288692475
leaf_weight=87544 80 9126 48392 20402 32 5269 119991 1409 5043 270 49 801 20528 439 2688 184 44 20 26 44277 48 2027 71 247 6789 16700 70 61 47 42 121 134 37 23 77 60 3627 313 23 13027 84 635 2175 1875 4796 76018 187 29 25 74 25 68 97 200 1834 233 167 65 275 239 4916 89
leaf_count=87544 80 9126 48392 20402 32 5269 119991 1409 5043 270 49 801 20528 439 2688 184 44 20 26 44277 48 2027 71 247 6789 16700 70 61 47 42 121 134 37 23 77 60 3627 313 23 13027 84 635 2175 1875 4796 76018 187 29 25 74 25 68 97 200 1834 233 167 65 275 239 4916 89
internal_value=0.00968449 5.04179 -1.30983 3.80463 -0.0998203 9.54914 -2.42909 1.04641 3.07365 2.74939 4.38601 9.3874 2.42376 8.45049 -0.595887 12.5363 4.20298 -12.8865 0.773006 0.958483 3.64779 1.98689 9.24522 -4.9754 3.46685 2.51931 10.9267 21.4346 7.29567 10.0365 17.8392 24.2105 19.8441 8.20212 -2.44618 5.33295 -1.63155 23.361 27.3374 6.22949 -3.53202 1.92382 -0.14549 -1.11894 0.222087 -0.230961 1.87894 18.0083 0.7843 7.48726 16.4522 10.625 0.320096 5.87146 8.55888 6.42156 -1.25196 -9.68981 8.07416 8.94667 10.4765 1.16734
internal_weight=504264 104758 399506 82197 191971 22561 207535 57986 6891 48624 8069 1231 40555 1848 133985 5617 348 64 51095 47436 2870 2567 540 517 6838 40038 514 132 382 335 303 182 430 284 100 33573 3659 350 65 13171 144 23338 2810 55063 6671 78922 2904 216 44566 289 118 93 171 270 16944 2663 465 232 2198 14281 5155 364
internal_count=504264 104758 399506 82197 191971 22561 207535 57986 6891 48624 8069 1231 40555 1848 133985 5617 348 64 51095 47436 2870 2567 540 517 6838 40038 514 132 382 335 303 182 430 284 100 33573 3659 350 65 13171 144 23338 2810 55063 6671 78922 2904 216 44566 289 118 93 171 270 16944 2663 465 232 2198 14281 5155 364
cat_boundaries=0 1 2 3 4 5 6 7 8 9 10 11 12 14
cat_threshold=73984 81920 16 33 540688 144 304146432 16800016 94464 278532 4260098 37 739594 1
is_linear=0
shrinkage=0.05


Tree=57
num_leaves=63
num_cat=15
split_feature=3 20 20 20 3 20 20 10 0 0 1 4 10 10 20 20 20 3 3 1 19 3 10 10 0 1 4 1 10 3 15 17 10 0 4 19 0 6 3 0 3 18 17 1 10 12 0 12 14 14 17 10 0 3 12 20 0 3 17 1 17 6
split_gain=1.20909e+09 2.24852e+08 1.82217e+08 3.77496e+07 3.76829e+07 3.54426e+07 2.15242e+07 1.32253e+07 2.4988e+07 1.17849e+07 3.89996e+07 2.32809e+07 1.3877e+07 2.44994e+07 1.1405e+07 1.00357e+07 9.16496e+06 8.7605e+06 8.27213e+06 8.26706e+06 1.26881e+07 7.86801e+06 7.72284e+06 7.5624e+06 1.46412e+07 2.80819e+07 1.5995e+07 7.41012e+06 8.79783e+06 1.52953e+07 7.18188e+06 6.92036e+06 5.89948e+06 1.46363e+07 6.47144e+06 5.78868e+06 1.25703e+07 7.88543e+06 5.98621e+06 6.67235e+06 5.69952e+06 1.15327e+07 5.6308e+06 7.40377e+06 1.12642e+07 5.61684e+06 5.48909e+06 5.40333e+06 5.97404e+06 5.36875e+06 5.31879e+06 5.25175e+06 8.19416e+06 4.95973e+06 4.89613e+06 4.7913e+06 5.16173e+06 1.0821e+07 4.73844e+06 7.97163e+06 4.64059e+06 5.55268e+06
threshold=2200.001928317613 1123.1151075353669 4092.4176710918609 1800.0108790252395 3267.977079231146 779.76166014737464 5229.0057692225555 5.5000000000000009 0 1 2 174.41000000000005 4.5000000000000009 5.5000000000000009 2668.9288511288119 495.28049901255628 2302.6551113320688 1326.9312353299549 1400.0005632980058 3 19.17966666666667 697.47507760448627 1.0000000180025095e-35 4.5000000000000009 4 5 520.0100000000001 6 4.5000000000000009 4500.0473101299594 20.450000000000003 62.605000000000011 5.5000000000000009 7 36.005000000000003 4.7929999999999966 8 2.5000000000000004 1371.1691601496093 9 4782.7513255980266 1585.1500000000003 726.0150000000001 10 4.5000000000000009 43.500000000000007 11 8.5000000000000018 14.450000000000001 27.150000000000002 5.0050000000000008 5.5000000000000009 12 433.47280767845933 11.500000000000002 5846.5037224942653 13 5470.869381340538 2.0050000000000003 14 4.9900000000000011 11.500000000000002
decision_type=2 2 2 2 2 2 2 2 9 9 1 2 2 2 2 2 2 2 2 1 2 2 2 2 9 1 2 1 2 2 2 2 2 9 2 2 9 2 2 9 2 2 2 1 2 2 9 2 2 2 2 2 9 2 2 2 9 2 2 1 2 2
left_child=1 5 4 9 14 15 -4 21 16 10 11 17 -12 -14 32 -1 -9 -3 51 20 60 -5 54 40 25 26 31 55 47 -30 -22 -25 42 34 -34 36 37 -23 39 -37 -21 -42 -2 44 -44 -19 -16 48 -29 -33 -39 53 -53 -11 -13 -8 -57 -58 59 -40 61 -6
right_child=2 3 6 7 19 -7 27 8 -10 18 12 22 13 -15 46 -17 -18 45 -20 23 30 35 -24 24 -26 -27 -28 28 29 -31 -32 49 33 -35 -36 38 -38 50 58 -41 41 -43 43 -45 -46 -47 -48 -49 -50 -51 -52 52 -54 -55 -56 56 57 -59 -60 -61 -62 -63
leaf_value=-3.1395664527749112 3.2592472677385347 11.975685551611043 8.3065722995988427 -19.434783479441769 4.1632655929116646 -1.3785051814164324 11.382109661923693 6.8761693912333488 1.7390938605560677 -18.42419480323748 -0.97373843948728767 -6.4829141569137576 17.318089591078206 -5.0734956666969797 1.6980007563052433 -2.2910596683913416 15.532583964184026 25.148406403859457 0.16724758976198589 6.1862814578971275 -43.786616888913244 -5.0452133131027228 -1.6554681778462923 -30.524525846753804 5.7911009046960453 4.1670135189633557 -24.383005513420589 10.244184398651123 4.2374520085074687 -48.497363977432258 -10.534326564881111 17.721398583580466 -8.897418681376065 2.5793351603349843 1.1288894606912034 2.3234096971790446 2.4027757265863401 13.574110929609285 -9.5206149871297594 -6.6093705400136802 6.8535223464052129 31.030499732494356 -0.77445085339385311 1.987094345311607 -21.308001064118884 46.078428072807121 4.271876460638306 11.319988794561127 -27.039379165286107 -4.231195477580096 31.537518442654221 3.0178082808286781 -0.49829501424016026 -0.81166090837301241 21.32127010445846 10.316792078405525 53.456186408996587 16.328899794270974 1.290378681315322 0.56553968187647863 15.128659147024155 -23.071230300267541
leaf_weight=56389 17144 118 15040 46 85 95364 3576 924 3523 40 2937 20 294 209 2342 91222 457 180 57656 16858 22 40 205 21 3157 905 158 22 44 20 62 34 506 1939 236 346 2470 127 262 510 167 70 326 6790 84 39 21502 234 21 154 61 2352 5547 56811 76 624 20 1048 32037 703 64 24
leaf_count=56389 17144 118 15040 46 85 95364 3576 924 3523 40 2937 20 294 209 2342 91222 457 180 57656 16858 22 40 205 21 3157 905 158 22 44 20 62 34 506 1939 236 346 2470 127 262 510 167 70 326 6790 84 39 21502 234 21 154 61 2352 5547 56811 76 624 20 1048 32037 703 64 24
internal_value=0.00921488 -1.15734 5.14769 0.249205 3.96966 -2.12982 9.2924 1.55762 3.99596 -0.180156 2.46076 13.7165 0.339504 8.01423 3.22452 -2.6152 9.67072 22.9582 -0.268318 5.70991 -3.17615 1.23093 3.82521 5.81479 3.97621 -0.569258 -12.0494 11.9358 4.33881 -12.2422 -19.2433 -3.30187 2.52129 0.295206 -5.63255 1.25694 3.48583 14.4785 1.07932 -3.04876 6.29453 13.9944 2.76645 1.59304 -4.86272 28.8757 4.02157 8.32643 -7.96407 -0.261045 19.4027 -0.656204 0.551847 -0.824053 15.5287 12.3958 14.6115 16.8662 1.1864 -2.26568 4.44163 -1.83332
internal_weight=504264 410965 93299 167990 72650 242975 20649 41506 4904 126484 4078 638 3440 503 50869 147611 1381 337 122406 21781 257 36602 301 21524 4429 1272 367 5609 341 64 84 209 27025 2681 742 36556 2698 228 33858 856 17095 237 24344 7200 410 219 23844 277 43 188 188 64750 7899 56851 96 5268 1692 1068 33002 965 173 109
internal_count=504264 410965 93299 167990 72650 242975 20649 41506 4904 126484 4078 638 3440 503 50869 147611 1381 337 122406 21781 257 36602 301 21524 4429 1272 367 5609 341 64 84 209 27025 2681 742 36556 2698 228 33858 856 17095 237 24344 7200 410 219 23844 277 43 188 188 64750 7899 56851 96 5268 1692 1068 33002 965 173 109
cat_boundaries=0 1 2 3 4 5 6 7 8 9 10 11 12 13 14 15
cat_threshold=73984 16388 16 138 536946944 16 33 16799762 540672 2986448194 130 2160072720 78080 402694402 66
is_linear=0
shrinkage=0.05


Tree=58
num_leaves=63
num_cat=7
split_feature=3 20 3 20 20 20 3 10 20 10 3 20 18 20 1 10 3 19 17 1 15 20 1 3 20 3 3 1 20 10 1 4 4 10 1 3 19 4 4 17 18 17 17 3 1 10 4 4 20 9 18 19 19 19 4 12 14 3 3 15 18 18
split_gain=1.09195e+09 1.90544e+08 1.77858e+08 4.34312e+07 3.82061e+07 2.16922e+07 2.02682e+07 1.00894e+07 1.50936e+07 9.08435e+06 1.12953e+07 1.01773e+07 8.9479e+06 8.52438e+06 7.573e+06 7.55326e+06 1.3804e+07 7.44391e+06 9.64228e+06 1.17413e+07 6.75621e+06 6.58445e+06 6.33949e+06 5.77757e+06 5.6798e+06 5.42661e+06 5.10231e+06 5.02436e+06 5.01955e+06 4.84685e+06 9.85592e+06 6.22722e+06 4.98418e+06 7.19062e+06 7.93278e+06 6.97365e+06 7.61194e+06 4.83503e+06 4.74816e+06 5.6655e+06 5.16649e+06 4.71043e+06 4.7025e+06 5.07223e+06 4.63569e+06 1.19383e+07 2.09018e+07 4.97652e+06 4.55635e+06 4.42289e+06 6.06707e+06 6.90771e+06 5.06774e+06 8.41071e+06 6.33598e+06 4.412e+06 5.02835e+06 4.34304e+06 4.29019e+06 7.44027e+06 4.10662e+06 4.06666e+06
threshold=2066.3076879164314 4000.0000000000009 978.61205663275348 2867.2189680627957 1593.583093678832 5229.0057692225555 541.29510130245023 5.5000000000000009 2302.6551113320688 1.0000000180025095e-35 4782.7513255980266 1380.0108695652177 470.99999999999955 1270.0026054280977 0 4.5000000000000009 4500.0473101299594 373.70283333333333 203.82000000000002 1 22.750000000000004 2477.1922878756609 2 1475.0031074236351 2369.7975522815182 3487.2195577335215 3904.2033643443924 3 1564.6724417815578 5.5000000000000009 4 14.405000000000003 565.62000000000012 4.5000000000000009 5 2667.2795652755995 974.92200000000003 763.78000000000009 85.515000000000029 2386.6200000000003 2026.9807142857148 0.30500000000000005 129.70500000000004 4981.5572559041984 6 4.5000000000000009 425.00500000000005 20.005000000000006 2186.955134142715 23.500000000000004 726.67214285714283 174.23033333333336 1109.3031666666668 915.95366666666678 542.2700000000001 8.5000000000000018 14.450000000000001 209.07472875297233 3530.0651334834361 17.050000000000004 2409.0421428571481 183.82857142857151
decision_type=2 2 2 2 2 2 2 2 2 2 2 2 2 2 1 2 2 2 2 1 2 2 1 2 2 2 2 1 2 2 1 2 2 2 1 2 2 2 2 2 2 2 2 2 1 2 2 2 2 2 2 2 2 2 2 2 2 2 2 2 2 2
left_child=2 3 6 9 13 44 28 23 -9 10 17 -11 -10 -4 26 55 -17 -2 19 20 -19 29 -5 -6 60 37 -7 -8 57 32 -31 -32 35 -34 -35 -13 41 -24 39 40 -14 -37 61 -44 47 49 -47 -3 -38 50 51 -46 53 -52 -54 56 -16 -1 -43 -60 -22 -27
right_child=1 5 4 22 7 14 27 8 12 11 -12 21 38 -15 15 16 -18 18 -20 -21 24 -23 25 -25 -26 42 -28 -29 -30 30 31 -33 33 34 -36 36 48 -39 -40 -41 -42 58 43 -45 45 46 -48 -49 -50 -51 52 -53 54 -55 -56 -57 -58 -59 59 -61 -62 -63
leaf_value=-5.2261587965018643 2.4424679057807519 10.428502002853826 -0.9103895543986481 0.13677018724678311 -1.2932316894722051 33.093279988425124 -0.10196305851143772 2.0953492756173562 1.6090419760329189 -4.7949348856448202 27.018866605353807 2.2691300552593185 21.210899270407044 -0.1249447895935691 9.7319750872525308 4.0255791750821208 -46.072495613098148 10.613786536682348 3.3367632476659455 4.7358748920230056 12.483723596226085 3.0828331156083078 4.8918496561856886 0.86706936107680999 35.805245197044229 6.1444010986095767 11.69240229220617 -1.9096164554965487 -20.181877408708846 2.4407872599175722 -7.3641654640276233 -0.42725450919630631 1.6777706345389907 -14.036742274688955 -1.0589226539580334 24.684921977394509 -27.49222543334961 3.1599380758394693 8.1337951992176212 10.105472402933032 44.841900177001953 5.2817003275996406 4.7946459173656084 25.746696560958341 8.750510416069007 6.0252654626384965 -16.391008807291652 7.7275964209317625 1.6354824263474037 3.4845575235810196 11.684481445754448 -0.45445344592718517 36.705782931783929 48.037897447439349 9.8048397628545239 10.052497623115778 -24.073453226956456 -2.8264917232078823 -7.9247853432932205 19.275879577765789 36.147893836281519 9.55335581484937
leaf_weight=1938 4296 1980 77813 719 3311 28 3977 6287 173 517 53 12704 101 62122 22 44 20 446 2162 927 110 15252 14147 47436 53 4624 5241 126423 42 1654 559 768 6753 122 1143 38 25 5635 135 86 30 827 7340 29 813 308 157 12301 29 570 41 272 23 26 453 240 22 69632 31 133 22 1079
leaf_count=1938 4296 1980 77813 719 3311 28 3977 6287 173 517 53 12704 101 62122 22 44 20 446 2162 927 110 15252 14147 47436 53 4624 5241 126423 42 1654 559 768 6753 122 1143 38 25 5635 135 86 30 827 7340 29 813 308 157 12301 29 570 41 272 23 26 453 240 22 69632 31 133 22 1079
internal_value=0.00877816 4.55248 -1.18267 3.4353 -0.115685 8.62275 -2.22578 0.968657 2.77547 2.48027 4.01243 2.17543 10.9201 -0.561703 11.3155 3.77867 -11.6301 3.86032 5.49771 8.49641 13.7284 2.26544 4.81846 0.72612 21.9791 4.91938 11.7838 -1.85464 -2.90161 1.76245 -0.128558 -3.32438 2.02098 1.02971 -2.42987 2.59746 6.44888 4.39851 15.4963 20.0766 26.6226 7.40915 5.71138 4.8771 7.73009 5.71381 -1.54324 8.0964 -11.8496 7.27508 8.60223 6.44291 12.9169 25.7918 11.1047 7.38411 -7.17074 -2.89147 6.74671 14.1343 16.4278 6.78937
internal_weight=504264 104758 399506 82197 197494 22561 202012 57559 6812 48624 8069 40555 525 139935 5617 348 64 8016 3720 1558 631 40038 33573 50747 185 32854 5269 130400 71612 24786 2981 1327 21805 8018 1265 13787 1083 19782 352 217 131 1029 13072 7369 16944 2663 465 14281 54 2198 1628 1085 543 67 476 284 44 71570 991 164 132 5703
internal_count=504264 104758 399506 82197 197494 22561 202012 57559 6812 48624 8069 40555 525 139935 5617 348 64 8016 3720 1558 631 40038 33573 50747 185 32854 5269 130400 71612 24786 2981 1327 21805 8018 1265 13787 1083 19782 352 217 131 1029 13072 7369 16944 2663 465 14281 54 2198 1628 1085 543 67 476 284 44 71570 991 164 132 5703
cat_boundaries=0 1 2 3 4 5 6 7
cat_threshold=33 16 136 48 177 128 37
is_linear=0
shrinkage=0.05


Tree=59
num_leaves=63
num_cat=21
split_feature=20 20 20 3 3 3 3 20 1 3 3 1 0 10 7 1 10 7 0 15 10 10 7 0 10 0 1 17 3 10 10 0 1 0 10 0 1 15 0 10 0 1 7 10 0 7 20 0 18 12 1 0 17 18 10 10 19 13 10 20 0 3
split_gain=9.87e+08 2.10669e+08 1.24356e+08 3.69936e+07 3.04599e+07 2.1071e+07 1.48586e+07 1.20868e+07 1.11788e+07 9.11115e+06 8.55158e+06 8.39987e+06 7.60968e+06 1.35418e+07 7.22736e+06 1.34358e+07 1.40181e+07 1.46612e+07 1.11371e+07 7.14982e+06 1.09482e+07 1.11332e+07 9.89801e+06 7.42493e+06 6.87151e+06 1.52606e+07 8.83023e+06 6.86892e+06 7.55198e+06 6.82947e+06 9.32724e+06 2.24468e+07 9.92854e+06 2.90361e+07 6.37406e+06 1.27216e+07 1.87355e+07 8.51623e+06 6.36097e+06 7.0269e+06 2.28628e+07 2.03789e+07 1.19246e+07 6.77383e+06 1.62936e+07 6.34088e+06 6.14489e+06 5.99263e+06 1.15189e+07 5.62478e+06 5.43222e+06 6.67588e+06 1.98606e+07 1.67214e+07 1.39448e+07 1.13739e+07 8.54533e+06 6.41164e+06 5.81114e+06 6.0264e+06 5.37724e+06 6.56598e+06
threshold=1872.4046726614349 3489.0433262110359 924.27976309881115 4371.0287820196727 2476.7546290360606 1371.1691601496093 541.29510130245023 5469.7708618331062 0 2667.2795652755995 697.47507760448627 1 2 4.5000000000000009 2009.5000000000002 3 4.5000000000000009 2008.5000000000002 4 18.150000000000002 4.5000000000000009 5.5000000000000009 2013.5000000000002 5 5.5000000000000009 6 7 47.010000000000012 3487.2195577335215 5.5000000000000009 4.5000000000000009 8 9 10 1.0000000180025095e-35 11 12 21.650000000000002 13 4.5000000000000009 14 15 2007.5000000000002 4.5000000000000009 16 2006.5000000000002 4501.1082227991183 17 839.00428571428586 11.500000000000002 18 19 1582.4200000000003 100.22857142857144 1.0000000180025095e-35 2.5000000000000004 4.2446666666666664 214.50000000000003 1.0000000180025095e-35 2505.4020647934699 20 3828.1534090909095
decision_type=2 2 2 2 2 2 2 2 1 2 2 1 9 2 2 1 2 2 9 2 2 2 2 9 2 9 1 2 2 2 2 9 1 9 2 9 1 2 9 2 9 1 2 2 9 2 2 9 2 2 1 9 2 2 2 2 2 2 2 2 9 2
left_child=2 4 6 8 10 47 -1 19 60 -8 -2 12 -6 -14 15 16 -13 -18 -16 -5 -21 22 -22 -24 38 26 -26 28 -20 30 -10 32 33 -32 35 36 37 -7 43 -40 41 -41 -43 50 -45 -39 -31 48 -4 -50 51 52 53 56 -55 -56 -12 -57 59 -52 61 -3
right_child=1 3 5 7 11 34 9 -9 29 -11 24 14 13 -15 18 -17 17 -19 27 20 21 -23 23 -25 25 -27 -28 -29 -30 46 31 -33 -34 -35 -36 -37 -38 45 39 40 -42 42 -44 44 -46 -47 -48 -49 49 -51 58 -53 -54 54 55 57 -58 -59 -60 -61 -62 -63
leaf_value=-2.7427832311148794 -21.98830462004193 4.4153588418960572 0.40827296093558801 9.7235316691275138 2.5982641098298798 7.7742943411072094 -1.8344277433726361 11.522547664726389 5.9676983836118174 26.690815435137068 18.732293689591543 -2.3338125757839649 -0.46442051857864836 -18.383967199990916 3.0073036476031589 2.8837087480868164 -51.337134838104248 -5.6728319076391367 5.4825284044413793 8.0584791158254969 -11.481878502666952 8.3980817791874429 -7.5083375524886904 6.0882798228850517 14.887544992781347 1.8695213169424463 5.4879559341507971 4.2801441443126889 10.302495325643843 7.4884579709454258 -18.91658790923082 7.9991918360430549 1.4528009071335 5.9015544640923947 0.076283496794439284 0.4772357479721463 2.1333368394942114 8.4330014861918787 1.3931733823542121 2.6635827047640226 1.6806523119600016 -32.858600353803794 -9.8059501248435854 15.054374480420769 2.8414275811894436 26.46278867388105 15.593459464211501 -0.85583252060297577 -5.0233656343072655 14.075802736572861 -0.20247407888267144 2.3938950153988539 -13.636956177544349 46.600704448699958 -1.5633411584077059 16.603364837169647 2.6537247280523029 51.667655736749829 1.7493300839128545 -8.0481240270476722 -12.49498300790264 -25.172884405226938
leaf_weight=71225 38 175 2766 4525 1463 360 117538 3558 16284 28 105 446 577 129 14261 5104 32 39 3923 5679 182 489 132 339 350 3994 987 12505 1025 2177 250 1038 819 212 64414 9869 2092 74 24845 379 2564 61 698 334 1407 143 262 110135 46 238 1223 6647 97 50 54 32 388 22 5005 306 104 21
leaf_count=71225 38 175 2766 4525 1463 360 117538 3558 16284 28 105 446 577 129 14261 5104 32 39 3923 5679 182 489 132 339 350 3994 987 12505 1025 2177 250 1038 819 212 64414 9869 2092 74 24845 379 2564 61 698 334 1407 143 262 110135 46 238 1223 6647 97 50 54 32 388 22 5005 306 104 21
internal_value=0.00832954 3.8546 -1.26388 7.06839 2.54708 -0.361307 -2.17289 8.97986 5.73352 -1.82763 1.72188 3.58289 0.545085 -3.68646 3.75822 2.10681 -5.51216 -26.2539 4.0521 8.1825 7.16019 2.69316 -1.57898 2.24761 1.74007 3.43586 8.04084 4.90129 6.48101 5.86857 5.5452 2.57842 -1.86196 -7.64442 0.27705 1.30849 4.36403 12.2776 1.53561 1.08998 -0.941868 -6.80557 -11.5071 2.34525 5.2872 20.3144 8.35911 -0.795312 1.38832 10.9823 1.97922 2.90662 7.37119 10.6147 24.7697 14.6627 6.07817 30.8888 0.923754 -1.77263 -3.80765 1.18474
internal_weight=504264 125336 378928 36246 89090 190137 188791 14904 21342 117566 49586 39504 2169 706 37335 5621 517 71 31714 11346 6821 1142 653 471 49548 5331 1337 17453 4948 21042 18603 2319 1281 462 76952 12538 2669 577 44217 28547 3702 1138 759 15670 1741 217 2439 113185 3050 284 13929 7395 748 651 158 108 493 54 6534 1529 300 196
internal_count=504264 125336 378928 36246 89090 190137 188791 14904 21342 117566 49586 39504 2169 706 37335 5621 517 71 31714 11346 6821 1142 653 471 49548 5331 1337 17453 4948 21042 18603 2319 1281 462 76952 12538 2669 577 44217 28547 3702 1138 759 15670 1741 217 2439 113185 3050 284 13929 7395 748 651 158 108 493 54 6534 1529 300 196
cat_boundaries=0 1 2 3 4 6 7 8 9 10 11 12 13 14 15 16 17 18 19 20 21 22
cat_threshold=138 136 4867214 16 2722274456 1 268435458 73984 16 268509450 16 73984 352256 16 2831826974 2171136 37 16384 10502144 177 16384 147456
is_linear=0
shrinkage=0.05


Tree=60
num_leaves=63
num_cat=7
split_feature=20 20 3 3 20 3 3 1 1 10 3 1 20 20 3 20 10 3 19 3 4 20 7 19 4 7 9 4 20 12 3 12 10 20 12 3 4 1 10 9 9 3 18 20 4 7 1 13 7 1 3 3 15 4 7 10 1 5 20 4 18 12
split_gain=8.8061e+08 1.62099e+08 1.30504e+08 2.91896e+07 2.66756e+07 2.31978e+07 1.87976e+07 1.268e+07 1.25131e+07 1.16898e+07 1.72187e+07 9.61998e+06 1.0581e+07 7.19485e+06 7.18256e+06 7.14976e+06 6.88588e+06 9.75484e+06 6.73267e+06 7.72858e+06 6.61605e+06 6.59636e+06 6.33663e+06 1.01622e+07 9.14398e+06 6.23772e+06 7.99428e+06 6.60755e+06 5.93402e+06 6.10166e+06 5.76936e+06 5.63067e+06 5.61844e+06 8.02595e+06 7.75747e+06 7.9043e+06 7.30429e+06 2.04419e+07 7.33245e+06 6.46952e+06 5.9789e+06 5.68417e+06 5.52354e+06 5.25475e+06 5.18226e+06 5.1189e+06 5.1123e+06 4.88592e+06 4.81304e+06 6.43796e+06 5.90314e+06 5.56884e+06 4.7634e+06 4.85959e+06 5.54641e+06 4.71044e+06 4.67398e+06 6.08548e+06 4.63511e+06 4.52951e+06 4.46822e+06 4.44072e+06
threshold=1994.9435098110962 3676.7253487126823 1000.0001062647087 2920.4711966842933 4633.3644804982769 1475.0031074236351 607.00619972790571 0 1 4.5000000000000009 4981.5572559041984 2 3065.361988127981 5846.5037224942653 5833.4745046068419 5846.5037224942653 1.0000000180025095e-35 2002.3834457028536 4.2446666666666664 3408.994814838808 565.62000000000012 986.36549165120607 2013.5000000000002 4.2446666666666664 5.5550000000000006 2009.5000000000002 19.500000000000004 657.0100000000001 3065.361988127981 18.500000000000004 1550.0234741784041 43.500000000000007 3.5000000000000004 2783.9153290054519 20.500000000000004 3336.2827255565417 2228.5400000000004 3 4.5000000000000009 14.500000000000002 6.5000000000000009 3828.1534090909095 571.94285714285763 1578.4560009048018 0.70500000000000018 2009.5000000000002 4 116.50000000000001 2013.5000000000002 5 4981.5572559041984 4628.4457362818657 20.450000000000003 128.81500000000003 2012.5000000000002 5.5000000000000009 6 1.0000000180025095e-35 232.75791747745299 6.0050000000000008 1.4885714285714939 29.500000000000004
decision_type=2 2 2 2 2 2 2 1 1 2 2 1 2 2 2 2 2 2 2 2 2 2 2 2 2 2 2 2 2 2 2 2 2 2 2 2 2 1 2 2 2 2 2 2 2 2 1 2 2 1 2 2 2 2 2 2 1 2 2 2 2 2
left_child=2 3 6 11 25 -4 58 18 15 13 45 12 22 56 32 -6 17 -7 -5 -20 -14 -19 -2 24 -24 26 27 -3 -13 -30 -25 -15 41 34 35 -34 44 38 39 40 -38 -9 -23 55 -35 -11 -8 -40 50 51 -43 -50 53 60 -55 -18 57 -10 -1 -57 -17 -62
right_child=1 4 5 7 8 16 46 14 9 10 -12 28 20 31 -16 52 43 21 19 -21 -22 42 23 30 -26 -27 -28 -29 29 -31 -32 -33 33 36 -36 -37 37 -39 47 -41 -42 48 -44 -45 -46 -47 -48 -49 49 -51 -52 -53 -54 54 -56 59 -58 -59 -60 -61 61 -63
leaf_value=-4.2394628633189511 1.9737207074792271 11.853657782950053 -0.59079414262466534 -1.5415032150870875 8.9425688957278684 1.0999542213842115 0.083230856931463038 4.6272563926433845 11.75178192973137 18.179980497007019 -50.735412044525148 1.4962576000054995 10.225708584144671 -11.344715848700567 -20.157645486195882 11.178994584865258 -0.019433082422088188 25.356714727878572 -9.9138077235612716 -45.730245137214666 0.87732125825714324 1.9808675978115753 7.7281405810652108 27.32927885437012 51.050677472069154 5.9991008883857129 -11.917111264048396 -7.6617229319330482 -12.265283087224796 -0.80574063591352896 3.2845298161728209 16.440027966706648 -1.5811117407960307 10.645572925941595 1.6503780875099849 -20.440460760875414 0.19619835913181305 3.950846647880947 -34.35958785080328 3.2687137028685322 -28.642456268682714 10.579469785660752 7.9386248769458483 0.67084408744290425 4.1350324543184538 -5.2561063370985153 -1.6195918739173818 -13.461591146479954 3.5286929662866351 14.838943086906717 33.804078805857692 -22.258412725275214 10.143163500019247 15.832997117825409 1.8673302867737682 -6.2878850833287929 2.106758120216127 -15.080442636663264 -2.434655264532501 -1.2288773126969981 27.533427587016064 14.727026149576361
leaf_weight=3706 19947 123 112737 190 8520 9870 4596 14728 535 27 20 23226 726 88 30 122 16033 40 61 20 256 824 29 25 21 18743 111 67 145 584 11880 23 138 321 584 93 32 945 41 108 41 484 737 40106 6392 170 112195 88 433 125 29 22 900 201 110 559 261 22 88750 2122 176 110
leaf_count=3706 19947 123 112737 190 8520 9870 4596 14728 535 27 20 23226 726 88 30 122 16033 40 61 20 256 824 29 25 21 18743 111 67 145 584 11880 23 138 321 584 93 32 945 41 108 41 484 737 40106 6392 170 112195 88 433 125 29 22 900 201 110 559 261 22 88750 2122 176 110
internal_value=-0.00469294 3.90409 -1.12143 2.74582 7.02591 -0.146316 -1.97437 4.17319 8.95222 3.88301 -6.53174 2.12039 2.6758 6.35754 4.29092 9.51198 0.566566 1.6872 -6.44923 -18.7574 7.78865 5.30748 2.51926 3.4295 25.9236 5.88443 -1.25626 4.97192 1.35627 -3.08507 3.33502 -5.58752 4.32248 3.3084 -1.41759 -9.17384 3.79179 0.290561 -10.6513 -4.50299 -16.0009 4.88544 4.79372 0.348023 4.44635 -2.04405 -1.55271 -20.1036 8.36439 5.24396 11.8924 2.23277 12.5673 15.6016 10.8934 -0.343816 7.97844 10.5034 -2.507 -2.2837 19.1904 22.6079
internal_weight=504348 112073 392275 81744 30329 183028 209247 24905 11285 1146 217 56839 32884 929 24634 10139 70291 11471 271 81 982 1601 31902 11955 50 19044 301 190 23955 729 11905 111 24604 8783 815 231 7968 1255 310 181 73 15821 1561 58820 6713 197 116791 129 1093 580 513 455 1619 719 311 18714 818 557 92456 2681 408 286
internal_count=504348 112073 392275 81744 30329 183028 209247 24905 11285 1146 217 56839 32884 929 24634 10139 70291 11471 271 81 982 1601 31902 11955 50 19044 301 190 23955 729 11905 111 24604 8783 815 231 7968 1255 310 181 73 15821 1561 58820 6713 197 116791 129 1093 580 513 455 1619 719 311 18714 818 557 92456 2681 408 286
cat_boundaries=0 1 2 3 4 5 6 7
cat_threshold=128 33 49 16 48 112 16
is_linear=0
shrinkage=0.05


Tree=61
num_leaves=63
num_cat=16
split_feature=3 3 3 3 3 3 3 0 10 10 0 0 0 19 19 21 10 17 8 0 0 4 19 0 10 4 0 3 0 4 10 15 17 10 0 3 6 6 19 3 14 0 3 4 21 10 0 18 19 4 0 19 0 3 16 4 0 4 17 18 6 0
split_gain=7.94603e+08 1.32619e+08 1.27719e+08 2.84574e+07 2.20712e+07 2.1649e+07 1.29569e+07 8.70238e+06 8.98172e+06 1.11659e+07 1.37172e+07 1.03117e+07 7.93118e+06 5.95141e+06 7.57875e+06 5.91245e+06 5.58167e+06 5.3453e+06 5.10852e+06 4.87773e+06 4.78589e+06 4.8739e+06 8.73083e+06 1.23366e+07 6.59734e+06 4.76067e+06 4.68202e+06 4.46621e+06 4.45081e+06 4.33884e+06 4.30895e+06 4.27884e+06 5.66845e+06 4.27554e+06 9.20546e+06 4.14419e+06 4.8394e+06 9.02552e+06 4.09836e+06 4.05617e+06 4.05421e+06 4.01753e+06 3.96935e+06 4.10068e+06 3.91322e+06 3.76631e+06 1.25021e+07 1.42223e+07 3.70276e+06 3.50851e+06 3.49015e+06 3.43091e+06 6.26799e+06 4.40265e+06 5.60999e+06 3.84045e+06 3.38724e+06 4.02709e+06 3.35854e+06 3.34554e+06 3.31235e+06 3.26654e+06
threshold=2091.6735547090252 1075.0008402419901 3487.2195577335215 4981.5572559041984 1475.0031074236351 632.35395705562473 2746.2840768770461 0 4.5000000000000009 5.5000000000000009 1 2 3 37.843499999999999 3923.8378333333344 2.5000000000000004 4.5000000000000009 30.760000000000002 9.5000000000000018 4 5 434.37500000000006 367.44116666666673 6 1.0000000180025095e-35 6.0050000000000008 7 315.00104024252516 8 162.63000000000002 5.5000000000000009 20.950000000000003 36.610000000000007 4.5000000000000009 9 2200.001928317613 3.5000000000000004 8.5000000000000018 4.2446666666666664 4371.0287820196727 31.250000000000004 10 3530.0651334834361 1.2050000000000003 2.5000000000000004 4.5000000000000009 11 1143.7642857142848 12.191666666666675 2098.0250000000005 12 3.7213333333333338 13 1671.4551326991498 17.850000000000005 0.30500000000000005 14 3052.7100000000005 1.5050000000000003 0.67214285714285738 2.5000000000000004 15
decision_type=2 2 2 2 2 2 2 9 2 2 9 9 9 2 2 2 2 2 2 9 9 2 2 9 2 2 9 2 9 2 2 2 2 2 9 2 2 2 2 2 2 9 2 2 2 2 9 2 2 2 9 2 9 2 2 2 9 2 2 2 2 9
left_child=1 5 6 7 26 27 20 39 15 11 25 -10 16 -13 -15 -9 18 -18 49 42 -2 22 30 24 31 -11 48 -1 51 35 33 -24 -33 -22 -35 36 -26 -38 44 -4 -20 -32 -17 -44 59 -23 47 -47 -3 -5 -7 52 -6 -54 55 -55 57 -8 61 -14 -57 -58
right_child=2 4 3 12 28 50 56 8 9 10 -12 13 38 14 -16 19 17 -19 40 -21 21 45 23 -25 29 -27 -28 -29 -30 -31 41 32 -34 34 -36 -37 37 -39 -40 -41 -42 -43 43 -45 -46 46 -48 -49 -50 -51 -52 -53 53 54 -56 60 58 -59 -60 -61 -62 -63
leaf_value=-3.1819849889029781 1.3503820274160891 2.5766089540586687 6.0472683578259083 6.2911393537934952 1.4989017646006144 -0.93700377547501956 2.215711293534695 5.6919364060106776 7.484664977808011 -11.987119528888602 7.479172843958267 5.6611678851871048 -1.0785793134901258 -4.3834573208647303 4.9403203176473509 -2.1567838965040269 12.823606431484222 -14.845911601185799 -16.284561090035872 3.084618994562458 2.4806783500959444 2.0436335397583236 5.7818686769558836 3.1149904787152565 7.8352025783061983 0.53673954637019672 -0.64784646610441032 -2.2146751040885539 0.32980642294772505 5.1606705359322582 -6.0314721728185097 7.265874590873719 38.948482653498651 14.580475942023256 3.2655752384281076 9.7553731518708755 50.416790827389427 11.904714818298817 9.2844601417833719 8.1586026344832252 5.8567636881119167 1.1069737952308771 -38.26554950714111 -7.610381007194519 24.143798550128938 -17.680885032822893 2.4474004664463465 -0.55731867469331753 0.02940780837590079 19.979065654754638 -1.52605054251997 0.92177712399069989 3.3666691589944495 -0.21849657237529754 -6.2635345941934837 5.4025412054622883 8.872366415452472 -9.0121132980759562 3.5126438286977919 13.082529882819049 19.9020689601154 4.2020664730196051
leaf_weight=13843 15114 1565 6096 735 2736 34504 3063 14477 396 113 1621 254 45 1167 268 66 24 64 44 253 10384 8233 26 1714 40 231 76432 86484 44673 381 239 20 48 225 857 325 29 32 5784 3629 39 937 20 24 75 196 1080 318 16147 50 94128 30332 382 40 39 51 579 82 21574 570 173 1278
leaf_count=13843 15114 1565 6096 735 2736 34504 3063 14477 396 113 1621 254 45 1167 268 66 24 64 44 253 10384 8233 26 1714 40 231 76432 86484 44673 381 239 20 48 225 857 325 29 32 5784 3629 39 937 20 24 75 196 1080 318 16147 50 94128 30332 382 40 39 51 579 82 21574 570 173 1278
internal_value=-0.0044391 -1.00873 3.91751 6.31602 0.0379456 -1.79762 2.62277 5.60014 4.96171 2.87733 5.58167 0.328644 9.07309 -1.38526 -2.64215 5.5339 4.65058 -7.29968 5.91571 -0.768741 2.05646 2.48037 3.04071 5.67058 10.3824 -3.47615 -0.478155 -2.34814 0.657482 9.03737 2.49672 23.0338 29.6301 2.79235 5.78342 12.5046 21.3509 30.2137 9.70398 6.82812 -5.88081 -0.385657 -9.0859 -21.5445 13.3613 1.61293 -0.611678 -6.95168 0.25433 7.16298 -1.36824 1.09075 2.59211 6.83689 11.4375 14.0525 3.47936 1.91687 3.6867 12.0464 16.6008 5.72864
internal_weight=504348 401529 102819 36045 172570 228959 66774 28615 18890 4050 1965 2085 7430 1689 1435 14840 956 88 868 363 40198 25084 15257 2615 901 344 94144 100327 78426 807 12642 94 68 11466 1082 426 101 61 6474 9725 83 1176 110 44 690 9827 1594 514 17712 785 128632 33753 3421 685 303 264 26576 3145 23431 615 224 1857
internal_count=504348 401529 102819 36045 172570 228959 66774 28615 18890 4050 1965 2085 7430 1689 1435 14840 956 88 868 363 40198 25084 15257 2615 901 344 94144 100327 78426 807 12642 94 68 11466 1082 426 101 61 6474 9725 83 1176 110 44 690 9827 1594 514 17712 785 128632 33753 3421 685 303 264 26576 3145 23431 615 224 1857
cat_boundaries=0 2 3 4 5 6 7 8 9 10 11 12 13 14 15 16 17
cat_threshold=1261603460 1 2147505160 2151699528 134234178 262144 3371187392 81928 10835968 2832154966 16384 16384 65792 547780682 679608642 2160067612 537407744
is_linear=0
shrinkage=0.05


Tree=62
num_leaves=63
num_cat=22
split_feature=1 7 7 1 0 0 10 10 0 7 2 1 7 1 7 1 4 0 0 10 10 10 4 19 0 1 7 7 7 7 13 0 10 10 1 10 0 10 4 0 18 4 18 0 10 10 0 1 19 4 0 7 10 10 15 15 19 10 0 7 4 4
split_gain=5.62211e+08 1.72408e+08 1.04233e+08 8.18884e+07 3.61794e+07 3.12138e+07 2.07532e+07 3.12272e+07 4.75922e+07 2.78642e+07 1.91579e+07 1.68301e+07 1.66529e+07 1.65719e+07 1.55877e+07 1.33784e+07 1.29992e+07 5.66336e+07 1.53876e+07 1.50146e+07 1.45644e+07 1.27446e+07 1.62189e+07 1.2688e+07 1.26334e+07 1.86005e+07 1.68402e+07 1.20924e+07 1.19025e+07 1.07337e+07 1.01862e+07 9.51106e+06 9.43026e+06 2.54086e+07 9.41525e+06 1.69005e+07 2.08519e+07 2.01316e+07 9.08568e+06 9.00484e+06 8.56234e+06 8.43289e+06 7.79171e+06 7.58608e+06 7.29958e+06 7.27524e+06 3.17686e+07 2.28434e+07 1.25844e+07 7.1156e+06 6.89743e+06 1.99444e+07 2.2343e+07 2.8856e+07 1.47402e+07 1.2567e+07 6.45414e+06 9.56714e+06 6.38361e+06 6.32796e+06 6.26059e+06 6.07728e+06
threshold=0 2009.5000000000002 2012.5000000000002 1 2 3 5.5000000000000009 4.5000000000000009 4 2015.5000000000002 5 6 2008.5000000000002 7 2015.5000000000002 8 434.37500000000006 9 10 1.0000000180025095e-35 3.5000000000000004 3.5000000000000004 60.310000000000009 996.00450000000001 11 12 2006.5000000000002 2017.5000000000002 2012.5000000000002 2008.5000000000002 309.50000000000006 13 1.0000000180025095e-35 2.5000000000000004 14 4.5000000000000009 15 5.5000000000000009 2462.6300000000006 16 404.57428571428574 6.0050000000000008 3.8350000000000004 17 1.0000000180025095e-35 4.5000000000000009 18 19 896.35400000000016 104.40500000000002 20 2011.5000000000002 2.5000000000000004 1.0000000180025095e-35 21.350000000000005 21.250000000000004 424.49050000000005 1.5000000000000002 21 2015.5000000000002 52.010000000000012 312.99500000000006
decision_type=1 2 2 1 9 9 2 2 9 2 1 1 2 1 2 1 2 9 9 2 2 2 2 2 9 1 2 2 2 2 2 9 2 2 1 2 9 2 2 9 2 2 2 9 2 2 9 1 2 2 9 2 2 2 2 2 2 2 9 2 2 2
left_child=1 13 12 14 21 6 7 41 9 -9 11 43 -2 31 -3 -12 17 20 19 -18 29 50 23 -23 25 26 -19 34 -6 32 -25 -1 -15 -34 -24 38 37 59 -36 -30 -28 -4 -8 -7 -43 58 47 -47 -49 -31 51 52 53 54 -5 -54 -55 -58 -20 -37 -16 -57
right_child=2 3 5 4 28 10 42 8 -10 -11 15 -13 -14 16 60 -17 18 24 45 -21 -22 22 27 30 -26 -27 40 -29 39 49 -32 -33 33 -35 35 36 -38 -39 -40 -41 -42 44 -44 -45 -46 46 -48 48 -50 -51 -52 -53 55 56 -56 61 57 -59 -60 -61 -62 -63
leaf_value=10.45418573201421 -2.0101878869023735 6.0213689903973044 3.9307967855121215 12.936831418205712 1.2367241433961496 2.2515673763192505 3.2859329281644252 31.780589097738268 -0.61863947912734729 11.286416530195405 0.80638556014697205 -0.50825467239749622 -1.1316556161715334 23.820264340450269 11.456090234451089 -0.91204539414457386 23.539676464305206 3.8176747784018517 2.4345896462701839 -10.618552785516284 -11.046446948183908 5.5910152699584428 2.955799322878836 14.997505198449506 -0.22447023073712163 -0.12982963494521982 41.051877947776546 8.5410976105456733 2.0115515260533434 50.065638714301883 50.780675208050269 1.8707707793632833 -10.569269987669859 21.43527166757239 -0.71811104837941941 -29.34148562287772 1.7086856620578932 10.885466559727988 16.335568473002187 3.9105420910689781 13.808224163236828 -2.0419677869221267 -5.6636108998915384 0.6919470427531984 1.9067999213307971 1.088730826137551 -0.098948323985932785 -31.253161365014535 -13.155855639493566 19.822256245484226 6.0182447657168145 6.5445497248965125 18.683262107922481 12.753496321712632 49.360217679133186 72.244104932702101 -19.953032270272573 6.3891924869867021 -0.71452324237664655 -12.450502480736262 8.0523276365039731 40.649784596761066
leaf_weight=322 129045 14157 4043 51 11269 11486 318 272 556 425 13328 24480 92681 202 1709 75203 34 901 1906 598 45 1933 921 147 14415 1739 31 417 10278 41 23 13288 99 166 517 186 222 48 92 16233 414 1491 1034 24334 5442 194 2013 162 236 37 6860 1326 52 83 61 23 60 81 10046 79 6448 45
leaf_count=322 129045 14157 4043 51 11269 11486 318 272 556 425 13328 24480 92681 202 1709 75203 34 901 1906 598 45 1933 921 147 14415 1739 31 417 10278 41 23 13288 99 166 517 186 222 48 92 16233 414 1491 1034 24334 5442 194 2013 162 236 37 6860 1326 52 83 61 23 60 81 10046 79 6448 45
internal_value=-0.0041679 2.97989 -0.938034 4.49439 3.38689 0.0242815 2.31801 2.96961 10.4476 19.0114 -0.185167 0.502183 -1.64296 0.612272 7.02134 -0.653354 0.0108299 0.916335 -1.06761 -8.64415 16.021 5.63862 3.51209 6.74276 0.397709 3.29624 7.69096 0.774741 2.59726 18.5499 19.8388 2.08137 15.6822 9.47886 -0.793574 -3.80466 -10.3218 -18.3239 1.85814 3.17656 15.7061 2.11593 -3.55861 1.19254 1.05758 -0.732233 -3.12701 -13.1988 -20.0191 35.7194 6.77337 9.59269 18.6667 12.0525 32.7746 37.1865 1.69144 -4.82026 -0.210891 -24.3061 8.76546 51.3361
internal_weight=504348 120210 384138 73321 51007 162412 13581 12229 1253 697 148831 60300 221726 46889 22314 88531 33279 18090 15189 632 590 13227 4585 2103 17500 3085 1346 2482 37780 545 170 13610 467 265 2065 1144 535 313 609 26511 445 10976 1352 35820 6933 14557 2605 592 398 78 8642 1782 456 336 112 120 224 141 11952 265 8157 68
internal_count=504348 120210 384138 73321 51007 162412 13581 12229 1253 697 148831 60300 221726 46889 22314 88531 33279 18090 15189 632 590 13227 4585 2103 17500 3085 1346 2482 37780 545 170 13610 467 265 2065 1144 535 313 609 26511 445 10976 1352 35820 6933 14557 2605 592 398 78 8642 1782 456 336 112 120 224 141 11952 265 8157 68
cat_boundaries=0 1 2 3 4 5 6 7 8 9 10 11 12 13 14 15 16 18 20 21 22 23 24
cat_threshold=49 1 477186 539639828 16384 1 196 1 128 16384 16384 73728 16 4096 32 65536 3763339280 1 5512200 1 73728 32 18432 65536
is_linear=0
shrinkage=0.05


Tree=63
num_leaves=63
num_cat=11
split_feature=20 20 20 20 3 20 3 0 0 17 14 3 3 3 20 10 4 7 0 10 3 14 16 9 10 0 3 3 0 10 0 19 0 3 20 0 3 4 12 7 6 20 0 4 7 7 17 0 0 15 10 10 7 3 7 3 4 19 12 4 7 10
split_gain=6.5585e+08 1.20462e+08 9.93158e+07 2.12863e+07 2.04817e+07 2.03019e+07 1.09789e+07 8.15394e+06 7.98159e+06 1.27586e+07 7.8174e+06 6.92491e+06 6.63622e+06 6.58519e+06 5.95156e+06 5.85445e+06 7.36763e+06 5.42114e+06 6.4817e+06 5.78955e+06 5.70545e+06 7.0658e+06 5.69194e+06 5.619e+06 5.11046e+06 8.43778e+06 5.61793e+06 4.95724e+06 6.41194e+06 4.73245e+06 1.15071e+07 5.86195e+06 1.25744e+07 5.08777e+06 4.62567e+06 4.9302e+06 8.2995e+06 4.45784e+06 5.28241e+06 4.43151e+06 4.42279e+06 4.18366e+06 4.06665e+06 4.60065e+06 5.4155e+06 4.35868e+06 4.15419e+06 8.4315e+06 4.02948e+06 4.02184e+06 4.24993e+06 1.76708e+07 1.12712e+07 4.01898e+06 4.0141e+06 3.99245e+06 3.98851e+06 4.24856e+06 5.1626e+06 3.91185e+06 3.97562e+06 6.4381e+06
threshold=1994.9435098110962 3676.7253487126823 924.27976309881115 2668.9288511288119 1400.0005632980058 4501.1082227991183 548.78608213214432 0 1 680.68500000000017 27.850000000000005 2819.4827892043118 1629.2412929626068 5833.4745046068419 5229.0057692225555 4.5000000000000009 20.005000000000006 2009.5000000000002 2 1.0000000180025095e-35 1995.9682429870286 27.450000000000003 0.8500000000000002 19.500000000000004 5.5000000000000009 3 458.43877678739381 3104.7188819842099 4 1.0000000180025095e-35 5 367.44116666666673 6 2066.3076879164314 1593.583093678832 7 2336.9791367048933 283.36500000000007 7.5000000000000009 2012.5000000000002 2.5000000000000004 1487.4744450395804 8 2.4750000000000005 2007.5000000000002 2012.5000000000002 4.5150000000000006 9 10 9.6500000000000004 5.5000000000000009 4.5000000000000009 2014.5000000000002 1122.4364588355031 2011.5000000000002 4782.7513255980266 0.70500000000000018 3.1291666666666673 17.500000000000004 14.405000000000003 2014.5000000000002 2.5000000000000004
decision_type=2 2 2 2 2 2 2 9 9 2 2 2 2 2 2 2 2 2 9 2 2 2 2 2 2 9 2 2 9 2 9 2 9 2 2 9 2 2 2 2 2 2 9 2 2 2 2 9 9 2 2 2 2 2 2 2 2 2 2 2 2 2
left_child=2 3 6 -2 8 17 -1 49 9 15 -11 -8 -9 27 -14 59 -17 23 19 -19 21 -20 -23 40 26 41 -10 42 56 30 31 -6 -33 -34 35 36 -31 38 -12 -18 -3 -26 43 45 -45 -5 47 -46 -22 -7 51 -51 -53 -28 -16 -30 57 -29 -59 60 -4 -62
right_child=1 5 4 13 29 7 11 12 24 10 37 -13 14 -15 54 16 39 18 20 -21 48 22 -24 -25 25 -27 53 28 55 34 -32 32 33 -35 -36 -37 -38 -39 -40 -41 -42 -43 -44 44 46 -47 -48 -49 -50 50 -52 52 -54 -55 -56 -57 -58 58 -60 -61 61 -63
leaf_value=-2.2725460112235409 1.6531972262382706 -14.313655774346714 1.0212335189413346 3.223173985223398 1.488033192539058 -11.59942195415497 -1.4954024038299438 -19.093232472240924 -11.124694362915012 32.307247478205987 -5.54235237121582 26.559390345486733 7.2608457601133569 -20.960570539746968 13.350631881497421 0.70333842861820273 9.8485352238019317 -18.117669302225114 -5.0680270159686058 0.73825413566916742 7.8810750543946826 37.690140290260317 10.285390938652888 -11.597213268280029 1.8345757742213977 -0.44475777308900749 -1.1404740970890468 3.8557613206761228 3.3698931249764996 -1.329879623614846 0.5046404365270124 21.992342465402736 2.9864322730703594 9.4642284449525356 0.59363451436807468 -0.0056817665488988348 -10.691089079723284 -2.1165652054197648 17.857795685868922 30.476327944910807 7.166527678655541 7.4906513203616427 1.9922992557374162 -5.3300709687648933 -4.723881917200762 9.3138597328258381 3.5785055112931463 6.5714942102837117 4.8614707836790094 6.4283417903694646 10.716560837182593 -13.743447491446918 3.2312129481245835 -0.51141857526092349 9.1237645788059023 19.817006026087583 5.3452168151388246 30.298141454656918 11.090431455678718 -0.63586013009881448 2.6061386431319806 19.481251885674219
leaf_weight=73208 45638 29 562 564 1213 34 115615 22 132 41 30 22 5173 28 666 142 66 48 27 268 1248 40 36 99 2699 11135 47326 112 13354 3008 10582 107 1076 422 39471 26896 257 68 123 43 138 372 9352 188 429 613 7775 255 15177 2970 376 187 205 54782 3586 37 3222 48 129 2631 158 88
leaf_count=73208 45638 29 562 564 1213 34 115615 22 132 41 30 22 5173 28 666 142 66 48 27 268 1248 40 36 99 2699 11135 47326 112 13354 3008 10582 107 1076 422 39471 26896 257 68 123 43 138 372 9352 188 429 613 7775 255 15177 2970 376 187 205 54782 3586 37 3222 48 129 2631 158 88
internal_value=-0.00392679 3.36935 -0.967672 2.37086 -0.201142 6.06053 -1.7934 7.53228 -0.61778 1.5897 12.2554 -1.49006 8.32713 3.27798 8.39997 0.836711 8.2086 4.92347 5.03531 -2.06072 5.1691 16.9033 24.7089 -2.15879 -0.692775 0.195778 -0.816305 3.29679 3.92107 0.402991 1.26347 4.09667 6.09371 4.77938 0.237399 -0.228798 -2.06042 8.53535 13.2695 17.9861 3.43644 2.51154 2.74654 3.45899 3.06332 6.3953 3.24986 -0.485875 5.09866 5.50492 5.67522 5.11141 -4.86639 -0.802979 9.78583 3.41279 5.83332 11.4769 16.2993 0.298664 3.34165 8.64276
internal_weight=504348 112073 392275 81744 203430 30329 188845 13219 120398 3952 262 115637 9447 36106 9425 3690 251 17110 16844 316 16528 103 76 266 116446 14206 102240 36078 16902 83032 13400 2818 1605 1498 69632 30161 3265 221 153 109 167 3071 19176 9824 8647 1177 8459 684 16425 3772 3738 3362 392 102108 4252 13391 3511 289 177 3439 808 246
internal_count=504348 112073 392275 81744 203430 30329 188845 13219 120398 3952 262 115637 9447 36106 9425 3690 251 17110 16844 316 16528 103 76 266 116446 14206 102240 36078 16902 83032 13400 2818 1605 1498 69632 30161 3265 221 153 109 167 3071 19176 9824 8647 1177 8459 684 16425 3772 3738 3362 392 102108 4252 13391 3511 289 177 3439 808 246
cat_boundaries=0 1 2 3 4 5 6 7 8 9 10 12
cat_threshold=2824684618 10764288 537133088 73984 1215318070 352256 16384 10772480 1908228364 536887308 136971280 1
is_linear=0
shrinkage=0.05


Tree=64
num_leaves=63
num_cat=17
split_feature=3 3 20 3 20 20 3 1 0 0 20 20 0 3 19 0 7 10 14 10 0 1 1 17 3 0 3 1 10 19 3 19 7 12 14 6 3 0 1 10 10 10 10 10 10 0 10 7 7 3 20 17 19 1 0 10 7 19 2 3 0 10
split_gain=5.92838e+08 1.24851e+08 7.7293e+07 2.6159e+07 1.88734e+07 1.69552e+07 9.15491e+06 9.12849e+06 9.94323e+06 6.54319e+06 1.36638e+07 1.18413e+07 1.24337e+07 7.46128e+06 8.01822e+06 8.14192e+06 7.321e+06 6.54171e+06 6.43671e+06 6.26349e+06 1.77144e+07 7.75757e+06 6.19217e+06 6.01851e+06 5.93696e+06 5.76515e+06 5.7001e+06 7.79003e+06 1.07197e+07 9.40672e+06 8.99587e+06 7.52909e+06 6.76352e+06 5.84982e+06 7.48798e+06 5.7807e+06 5.58416e+06 5.56583e+06 1.96664e+07 9.95518e+06 1.23911e+07 1.56308e+07 6.78355e+06 2.52344e+07 5.25959e+06 1.52498e+07 6.92721e+06 5.08363e+06 5.00234e+06 4.89267e+06 5.10652e+06 4.86077e+06 1.20756e+07 4.69762e+06 1.78373e+07 6.38062e+06 4.56727e+06 8.91077e+06 1.57314e+07 4.47371e+06 4.31658e+06 5.30077e+06
threshold=2301.3822729599801 1236.2993020873353 4269.790630326007 700.00275733450997 3209.0769230769233 1838.8550135501357 5470.869381340538 0 1 2 1644.5808232931729 1994.9435098110962 3 3487.2195577335215 1520.7180000000008 4 2017.5000000000002 4.5000000000000009 26.650000000000002 5.5000000000000009 5 6 7 104.89500000000002 3828.1534090909095 8 3530.0651334834361 9 4.5000000000000009 1061.4945000000005 3904.2033643443924 440.56816666666674 2013.5000000000002 18.500000000000004 30.550000000000004 12.500000000000002 3158.1210901774289 10 11 3.5000000000000004 2.5000000000000004 1.0000000180025095e-35 4.5000000000000009 5.5000000000000009 4.5000000000000009 12 5.5000000000000009 2013.5000000000002 2015.5000000000002 400.00883392226154 1185.3432967362521 1720.3200000000002 1039.7378333333334 13 14 1.0000000180025095e-35 2008.5000000000002 367.44116666666673 15 1175.5944602640436 16 4.5000000000000009
decision_type=2 2 2 2 2 2 2 1 9 9 2 2 9 2 2 9 2 2 2 2 9 1 1 2 2 9 2 1 2 2 2 2 2 2 2 2 2 9 1 2 2 2 2 2 2 9 2 2 2 2 2 2 2 1 9 2 2 2 1 2 9 2
left_child=1 3 4 49 7 37 25 8 36 11 17 12 -9 47 15 -15 48 18 -11 60 21 51 24 -16 -6 26 33 -28 29 31 -31 35 -30 34 -4 -29 -2 38 39 40 41 -3 -40 -44 -10 -46 -47 -12 -17 50 -1 52 -21 54 55 -5 57 -24 -59 -57 -7 -62
right_child=2 5 6 53 22 19 -8 9 44 10 13 -13 -14 14 23 16 -18 -19 -20 20 -22 -23 56 -25 -26 -27 27 28 32 30 -32 -33 -34 -35 -36 -37 -38 -39 42 -41 -42 -43 43 -45 45 46 -48 -49 -50 -51 -52 -53 -54 -55 -56 59 -58 58 -60 -61 61 -63
leaf_value=-2.4709276539463332 -6.0258342459008052 18.623342401400592 1.2914695626213437 17.760533957834596 -0.85333856189405766 1.7361758899802606 9.1161674640645156 -8.70877444837563 1.7926875235668573 -4.2652316353530768 2.0347029354163326 2.2129139207738193 2.6923476280282008 0.86185580733893574 24.506121203968828 7.7888349983635852 -9.9880305871730908 -3.5760071600476899 19.286380547049149 8.5875559676904238 1.0580934959055894 5.0963392894119188 3.3120548548963336 6.5312684165730195 -27.07365030924479 6.7787042338026566 5.2572976223333123 2.2816004305814221 -21.297428180097228 38.791954402923587 4.4638981548430534 -31.446507115023479 1.5933363423347473 6.8363234289649402 38.324236483451649 -21.233133679277756 -26.207235443897737 -0.03793866459097156 -0.31679842532822144 -5.6090060033915954 24.242319077248936 -3.7593970683952556 15.893513454045152 -5.6329116515901561 -16.286449610756105 7.6223302708501413 -4.0240147738818095 3.6252194989604991 19.054348881052146 -1.7696513822905329 -22.454696393013002 7.8430530666030025 31.842489252186784 -1.0506927096877803 -0.48449939482100018 9.5245498239398003 4.2162547225818541 -55.189604873657231 -2.7206734924316409 0.12504589391625637 0.89896615428548599 -1.234102335125832
leaf_weight=31585 283 156 21 135 77 13166 3450 513 2811 33 10101 16519 437 542 103 254 41 48 240 128 3665 934 180 85 30 10484 1939 113 91 20 417 28 50 147 39 34 39 98587 3441 81 169 156 287 259 156 230 287 9995 161 91489 32 187 99 136552 10935 300 25757 20 50 219 22618 3343
leaf_count=31585 283 156 21 135 77 13166 3450 513 2811 33 10101 16519 437 542 103 254 41 48 240 128 3665 934 180 85 30 10484 1939 113 91 20 417 28 50 147 39 34 39 98587 3441 81 169 156 287 259 156 230 287 9995 161 91489 32 187 99 136552 10935 300 25757 20 50 219 22618 3343
internal_value=-0.00369215 -0.779975 3.78183 -1.41632 3.04066 0.392012 6.81958 2.39529 0.0541259 2.62265 3.20615 1.89965 -3.52759 3.0532 6.90695 5.12259 9.9498 13.4465 16.4395 1.21207 2.87606 7.75347 4.10035 16.3792 -7.50356 6.22754 4.19644 3.59612 -0.741445 2.11222 6.03498 -7.68347 -13.1801 12.2063 25.3628 -3.15718 -8.21504 0.0410445 1.74903 10.422 13.3383 7.43197 0.50348 5.68226 0.839707 -3.12824 1.13519 2.82577 12.1593 -1.95495 -2.49115 13.4865 18.7296 -0.968706 -0.00176082 7.95545 4.14938 -2.57462 -17.7118 5.55829 0.998877 0.62405
internal_weight=504348 418523 85825 271247 68992 147276 16833 42878 3806 39072 21603 17469 950 21282 1186 998 456 321 273 44140 5013 1348 26114 188 107 13383 2899 2692 753 612 437 175 141 207 60 147 322 103136 4549 562 481 312 3987 546 3484 673 517 20096 415 123106 31617 414 227 148141 11589 654 26007 250 70 519 39127 25961
internal_count=504348 418523 85825 271247 68992 147276 16833 42878 3806 39072 21603 17469 950 21282 1186 998 456 321 273 44140 5013 1348 26114 188 107 13383 2899 2692 753 612 437 175 141 207 60 147 322 103136 4549 562 481 312 3987 546 3484 673 517 20096 415 123106 31617 414 227 148141 11589 654 26007 250 70 519 39127 25961
cat_boundaries=0 1 2 4 5 6 7 8 9 10 11 12 13 14 15 16 17 18
cat_threshold=138 52695364 3267525648 1 2181054464 808517960 73984 16 128 2685211718 37 278532 16 73728 17 1130496 1 2697609246
is_linear=0
shrinkage=0.05


Tree=65
num_leaves=63
num_cat=16
split_feature=20 20 20 20 20 20 20 1 0 20 18 1 12 0 4 10 0 10 4 20 18 18 14 18 19 4 20 18 0 14 4 18 10 1 4 13 1 0 17 19 19 20 15 0 17 18 4 0 4 0 10 13 15 21 4 18 0 0 1 4 17 0
split_gain=5.33732e+08 1.13234e+08 7.10404e+07 2.60219e+07 1.20393e+07 1.0533e+07 9.34467e+06 7.331e+06 8.8095e+06 7.008e+06 6.48544e+06 5.85854e+06 5.6859e+06 5.12154e+06 5.81666e+06 5.81657e+06 5.27163e+06 4.59572e+06 1.25301e+07 6.14107e+06 4.93715e+06 4.44131e+06 4.37762e+06 8.30412e+06 4.26438e+06 1.08154e+07 4.26395e+06 4.04029e+06 4.03203e+06 3.78643e+06 3.77689e+06 5.43537e+06 3.72975e+06 1.52359e+07 2.91995e+07 1.07157e+07 6.46923e+06 5.06895e+06 5.29661e+06 4.19688e+06 3.81411e+06 3.49386e+06 3.44677e+06 3.45142e+06 3.4134e+06 8.6526e+06 5.6517e+06 3.36017e+06 3.26523e+06 3.25483e+06 4.91707e+06 3.24245e+06 3.25867e+06 3.15733e+06 3.14447e+06 7.18592e+06 2.19945e+07 4.88795e+06 4.43755e+06 4.319e+06 4.21096e+06 4.10367e+06
threshold=1872.4046726614349 3209.0769230769233 924.27976309881115 4383.0987632676979 1319.0048626859241 2505.4020647934699 566.92012912765767 0 1 5846.5037224942653 4175.8078571428605 2 3.5000000000000004 3 25.705000000000005 1.0000000180025095e-35 4 4.5000000000000009 265.80500000000006 4990.3547654076292 1713.3714285714289 2.857142857142859 33.050000000000004 17.27142857142859 996.00450000000001 7.1050000000000013 5846.5037224942653 839.00428571428586 5 29.750000000000004 1.2050000000000003 1.9000000000000004 4.5000000000000009 6 509.12500000000006 120.50000000000001 7 8 74.810000000000016 660.12233333333347 3494.5803333333338 4792.6836324509404 20.850000000000005 9 1768.7200000000003 1812.1007142857143 142.09500000000006 10 2837.1400000000003 11 5.5000000000000009 335.50000000000006 12.750000000000002 1.5000000000000002 461.02500000000003 538.63071428571413 12 13 14 249.02500000000006 528.04500000000007 15
decision_type=2 2 2 2 2 2 2 1 9 2 2 1 2 9 2 2 9 2 2 2 2 2 2 2 2 2 2 2 9 2 2 2 2 1 2 2 1 9 2 2 2 2 2 9 2 2 2 9 2 9 2 2 2 2 2 2 9 9 1 2 2 9
left_child=2 5 6 11 -4 -2 -1 9 10 -5 17 21 -11 15 16 30 24 47 20 -20 -19 -3 26 -24 29 -26 53 -17 44 -15 31 -13 -16 34 37 39 -35 38 -34 -36 -37 -22 51 -44 45 -7 -47 -9 -42 50 -38 -14 -53 -10 55 -6 59 58 60 -57 -58 -56
right_child=1 3 4 7 54 28 -8 8 22 12 -12 13 42 14 32 27 -18 18 19 -21 41 -23 23 -25 25 -27 -28 -29 -30 -31 -32 -33 33 36 35 40 49 -39 -40 -41 48 -43 43 -45 -46 46 -48 -49 -50 -51 -52 52 -54 -55 61 56 57 -59 -60 -61 -62 -63
leaf_value=-2.0394376876153046 1.2851762374708453 4.0410256164515905 -0.62913253635412358 6.5388844681423395 0.21812532487316891 1.330260618965089 -1.327221631558003 8.9479283845640101 -1.7636107309936957 31.577512672742213 -11.82503499808135 3.0440221633911135 12.966908388814716 4.0012565566963625 4.1873679753085105 4.1119797167244441 5.1060587282835899 2.5196911707674108 -6.3375447120666513 -33.778606683867324 8.0615609376326844 -7.4310926214011035 29.888849097031812 -9.0257458723824602 47.263305652714699 4.4242541761959302 -23.227439406514168 -2.8665158092011165 2.7592510862406456 12.545636151000565 -1.8707649096369321 -26.675452303886416 -26.142736573652787 8.2314923303077627 -13.436999609470369 -16.816095446758059 -5.1863625954949502 6.8836242121678808 -0.40115820885798253 -40.058117110478257 15.166366131305693 35.064399039745332 11.222043004293521 4.4574481299299213 -1.7338564478726401 28.670336996542446 7.6281502481549985 3.5987582273297498 -8.5438354618144494 3.5435932947737379 7.6496039377955292 10.057083883040992 -13.359443751970927 -17.887883604424342 -1.8598788489561575 21.841743856771835 14.669916852107761 0.55370723573445835 1.4822479214625124 -0.014644744763007532 4.9547622432998946 -0.026914547313093552
leaf_weight=79801 51198 147 101903 11597 49626 5300 108911 820 229 30 54 25 718 225 16651 1151 5004 97 75 28 23 198 26 29 26 34 32 253 23924 306 281 40 22 710 20 109 264 314 218 57 20 25 351 504 792 37 232 529 53 2254 104 39 24 35 3389 173 152 3621 729 26 419 30061
leaf_count=79801 51198 147 101903 11597 49626 5300 108911 820 229 30 54 25 718 225 16651 1151 5004 97 75 28 23 198 26 29 26 34 32 253 23924 306 281 40 22 710 20 109 264 314 218 57 20 25 351 504 792 37 232 529 53 2254 104 39 24 35 3389 173 152 3621 729 26 419 30061
internal_value=-0.00566194 2.82408 -0.941169 4.87589 -0.258954 1.7224 -1.6284 6.54165 3.65578 6.96925 5.1856 3.98325 10.0069 4.06181 4.2367 1.41537 5.6694 5.79326 -0.462423 -13.7973 9.0099 -2.47134 -3.48437 9.37024 10.1806 22.9878 -5.99061 2.85446 2.46154 8.92514 -4.38324 -15.2449 3.85328 2.5112 -3.60486 -17.5077 4.00231 2.82979 -2.65037 -33.1435 -10.8926 22.1255 9.61132 7.41788 1.33538 1.77427 10.5224 6.9433 -2.04789 2.83019 -1.51757 12.0126 1.1365 -3.9013 0.168756 0.402124 2.18555 1.5031 4.12309 18.0777 7.41114 -0.213186
internal_weight=504045 125234 378811 43751 190099 81483 188712 15265 2002 13263 1651 28486 1666 28141 26391 1750 5595 1597 248 103 145 345 351 55 591 60 296 1404 30285 531 346 65 20796 4145 813 259 3332 554 240 77 182 48 1636 855 6361 5569 269 1349 73 2622 368 781 63 264 88196 54746 5120 4921 1300 199 571 33450
internal_count=504045 125234 378811 43751 190099 81483 188712 15265 2002 13263 1651 28486 1666 28141 26391 1750 5595 1597 248 103 145 345 351 55 591 60 296 1404 30285 531 346 65 20796 4145 813 259 3332 554 240 77 182 48 1636 855 6361 5569 269 1349 73 2622 368 781 63 264 88196 54746 5120 4921 1300 199 571 33450
cat_boundaries=0 1 3 4 5 7 8 9 10 11 12 13 14 15 16 17 18
cat_threshold=33 1081821960 1 138 2147747976 134283268 1 2160081936 16 68 65792 33624576 67584 258 16384 73728 88 134242304
is_linear=0
shrinkage=0.05


Tree=66
num_leaves=63
num_cat=7
split_feature=20 20 20 20 20 20 20 1 20 17 10 4 19 20 18 1 12 18 4 1 10 13 7 10 6 9 9 4 18 19 1 7 17 1 15 7 18 7 7 19 17 18 17 18 4 7 19 4 7 17 12 15 7 7 4 1 4 18 1 10 7 10
split_gain=4.81752e+08 1.02247e+08 6.41985e+07 2.20344e+07 1.22284e+07 1.08888e+07 7.34885e+06 6.60502e+06 6.3428e+06 5.73473e+06 6.39773e+06 9.93512e+06 5.81649e+06 5.57026e+06 5.23055e+06 5.21475e+06 5.12917e+06 3.91973e+06 3.90192e+06 7.80351e+06 2.60291e+07 6.49532e+06 6.74231e+06 5.38483e+06 5.33731e+06 4.854e+06 1.08534e+07 6.24629e+06 4.01914e+06 3.91261e+06 3.83496e+06 8.2082e+06 9.4587e+06 3.7259e+06 4.16634e+06 3.63222e+06 4.41419e+06 3.59682e+06 4.7175e+06 3.66591e+06 4.52654e+06 3.65761e+06 3.58437e+06 6.05247e+06 7.42518e+06 3.81578e+06 3.39237e+06 3.42808e+06 4.72834e+06 4.09602e+06 8.28785e+06 3.38629e+06 3.39581e+06 3.33201e+06 3.28407e+06 3.16871e+06 4.31993e+06 1.15986e+07 1.21596e+07 6.06367e+06 4.1678e+06 6.39487e+06
threshold=1872.4046726614349 3271.8972491814698 888.76539094683324 4383.0987632676979 1310.0072150072153 2589.2934923515691 513.84097884662287 0 5846.5037224942653 5.0050000000000008 4.5000000000000009 361.2000000000001 3.7213333333333338 4990.3547654076292 4175.8078571428605 1 3.5000000000000004 2.857142857142859 590.73000000000013 2 4.5000000000000009 116.50000000000001 2014.5000000000002 3.5000000000000004 1.5000000000000002 15.500000000000002 6.5000000000000009 2837.1400000000003 1251.6071428571474 806.63666666666677 3 2013.5000000000002 33.955000000000005 4 26.650000000000002 2016.5000000000002 0.43857142857142833 2009.5000000000002 2013.5000000000002 673.12800000000004 3740.0050000000006 2484.5571428571434 996.71500000000015 1713.3714285714289 159.23000000000005 2018.5000000000002 699.8325000000001 7.1050000000000013 2014.5000000000002 416.03000000000003 34.500000000000007 27.050000000000004 2007.5000000000002 2009.5000000000002 1301.3600000000004 5 174.41000000000005 444.74000000000007 6 1.0000000180025095e-35 2007.5000000000002 4.5000000000000009
decision_type=2 2 2 2 2 2 2 1 2 2 2 2 2 2 2 1 2 2 2 1 2 2 2 2 2 2 2 2 2 2 1 2 2 1 2 2 2 2 2 2 2 2 2 2 2 2 2 2 2 2 2 2 2 2 2 1 2 2 1 2 2 2
left_child=2 5 6 15 -4 30 -1 8 35 12 14 -12 -9 -13 51 17 -10 -3 46 20 23 28 -23 24 54 26 -25 -28 -22 -27 31 -2 -33 34 -7 -5 -37 -26 39 -39 -41 -40 43 -34 -45 -46 -17 48 49 50 -48 52 -11 -32 -20 -6 57 -57 59 -59 61 -58
right_child=1 3 4 7 55 33 -8 9 16 10 11 13 -14 -15 -16 18 -18 -19 19 -21 21 22 -24 25 37 29 27 -29 -30 -31 53 32 42 -35 -36 36 -38 38 41 40 -42 -43 -44 44 45 -47 47 -49 -50 -51 -52 -53 -54 -55 -56 56 60 58 -60 -61 -62 -63
leaf_value=-2.0143916457324136 1.1804101010038672 3.845615034248993 -0.63307489115461713 5.4392730289412308 -0.19746440474915236 0.51956077533067535 -1.3446826482788101 3.214195613996357 29.998636936346692 -12.090416742407758 4.5508865934022715 -7.5705195182977718 -12.048884548193643 -33.603016069200308 -11.640933844519825 4.086432795870885 9.1355496590688343 -7.5772556185045019 2.8589083810647331 3.7995010242778893 -9.4681906986236566 -22.774932336095556 -3.2496070449168872 6.1186824809282259 -6.1339694382594185 -10.7153790473938 -5.6219997147344198 -29.178281806310022 -36.406611811319991 6.6773015146941148 -1.2587582447688304 8.9289387102312254 3.1573436857914374 2.6072726168691767 -17.69613484889269 28.182876035690313 7.1203690901921037 -3.8024853809459795 -1.0919381254770624 16.503882943921621 1.8733416720799039 6.3746249170535396 1.5195118821088842 33.665372952073817 6.0796588142827366 28.903629722595213 13.335767044126989 5.513879828878248 3.747702246242099 10.953113059409255 54.365877685546877 -6.4282704742587349 7.2897306634770089 0.98555321555079667 -14.137447305520377 0.57420995050238821 -0.63651810235714157 21.542889167240688 1.9653232418539888 8.3165541302472832 0.28139940609526348 -6.1385857300158087
leaf_weight=63658 20687 131 110093 6580 37693 1649 114895 141 30 23 213 86 112 27 41 14028 1636 176 54 7976 20 67 130 78 65 41 53 60 45 153 1768 647 2451 26843 32 25 4992 37 254 216 70 463 3503 32 217 20 32 2114 99 77 20 49 1310 25601 60 19563 4462 105 1415 496 25832 599
leaf_count=63658 20687 131 110093 6580 37693 1649 114895 141 30 23 213 86 112 27 41 14028 1636 176 54 7976 20 67 130 78 65 41 53 60 45 153 1768 647 2451 26843 32 25 4992 37 254 216 70 463 3503 32 217 20 32 2114 99 77 20 49 1310 25601 60 19563 4462 105 1415 496 25832 599
internal_value=-0.00532438 2.6831 -0.89411 4.70212 -0.279486 1.67216 -1.58345 6.21549 6.62138 3.47611 4.51126 -1.80677 -3.54258 -13.7907 5.95868 3.83099 9.51124 -2.61773 3.90602 3.12076 0.198116 -14.4123 -9.8902 2.58585 4.21395 -2.56911 -8.22725 -18.1298 -28.1179 3.00153 1.26057 1.67709 3.17513 2.46472 0.17178 6.21194 7.22532 5.27663 5.98979 11.0071 12.923 3.72957 2.57692 3.93871 11.0582 8.00573 4.38053 6.14211 11.967 18.2748 29.1166 6.48081 6.95534 0.840267 -6.08654 0.152252 0.40343 0.946331 4.55734 10.4534 0.0243406 -1.28772
internal_weight=504045 125234 378811 41784 200258 83450 178553 15265 13263 2002 1749 326 253 113 1423 26519 1666 307 26212 9842 1866 262 197 1604 1219 385 191 113 65 194 54926 27557 6870 28524 1681 11597 5017 1105 1040 323 286 717 6223 2720 269 237 16370 2342 228 129 52 1382 1333 27369 114 90165 52472 21579 2016 601 30893 5061
internal_count=504045 125234 378811 41784 200258 83450 178553 15265 13263 2002 1749 326 253 113 1423 26519 1666 307 26212 9842 1866 262 197 1604 1219 385 191 113 65 194 54926 27557 6870 28524 1681 11597 5017 1105 1040 323 286 717 6223 2720 269 237 16370 2342 228 129 52 1382 1333 27369 114 90165 52472 21579 2016 601 30893 5061
cat_boundaries=0 1 2 3 4 5 6 7
cat_threshold=33 138 16 49 138 14 16
is_linear=0
shrinkage=0.05


Tree=67
num_leaves=63
num_cat=11
split_feature=20 20 3 20 20 3 0 3 10 0 1 0 3 20 3 4 20 18 3 0 1 17 18 18 7 4 0 3 14 4 10 7 17 12 4 7 14 10 0 1 7 10 3 0 3 12 14 18 20 4 4 1 10 3 10 6 18 10 18 4 7 18
split_gain=4.34787e+08 9.23995e+07 5.89628e+07 2.11651e+07 1.09088e+07 8.76896e+06 7.41174e+06 6.90279e+06 6.09064e+06 1.04815e+07 5.96103e+06 7.72312e+06 6.08698e+06 6.25933e+06 5.81508e+06 7.89365e+06 5.6574e+06 5.41528e+06 5.28369e+06 5.00142e+06 4.78138e+06 4.72333e+06 9.26002e+06 4.58932e+06 4.50114e+06 5.93102e+06 4.49852e+06 5.46076e+06 7.1107e+06 7.06845e+06 5.26953e+06 5.94885e+06 9.97405e+06 5.23091e+06 4.57521e+06 5.17126e+06 5.83474e+06 4.36884e+06 1.3673e+07 1.18582e+07 7.35177e+06 4.35546e+06 6.84329e+06 4.56943e+06 5.11207e+06 4.20493e+06 3.98356e+06 7.4389e+06 3.78264e+06 3.72739e+06 3.68724e+06 3.84363e+06 3.66536e+06 1.54503e+07 4.65149e+06 4.76885e+06 3.89009e+06 3.65894e+06 3.64328e+06 3.53175e+06 3.51024e+06 3.99661e+06
threshold=1872.4046726614349 3209.0769230769233 896.562377632672 4383.0987632676979 1279.5083922185424 2336.9791367048933 0 450.00537518813172 5.5000000000000009 1 2 3 2870.0713595857619 5846.5037224942653 4981.5572559041984 21.110000000000003 2400.0462534690109 4175.8078571428605 1371.1691601496093 4 5 2467.6650000000004 2646.1471428571435 3.8350000000000004 2015.5000000000002 1758.8800000000003 6 1955.8899174777825 26.550000000000004 96.015000000000015 1.0000000180025095e-35 2015.5000000000002 1.2050000000000003 40.500000000000007 0.70500000000000018 2008.5000000000002 31.550000000000004 4.5000000000000009 7 8 2007.5000000000002 1.0000000180025095e-35 1362.1472497883931 9 2002.3834457028536 3.5000000000000004 33.050000000000004 17.27142857142859 5846.5037224942653 2.0050000000000003 14.405000000000003 10 4.5000000000000009 4981.5572559041984 5.5000000000000009 2.5000000000000004 2143.5714285714294 3.5000000000000004 2.857142857142859 44.315000000000005 2016.5000000000002 0.43857142857142833
decision_type=2 2 2 2 2 2 9 2 2 9 1 9 2 2 2 2 2 2 2 9 1 2 2 2 2 2 9 2 2 2 2 2 2 2 2 2 2 2 9 1 2 2 2 9 2 2 2 2 2 2 2 1 2 2 2 2 2 2 2 2 2 2
left_child=2 5 7 20 41 8 21 -1 18 16 12 17 -5 60 15 -15 -10 52 23 -20 58 22 50 -2 -24 -26 30 28 -28 -30 31 -22 -33 -31 -29 36 -36 -21 39 40 -39 42 -4 44 -44 -16 48 -48 -13 -34 51 -7 -12 54 -54 -56 -57 -23 -3 -18 -14 -62
right_child=1 3 4 10 -6 6 -8 -9 9 -11 11 46 13 14 45 -17 59 -19 19 37 26 57 24 -25 25 -27 27 34 29 33 -32 32 49 -35 35 -37 -38 38 -40 -41 -42 -43 43 -45 -46 -47 47 -49 -50 -51 -52 -53 53 -55 55 56 -58 -59 -60 -61 61 -63
leaf_value=-2.0445408354485441 11.929456445445439 3.6647945220778588 -0.1748041711284854 30.464034329927888 0.12232755755507096 1.7223068763140152 2.4483771759126753 -1.3271196963104241 4.9320684847441409 1.2783197575808407 6.3169867803557347 -3.8042503627863797 5.0748111101543891 50.198992195129392 27.447075533044753 10.390574177828704 19.623523318461885 -10.809281931100069 1.8791819191653527 0.81899854402171202 2.4578828312322769 -0.16703805180217385 4.1087084902088034 -4.3837376051453614 34.368351197242738 10.320410575053488 -10.783598473866782 6.796252446991371 24.54908746276239 -2.4375355069599456 2.5592259811502789 -35.487837693185519 -20.760629234313967 25.882025978781964 -0.29129758265710648 3.6875671968921178 -22.389883519507745 -29.16760243829691 0.88156990451073125 -0.36584022459724258 -9.4862793580322613 -0.7602131359863995 4.2501514419669677 -0.30707734199607467 15.462561480473665 8.2338698883722472 28.301347539975094 -8.5302033424377441 -22.006976515054703 -0.98822834039556584 1.2000355166027115 -4.6693109085942295 -3.6399643138051037 -40.296300714666195 -9.0964412530263257 7.6954533715681599 29.018818086896626 -7.0525642079509767 -6.7256575108778591 8.0834623900893465 26.773732329130173 6.7321486500609629
leaf_weight=44543 46 147 14527 26 97414 389 30917 135593 1005 3335 1349 264 6564 20 29 33 117 54 10033 23320 167 493 221 687 32 129 30 1191 99 63 1404 33 30 22 155 24794 37 53 2544 486 453 85384 734 498 118 1580 26 29 32 116 6177 576 112 22 24 55 35 317 198 153 25 4986
leaf_count=44543 46 147 14527 26 97414 389 30917 135593 1005 3335 1349 264 6564 20 29 33 117 54 10033 23320 167 493 221 687 32 129 30 1191 99 63 1404 33 30 22 155 24794 37 53 2544 486 453 85384 734 498 118 1580 26 29 32 116 6177 576 112 22 24 55 35 317 198 153 25 4986
internal_value=-0.00505006 2.54897 -0.849402 4.40243 -0.255416 1.55378 2.09181 -1.50452 1.05373 2.76907 5.90472 3.3023 6.29031 6.24758 9.11694 25.4126 6.60658 4.73469 0.843541 0.927067 3.59738 0.765189 1.15667 -3.35999 8.74122 15.1001 3.66836 3.83217 11.7883 15.4685 1.19038 -4.32973 -10.6623 4.89223 3.76859 3.62427 -4.54988 0.570459 -1.06705 -6.0126 -11.324 -0.618809 0.14164 3.54681 5.73572 8.58016 -3.37974 8.88108 -5.77211 -5.05105 0.750995 -2.12333 5.28993 -0.296777 3.59698 10.707 15.9879 -2.86174 -2.23368 13.0842 5.83559 6.83214
internal_weight=504045 125234 378811 43751 198675 81483 39251 180136 42232 4610 15265 2002 13263 13237 1662 53 1275 1651 37622 36889 28486 8334 7524 733 382 161 28141 26391 214 184 1750 346 179 85 26177 24986 192 26856 3536 992 506 101261 15877 1350 852 1609 351 55 296 146 7142 965 1597 248 226 114 90 810 345 270 11575 5011
internal_count=504045 125234 378811 43751 198675 81483 39251 180136 42232 4610 15265 2002 13263 13237 1662 53 1275 1651 37622 36889 28486 8334 7524 733 382 161 28141 26391 214 184 1750 346 179 85 26177 24986 192 26856 3536 992 506 101261 15877 1350 852 1609 351 55 296 146 7142 965 1597 248 226 114 90 810 345 270 11575 5011
cat_boundaries=0 1 2 3 5 6 7 8 9 10 12 13
cat_threshold=2160080912 268509440 33 1081821960 1 2689220636 138 2147747976 73984 144 2047189250 1 33
is_linear=0
shrinkage=0.05


Tree=68
num_leaves=63
num_cat=11
split_feature=20 20 3 20 20 20 20 3 3 21 10 0 10 3 3 0 1 3 10 7 17 4 7 12 16 12 21 20 7 15 10 0 1 15 6 4 19 4 3 0 3 18 1 7 0 4 19 19 10 3 0 0 4 20 3 3 18 17 10 3 17 1
split_gain=3.92458e+08 8.01867e+07 5.51717e+07 1.792e+07 1.05686e+07 8.539e+06 6.59776e+06 5.51368e+06 5.14106e+06 5.22868e+06 4.88487e+06 6.50116e+06 1.16837e+07 4.59991e+06 4.44405e+06 4.34517e+06 4.57208e+06 6.10151e+06 4.394e+06 5.78107e+06 8.56741e+06 4.03614e+06 4.2882e+06 5.34085e+06 4.38729e+06 4.49973e+06 4.01036e+06 3.85795e+06 7.22125e+06 4.26127e+06 3.75303e+06 7.36641e+06 1.05821e+07 4.16252e+06 4.17037e+06 3.77816e+06 3.5455e+06 3.49477e+06 3.38411e+06 4.1496e+06 6.57571e+06 3.94645e+06 3.33636e+06 7.21635e+06 2.63539e+07 9.9655e+06 1.33922e+07 6.75409e+06 5.24599e+06 6.18888e+06 4.2264e+06 3.57766e+06 3.31379e+07 8.79294e+06 8.09693e+06 7.85987e+06 5.62668e+06 7.6428e+06 4.92729e+06 3.98034e+06 4.45282e+06 4.19256e+06
threshold=1900.0009152684763 3271.8972491814698 900.00157797491318 4383.0987632676979 1370.4643175916096 2625.3205655104398 559.4252135775962 1514.2868223926246 5833.4745046068419 3.5000000000000004 5.5000000000000009 0 4.5000000000000009 915.51364479310087 4371.0287820196727 1 2 1514.2868223926246 1.0000000180025095e-35 2015.5000000000002 1.2050000000000003 62.805000000000007 2009.5000000000002 45.500000000000007 2.6500000000000008 24.500000000000004 3.5000000000000004 5469.7708618331062 2013.5000000000002 23.750000000000004 1.0000000180025095e-35 3 4 21.750000000000004 2.5000000000000004 416.39000000000004 935.29533333333347 13.605000000000002 2187.5862658914652 5 2506.6491761407019 17.27142857142859 6 2013.5000000000002 7 1266.6950000000004 2810.8500000000008 162.56350000000003 1.5000000000000002 2920.4711966842933 8 9 716.62500000000011 2440.9698029269407 3104.7188819842099 4086.4962359785382 498.72142857143018 359.8300000000001 2.5000000000000004 1616.0996792483809 812.21000000000015 10
decision_type=2 2 2 2 2 2 2 2 2 2 2 9 2 2 2 9 1 2 2 2 2 2 2 2 2 2 2 2 2 2 2 9 1 2 2 2 2 2 2 9 2 2 1 2 9 2 2 2 2 2 9 9 2 2 2 2 2 2 2 2 2 1
left_child=2 5 6 15 14 13 -1 -5 10 -10 11 12 -9 -2 30 18 26 -18 19 -3 -21 -19 23 24 25 -23 -17 -12 -29 -30 31 32 33 -4 -35 -36 -20 -14 -32 40 -40 -42 43 51 45 46 47 48 -45 -50 -44 52 53 56 -54 59 -15 -58 -59 60 -53 -61
right_child=1 3 4 7 -6 -7 -8 8 9 -11 27 -13 37 42 -16 16 17 21 36 20 -22 22 -24 -25 -26 -27 -28 28 29 -31 38 -33 -34 34 35 -37 -38 -39 39 -41 41 -43 50 44 -46 -47 -48 -49 49 -51 -52 55 54 -55 -56 -57 57 58 -60 61 -62 -63
leaf_value=-1.7708903169871446 -9.8172847244611603 2.7147323899021765 4.8453429143288647 -11.309975787003836 0.22830391311906795 2.2729685284657646 -1.1624252481762711 3.0954663660086639 7.866482165560412 28.2699007332325 7.125492493689463 5.3309363064068362 1.2717843592166902 46.112584764817186 23.053322944641113 -0.95851922824349212 23.456171727791514 4.6470430266264051 3.3580452021322431 -33.713446016022651 -5.1638151436813118 -8.3933795424713491 3.346052252352457 4.8340458635489156 6.4400378984563496 -31.438206723332407 -23.601968910580592 37.351664085388187 5.6011970061841225 24.209889323938462 -0.61973887357555224 -0.42531109369442366 0.91260768737698883 1.3923819622823173 23.252886193006944 8.500210537274679 -4.0209119438661816 -19.037265615593427 -7.3352234840393074 -7.8397361644992118 3.0930450786243786 32.714373945153277 -0.26678513440960017 3.3689844931325603 2.0103843335196263 4.8858600698346679 39.546714276173077 6.9029611426285626 46.085587297280632 19.749646903728618 1.1763001702260165 1.4557424169474764 1.5841880136928639 5.2139336536670555 -17.613670052734076 15.184959316745248 5.0696085860854705 16.995759697755179 46.965811514854437 -0.22073627213146671 12.181792096393865 1.3416147733060244
leaf_weight=77176 95 147 387 48 79869 26557 105392 705 1674 32 1139 11365 28 34 20 284 39 7330 1040 33 129 87 17034 120 34 28 21 30 115 42 100831 14296 3890 56 103 75 193 87 57 314 22 23 6978 31 6836 230 61 163 30 87 18590 236 119 58 102 97 38 24 32 6487 164 12701
leaf_count=77176 95 147 387 48 79869 26557 105392 705 1674 32 1139 11365 28 34 20 284 39 7330 1040 33 129 87 17034 120 34 28 21 30 115 42 100831 14296 3890 56 103 75 193 87 57 314 22 23 6978 31 6836 230 61 163 30 87 18590 236 119 58 102 97 38 24 32 6487 164 12701
internal_value=-0.00479471 2.47038 -0.791223 4.2447 -0.217416 1.54074 -1.41964 5.60948 5.66285 8.2492 5.33628 5.02266 0.676713 1.17517 -0.513893 3.45909 3.61768 3.69349 0.861289 -4.46476 -10.9795 3.6637 3.24714 -3.01653 -9.33914 -14.0043 -2.43765 8.21828 14.8743 10.5793 -0.517819 0.130821 1.89004 7.90124 13.2929 17.0369 2.20303 -14.0925 -0.638306 -5.13871 3.59259 18.2328 1.19484 1.57693 2.90799 12.8538 18.1257 13.9241 21.6569 26.5025 0.782504 1.08496 5.67292 21.3639 -7.27636 0.98672 28.6819 22.3771 34.1215 0.916914 5.85342 0.814006
internal_weight=504045 121534 382511 41784 199943 79750 182568 15265 15217 1706 13511 12185 820 53193 120074 26519 24977 24672 1542 309 162 24633 17303 269 149 115 305 1326 187 157 120054 18807 4511 621 234 178 1233 115 101247 416 102 45 53098 27530 7438 602 372 311 148 117 25568 20092 407 186 221 19685 128 94 56 19588 400 19188
internal_count=504045 121534 382511 41784 199943 79750 182568 15265 15217 1706 13511 12185 820 53193 120074 26519 24977 24672 1542 309 162 24633 17303 269 149 115 305 1326 187 157 120054 18807 4511 621 234 178 1233 115 101247 416 102 45 53098 27530 7438 602 372 311 148 117 25568 20092 407 186 221 19685 128 94 56 19588 400 19188
cat_boundaries=0 1 2 3 4 5 6 7 8 9 10 11
cat_threshold=2888710 2147747848 138 385024 16 536973320 49 335874 2166405440 16384 16
is_linear=0
shrinkage=0.05


Tree=69
num_leaves=63
num_cat=15
split_feature=20 20 20 20 20 20 1 0 18 20 20 12 0 4 10 9 9 19 19 4 7 13 19 0 6 19 7 1 10 10 4 20 18 0 10 2 19 1 7 20 1 0 4 7 13 7 18 4 6 7 1 0 15 4 0 19 0 9 2 20 19 6
split_gain=3.54421e+08 7.53002e+07 4.80467e+07 1.72087e+07 1.09256e+07 7.10359e+06 5.24804e+06 6.8363e+06 4.89123e+06 4.70915e+06 4.5605e+06 4.19599e+06 4.09441e+06 5.38914e+06 1.17389e+07 4.74496e+06 7.8394e+06 4.59327e+06 3.86008e+06 3.68714e+06 5.77381e+06 1.13957e+07 5.34759e+06 4.66786e+06 3.53192e+06 3.5232e+06 1.11149e+07 3.51636e+06 4.87173e+06 3.39621e+06 9.44809e+06 4.6736e+06 3.88792e+06 3.35219e+06 4.23642e+06 3.50865e+06 3.24865e+06 3.13549e+06 7.87267e+06 3.07968e+06 3.07761e+06 1.11806e+07 9.65873e+06 6.31461e+06 5.15225e+06 5.27369e+06 4.93361e+06 3.61722e+06 3.32775e+06 3.06902e+06 5.53999e+06 2.46824e+07 6.32841e+06 5.35733e+06 3.94102e+06 3.75946e+06 1.15101e+07 4.48991e+06 5.84325e+06 3.74656e+06 3.71237e+06 3.13366e+06
threshold=1872.4046726614349 3209.0769230769233 814.51775535032402 4383.0987632676979 1310.0072150072153 2589.2934923515691 0 1 4175.8078571428605 5846.5037224942653 371.72913968547647 3.5000000000000004 2 2098.0250000000005 3.5000000000000004 14.500000000000002 6.5000000000000009 3014.2755000000006 2079.3128333333339 25.705000000000005 2008.5000000000002 316.50000000000006 361.10050000000007 3 1.5000000000000002 996.00450000000001 2013.5000000000002 4 1.0000000180025095e-35 4.5000000000000009 265.80500000000006 4990.3547654076292 1713.3714285714289 5 5.5000000000000009 6 66.217500000000015 7 2015.5000000000002 4792.6836324509404 8 9 2034.4250000000002 2009.5000000000002 70.500000000000014 2005.5000000000002 1864.097142857142 162.63000000000002 7.5000000000000009 2013.5000000000002 10 11 20.150000000000002 107.41000000000001 12 4.2446666666666664 13 12.500000000000002 14 2002.1355204632964 647.59250000000009 5.5000000000000009
decision_type=2 2 2 2 2 2 1 9 2 2 2 2 9 2 2 2 2 2 2 2 2 2 2 9 2 2 2 1 2 2 2 2 2 9 2 1 2 1 2 2 1 9 2 2 2 2 2 2 2 2 1 9 2 2 9 2 9 2 1 2 2 2
left_child=2 5 10 12 40 37 9 8 29 -5 -1 -11 13 17 24 16 -16 27 -9 23 21 22 -21 25 -15 -14 -27 -3 -29 -8 32 -32 -31 35 -35 36 -13 38 -2 -34 41 42 44 -43 -4 46 -46 -47 -49 -39 51 52 53 60 -53 56 57 -52 59 -59 -51 -60
right_child=1 3 4 6 -6 -7 7 18 -10 11 -12 33 19 14 15 -17 -18 -19 -20 20 -22 -23 -24 -25 -26 26 -28 28 -30 30 31 -33 39 34 -36 -37 -38 49 -40 -41 -42 43 -44 -45 45 47 -48 48 -50 50 55 54 -54 -55 -56 -57 -58 58 61 -61 -62 -63
leaf_value=-2.0578481424081185 -9.962681013752114 3.5178843269848126 0.07871171004839779 5.3378365434862811 0.13376576677516955 2.0743659792467901 5.7541328878713571 -2.1630963670304331 -10.534911047087775 26.710896460215253 -1.3160665513517227 3.7301521459537157 7.8113515304231562 -9.0702064058819758 -4.3512396394432367 -3.6930534768884429 -27.470595967429023 9.5424040830976242 -24.27139520191011 6.6824891090393068 3.3110731043505055 18.866248939976551 -20.493628791360294 4.1748824365031565 3.4658278554782607 39.405307220010201 -4.0228955617317785 -4.5176126389339482 1.9763807379309868 1.8536673408193687 -5.683791038513184 -29.622718306950162 6.0478698580161385 3.6338484614729065 19.557235124905905 11.809750529001171 19.091322209284858 0.78272263188002178 0.38385372679277763 31.399695419311527 -0.66370175174006041 -0.38520467631543065 -6.4544587890833416 12.169381247534611 5.8328498460066447 26.400188261089905 27.406402506147113 -0.4063535535657728 20.046574296784957 15.367213760941508 6.2274219290415447 5.8497993817129599 25.278685431602675 5.3603293675341108 1.6294385605245578 0.87440258986176778 1.8913229460755372 -3.3526937526205312 24.330680640538535 24.887388388315838 39.681438065767288 49.752165170149368
leaf_weight=24511 220 3100 194 11597 90165 26557 1349 330 54 30 133987 293 537 61 77 214 70 241 21 23 16987 33 85 4345 712 34 26 353 1588 97 75 28 23 582 45 677 39 28466 1119 25 117032 12001 151 101 495 66 28 37 43 73 60 606 117 152 5893 16819 1285 23 27 24 20 22
leaf_count=24511 220 3100 194 11597 90165 26557 1349 330 54 30 133987 293 537 61 77 214 70 241 21 23 16987 33 85 4345 712 34 26 353 1588 97 75 28 23 582 45 677 39 28466 1119 25 117032 12001 151 101 495 66 28 37 43 73 60 606 117 152 5893 16819 1285 23 27 24 20 22
internal_value=-0.00455297 2.30137 -0.766886 3.97457 -0.289266 1.40298 5.32918 2.8917 4.23939 5.69064 -1.43078 8.18067 3.24866 2.12421 -0.999924 -8.44405 -15.3605 2.79896 -3.38926 3.57296 3.22744 -6.84876 -14.7061 4.77772 2.47657 8.94544 20.5864 2.47657 0.791274 4.7655 -0.612183 -12.1915 7.6131 7.84088 4.70169 9.64936 5.53463 1.07836 -1.30634 19.2519 -0.582337 0.14406 5.16081 -0.280196 7.25294 9.33336 6.98784 17.7355 10.5871 1.13797 1.54098 2.75213 15.2898 11.1437 2.03135 1.08381 3.53544 15.9356 23.6631 11.0678 20.5961 35.7444
internal_weight=504045 125234 378811 43751 220313 81483 15265 2002 1651 13263 158498 1666 28486 6416 1134 361 147 5282 351 22070 17128 141 108 4942 773 597 60 5041 1941 1597 248 103 145 1636 627 1009 332 54926 1339 48 130148 13116 1014 12102 863 669 523 146 80 53587 25121 6861 362 245 6499 18260 1441 156 96 47 93 49
internal_count=504045 125234 378811 43751 220313 81483 15265 2002 1651 13263 158498 1666 28486 6416 1134 361 147 5282 351 22070 17128 141 108 4942 773 597 60 5041 1941 1597 248 103 145 1636 627 1009 332 54926 1339 48 130148 13116 1014 12102 863 669 523 146 80 53587 25121 6861 362 245 6499 18260 1441 156 96 47 93 49
cat_boundaries=0 1 3 4 6 7 8 9 10 11 12 13 14 15 16 17
cat_threshold=33 1081821960 1 2685679816 134283268 1 37 50532864 1 2 17 81920 48 270338 268501272 16384 1
is_linear=0
shrinkage=0.05


Tree=70
num_leaves=63
num_cat=13
split_feature=20 3 20 3 3 3 20 1 3 16 4 4 0 3 11 0 4 0 1 4 19 20 1 4 19 0 9 9 1 0 3 20 3 4 15 14 16 19 0 4 18 3 3 18 19 17 13 3 1 11 19 14 0 17 18 11 4 4 13 0 4 3
split_gain=3.25503e+08 7.48642e+07 4.36363e+07 1.49854e+07 1.03786e+07 7.12544e+06 6.84991e+06 6.11818e+06 8.69779e+06 1.19525e+07 7.56585e+06 9.47193e+06 5.7722e+06 5.61324e+06 5.5585e+06 1.03253e+07 1.12113e+07 1.11269e+07 9.89695e+06 1.37874e+07 7.80266e+06 6.6487e+06 5.62384e+06 5.01896e+06 4.98311e+06 4.95672e+06 4.69253e+06 4.86285e+06 4.6737e+06 4.64381e+06 1.85108e+07 5.6492e+06 5.49394e+06 1.03119e+07 6.04141e+06 6.53502e+06 5.36513e+06 4.62092e+06 4.43907e+06 5.33577e+06 9.9683e+06 5.31081e+06 4.56235e+06 4.42549e+06 4.75599e+06 8.31454e+06 6.95434e+06 4.3372e+06 4.18355e+06 7.72598e+06 6.29883e+06 5.2242e+06 4.12398e+06 1.32787e+07 9.00334e+06 1.22185e+07 8.87907e+06 6.52877e+06 4.10103e+06 4.06665e+06 5.46708e+06 5.24193e+06
threshold=2400.0462534690109 1218.3264210678865 4000.0000000000009 706.75007421572275 1871.1319950904133 3063.3519712210964 4792.6836324509404 0 3750.0000000000009 4.4500000000000011 42.540000000000006 369.00500000000005 1 837.0017271157169 1.0000000180025095e-35 2 17.605000000000004 3 4 265.80500000000006 28.17316666666667 1616.4279076017899 5 0.70500000000000018 408.77516666666673 6 18.500000000000004 8.5000000000000018 7 8 2626.6259354325598 1600.0190615835779 3104.7188819842099 643.0100000000001 17.150000000000002 23.450000000000003 19.250000000000004 401.49433333333337 9 155.90500000000003 230.25428571428574 2045.1531147001931 2439.0652173913049 4.3035714285711695 37.843499999999999 0.70500000000000018 204.50000000000003 2476.7546290360606 10 1.0000000180025095e-35 974.92200000000003 27.550000000000004 11 72.00500000000001 839.00428571428586 1.0000000180025095e-35 319.24500000000006 27.005000000000006 80.500000000000014 12 52.010000000000012 2702.1792559104724
decision_type=2 2 2 2 2 2 2 1 2 2 2 2 9 2 2 9 2 9 1 2 2 2 1 2 2 9 2 2 1 9 2 2 2 2 2 2 2 2 9 2 2 2 2 2 2 2 2 2 1 2 2 2 9 2 2 2 2 2 2 9 2 2
left_child=1 3 5 -1 52 13 59 8 9 10 26 -12 -7 -2 29 18 20 21 -16 24 -17 -18 -21 43 -20 48 27 -8 -23 30 31 -6 -31 34 35 -34 37 -36 -15 40 -40 -41 -42 -14 45 -45 -47 -22 49 50 -10 -52 53 -3 55 -55 -56 -57 -9 61 -61 -4
right_child=2 4 6 -5 14 12 7 58 25 -11 11 -13 23 38 15 16 17 -19 19 22 47 28 -24 -25 -26 -27 -28 -29 -30 32 -32 -33 33 -35 36 -37 -38 -39 39 41 42 -43 -44 44 -46 46 -48 -49 -50 -51 51 -53 -54 54 56 57 -58 -59 -60 60 -62 -63
leaf_value=-1.4582231930342777 -23.008270230500596 -0.8585718016688203 -10.46076864563689 -0.7068051543381596 6.621107234633886 2.2053052766452055 25.37446828321977 -22.660825563018975 -23.540464362644016 -12.254718939463299 -4.6743444531462917 31.582507434968029 4.7409852888802737 0.27131085095795365 0.6405263227724497 0.29099356806081422 31.935967251232697 1.0251458478135944 -4.3193101431308341 -19.45435036062543 -3.8222352025960991 11.60983735759781 -7.9389933440227001 3.404266906162345 5.636140734679306 6.7658697863508994 18.795046255323623 57.314687589498675 2.6219924736889606 0.99805219233238829 9.6550971250206814 1.1673130872121955 0.72754939750388825 -12.069408834032391 0.96683844736177638 -29.78334196347457 31.686829299926757 24.641102615992228 2.0865387029672111 -3.843821864870733 9.4272316534847533 1.4626575531706367 4.3008634093404092 9.5532295933444242 5.9486681278618816 51.462827243123741 16.222998751912797 -11.563633545774792 4.7743046644087155 -20.066366916894914 24.821215616423508 1.5739702170470666 -0.01451012757099039 1.1556270951764323 19.05746146796838 1.9273006540218383 -1.3535333010355632 15.589485421241349 -0.037912438903003935 6.1190944183094125 3.6710631546242114 2.0593807059453115
leaf_weight=124791 23 2702 98 141683 507 16038 22 22 21 30 43 31 542 4627 892 1060 28 5173 357 173 617 282 401 9458 194 5479 36 26 327 28101 765 7481 54 230 146 26 20 24 10472 489 639 13180 1353 95 148 28 28 256 3297 48 29 145 105743 1504 184 131 75 263 224 3008 9432 569
leaf_count=124791 23 2702 98 141683 507 16038 22 22 21 30 43 31 542 4627 892 1060 28 5173 357 173 617 282 401 9458 194 5479 36 26 327 28101 765 7481 54 230 146 26 20 24 10472 489 639 13180 1353 95 148 28 28 256 3297 48 29 145 105743 1504 184 131 75 263 224 3008 9432 569
internal_value=0.0031069 -0.547678 2.93531 -1.0587 0.31573 2.19996 4.79715 5.82306 6.02717 16.678 22.1715 10.5143 2.8037 1.68341 0.937182 -0.12529 0.705671 1.804 -3.30237 -6.40674 -2.59191 7.98747 -11.8869 3.72978 -0.814124 5.81184 32.441 42.6754 7.01754 1.21479 2.22249 1.51347 0.905299 -4.28952 2.33779 -9.18849 7.19096 4.30909 1.70187 1.95431 2.70325 1.27282 5.94532 7.43493 12.3183 18.5613 33.8429 -6.09234 4.30398 -2.01381 2.32662 5.44851 0.0510052 1.47377 4.40224 3.20894 13.1469 11.047 -1.98059 4.05725 4.25957 0.216591
internal_weight=503870 424190 79680 266474 157716 57120 22560 9453 9207 188 158 74 26337 30783 47114 9760 7743 5810 2017 1125 1933 637 574 10299 551 9019 84 48 609 37354 8753 7988 28601 500 270 80 190 170 30760 26133 12464 13669 1992 841 299 151 56 873 3540 243 195 174 110602 4859 2157 1898 259 394 246 13107 12440 667
internal_count=503870 424190 79680 266474 157716 57120 22560 9453 9207 188 158 74 26337 30783 47114 9760 7743 5810 2017 1125 1933 637 574 10299 551 9019 84 48 609 37354 8753 7988 28601 500 270 80 190 170 30760 26133 12464 13669 1992 841 299 151 56 873 3540 243 195 174 110602 4859 2157 1898 259 394 246 13107 12440 667
cat_boundaries=0 1 2 3 4 5 6 7 8 9 10 11 12 13
cat_threshold=49 2961549800 536944896 18496 45 16 952205314 88 680206352 2162170000 16 278532 537153600
is_linear=0
shrinkage=0.05


Tree=71
num_leaves=63
num_cat=16
split_feature=20 20 20 20 7 4 1 0 17 4 4 7 19 19 1 0 20 14 14 9 11 4 7 7 7 0 1 7 0 1 7 4 4 11 4 20 14 2 4 0 0 11 0 7 13 7 7 19 4 1 4 11 1 0 14 7 0 4 17 4 4 7
split_gain=2.93784e+08 6.75643e+07 3.93892e+07 1.47982e+07 8.89144e+06 1.24189e+07 8.28776e+06 7.40588e+06 2.32264e+07 2.03801e+07 1.33368e+07 9.25473e+06 9.03126e+06 6.73082e+06 6.47616e+06 9.23851e+06 6.41291e+06 6.4088e+06 5.98232e+06 8.97195e+06 5.40649e+06 3.23872e+07 5.44627e+06 6.87147e+06 5.26942e+06 6.63725e+06 6.16617e+06 5.81497e+06 6.87988e+06 1.43103e+07 2.34224e+07 1.15495e+07 9.46928e+06 1.47067e+07 6.2822e+06 5.97679e+06 5.35841e+06 5.25749e+06 5.20339e+06 9.497e+06 9.30698e+06 6.31764e+06 1.10102e+07 9.90412e+06 7.44715e+06 5.43358e+06 5.42172e+06 7.41795e+06 6.70481e+06 5.19398e+06 5.15005e+06 1.30939e+07 5.07295e+06 1.21989e+07 6.9646e+06 5.61977e+06 9.52746e+06 1.21857e+07 4.67858e+06 4.66112e+06 4.57587e+06 4.53484e+06
threshold=2400.0462534690109 1259.9863510085763 4000.0000000000009 779.76166014737464 2006.5000000000002 894.11000000000013 0 1 367.65500000000003 799.3950000000001 894.11000000000013 2008.5000000000002 1520.7180000000008 3.7213333333333338 2 3 4792.6836324509404 28.950000000000003 28.050000000000004 14.500000000000002 1.0000000180025095e-35 27.005000000000006 2015.5000000000002 2012.5000000000002 2010.5000000000002 4 5 2005.5000000000002 6 7 2007.5000000000002 509.12500000000006 603.05000000000007 1.0000000180025095e-35 817.05000000000007 2023.3249596634193 31.350000000000005 8 671.42500000000007 9 10 1.0000000180025095e-35 11 2007.5000000000002 124.50000000000001 2010.5000000000002 2009.5000000000002 485.5026666666667 0.70500000000000018 12 565.62000000000012 1.0000000180025095e-35 13 14 29.750000000000004 2013.5000000000002 15 1709.0500000000002 949.82000000000005 1.2050000000000003 2632.4350000000004 2013.5000000000002
decision_type=2 2 2 2 2 2 1 9 2 2 2 2 2 2 1 9 2 2 2 2 2 2 2 2 2 9 1 2 9 1 2 2 2 2 2 2 2 1 2 9 9 2 9 2 2 2 2 2 2 1 2 2 1 9 2 2 9 2 2 2 2 2
left_child=1 3 14 -1 5 -4 -3 8 10 11 13 12 17 18 38 -16 -6 -10 -8 -20 -15 -22 23 -23 26 -26 -9 35 29 30 32 -32 -29 -34 36 50 -33 -13 40 45 46 -41 44 58 60 -40 -2 48 -48 -18 -28 -52 53 54 61 -55 57 -57 -44 -50 -43 -27
right_child=2 6 4 -5 16 -7 7 24 9 -11 -12 37 -14 20 15 -17 49 -19 19 -21 21 22 -24 -25 25 52 27 28 -30 -31 31 34 33 -35 -36 -37 -38 -39 39 41 -42 42 43 -45 -46 -47 47 -49 59 -51 51 -53 -54 55 -56 56 -58 -59 -60 -61 -62 -63
leaf_value=-1.3246802113484384 1.2718476367489484 -0.14528048115467568 -0.13289071798324587 -0.59101271281074552 3.9081877954141278 -39.910016489028934 3.9467885483394975 0.78778342064252516 -3.7175343559499376 -5.0409628743323216 -9.9631366498519984 10.237912576613219 44.7910879225958 0.83304500130002901 -1.5187424898557074 1.9000046042094447 5.8047466309788192 16.564186425325346 4.6208417644306108 34.878153297852499 -5.7830260539133302 12.571384873704332 12.859047289504563 39.417001041013805 0.37415593089604099 37.190441173055902 -0.67335063429206166 10.949102502084441 -0.50221346326747507 -1.2870522931338875 35.767745157082878 -21.179443250383652 1.5699410899533883 -28.951979478200276 20.451392006604788 -12.894347222269017 13.753945479185687 36.994267029356173 -14.379379830935173 2.3029849595609604 2.0807755321033596 -8.652745155245066 -40.089183498564225 1.177135501761462 -4.8693172715349897 -2.2565117722028596 8.6250484579444482 7.6986747085937726 -0.45839644531463303 -1.7638524710765626 -3.1113310925043582 -23.100120928946964 1.1107565548798277 1.3110211852538809 8.170949259236103 31.633031330610578 3.3224465851775111 5.5498276818782912 -6.2987044620513917 3.764867280645257 -33.385409520467128 12.448329956877616
leaf_weight=147291 1635 54967 80 128861 13046 26 154 16328 57 107 240 23 21 2851 2792 6710 9174 123 49 49 228 37 86 67 30592 46 1726 180 15780 854 90 21 222 48 83 137 23 91 112 13498 20151 32 21 2405 205 529 651 1434 731 234 638 94 17269 3304 127 76 1110 109 20 6149 45 31
leaf_count=147291 1635 54967 80 128861 13046 26 154 16328 57 107 240 23 21 2851 2792 6710 9174 123 49 49 228 37 86 67 30592 46 1726 180 15780 854 90 21 222 48 83 137 23 91 112 13498 20151 32 21 2405 205 529 651 1434 731 234 638 94 17269 3304 127 76 1110 109 20 6149 45 31
internal_value=0.00295404 -0.520308 2.78863 -0.982328 4.55755 -9.88954 0.341551 0.629017 2.68286 13.812 1.44125 20.2161 13.7617 2.2186 2.08998 0.894924 4.62575 10.1416 10.0923 19.7495 1.61164 6.92208 22.1682 29.8662 0.532074 0.851414 0.0679516 -0.522924 -0.192137 3.00836 8.4458 22.0651 2.06593 -3.85618 12.3546 -2.73032 -2.91881 31.5961 2.32777 1.62253 2.71535 1.8583 -0.335146 0.758617 -9.51179 -4.3075 3.91606 4.40266 3.77506 5.62079 -2.16381 -5.6782 1.51204 2.94955 14.6466 2.40004 5.19705 15.431 -23.606 3.31615 -23.1069 27.2293
internal_weight=503870 424190 79680 276152 22560 106 148038 93071 4183 422 3761 315 201 3521 57120 9502 22454 180 252 98 3269 418 190 104 88888 52664 36224 19896 17301 1521 667 217 450 270 127 2595 44 114 47618 16867 30751 16226 2728 2446 282 641 10600 8965 7531 9408 2458 732 22072 4803 204 4599 1295 185 41 6880 77 77
internal_count=503870 424190 79680 276152 22560 106 148038 93071 4183 422 3761 315 201 3521 57120 9502 22454 180 252 98 3269 418 190 104 88888 52664 36224 19896 17301 1521 667 217 450 270 127 2595 44 114 47618 16867 30751 16226 2728 2446 282 641 10600 8965 7531 9408 2458 732 22072 4803 204 4599 1295 185 41 6880 77 77
cat_boundaries=0 1 2 3 4 6 7 8 9 10 11 13 14 15 16 17 18
cat_threshold=14 278532 53 2315630786 3274868512 1 33 268500992 16 4 2147500032 1227384358 1 8192 49 17 65536 8194
is_linear=0
shrinkage=0.05


Tree=72
num_leaves=63
num_cat=8
split_feature=20 3 20 3 3 1 7 10 3 3 15 3 20 20 13 4 1 13 5 7 1 4 10 3 4 20 7 1 4 14 18 16 17 17 3 10 1 4 18 1 10 7 3 10 10 4 7 10 19 6 1 20 3 3 18 1 20 7 3 19 15 12
split_gain=2.65146e+08 6.13341e+07 3.56604e+07 1.24154e+07 8.61867e+06 6.80333e+06 7.04111e+06 5.84679e+06 7.61189e+06 5.50773e+06 5.49605e+06 5.11802e+06 4.89597e+06 4.81062e+06 5.87956e+06 1.09002e+07 4.80421e+06 6.08035e+06 4.73013e+06 4.65394e+06 9.76484e+06 9.23392e+06 2.08986e+07 8.24508e+06 6.86846e+06 4.45232e+06 4.26476e+06 4.10324e+06 5.94544e+06 5.01339e+06 5.08891e+06 4.07883e+06 3.90881e+06 3.8948e+06 3.79013e+06 3.68668e+06 3.53408e+06 5.07862e+06 1.05635e+07 6.21628e+06 5.31178e+06 4.76592e+06 4.12868e+06 3.80457e+06 6.29246e+06 5.79546e+06 3.78819e+06 1.17148e+07 3.48781e+06 3.48085e+06 3.44095e+06 3.56984e+06 3.21317e+06 3.19199e+06 5.2164e+06 3.16496e+06 4.5757e+06 3.16326e+06 3.15979e+06 4.70875e+06 3.13527e+06 3.66085e+06
threshold=2400.0462534690109 1218.3264210678865 3900.6392308260497 706.75007421572275 1871.1319950904133 0 2015.5000000000002 3.5000000000000004 3158.1210901774289 2506.6491761407019 23.250000000000004 837.0017271157169 962.98866955324524 5846.5037224942653 196.50000000000003 346.23000000000008 1 116.50000000000001 1.0000000180025095e-35 2009.5000000000002 2 223.11000000000004 4.5000000000000009 1462.9129980433106 99.00500000000001 1298.0943810862038 2007.5000000000002 3 7.8050000000000006 24.750000000000004 159.57928571428519 0.35000000000000003 1626.825 1217.7850000000001 275.17052208502633 1.0000000180025095e-35 4 166.50500000000002 518.38714285714298 5 1.0000000180025095e-35 2011.5000000000002 1326.9312353299549 2.5000000000000004 3.5000000000000004 24.605000000000004 2004.5000000000002 4.5000000000000009 2.571166666666667 27.500000000000004 6 3415.5617713651791 1871.1319950904133 5470.869381340538 1223.9321428571429 7 1499.8246655190121 2018.5000000000002 2279.1554194469331 19.17966666666667 11.750000000000002 3.5000000000000004
decision_type=2 2 2 2 2 1 2 2 2 2 2 2 2 2 2 2 1 2 2 2 1 2 2 2 2 2 2 1 2 2 2 2 2 2 2 2 1 2 2 1 2 2 2 2 2 2 2 2 2 2 1 2 2 2 2 1 2 2 2 2 2 2
left_child=1 3 11 34 36 10 13 9 25 -6 -4 -2 -11 -7 26 -16 17 50 -14 20 21 -18 49 24 -21 -9 -15 28 -8 -29 -31 -32 57 -10 -1 58 37 38 41 40 42 -3 -40 -42 45 -45 47 -39 -37 -23 -13 -52 -34 54 -28 56 -5 -25 59 -19 61 -55
right_child=2 4 5 55 7 6 27 8 33 12 -12 16 18 14 15 -17 19 35 -20 23 -22 22 -24 32 -26 -27 53 29 -30 30 31 -33 52 -35 -36 48 -38 46 39 -41 43 -43 -44 44 -46 -47 -48 -49 -50 -51 51 -53 -54 60 -56 -57 -58 -59 -60 -61 -62 -63
leaf_value=-2.3774334366848473 -22.738277544294085 -0.16875437703149679 -16.068378713883853 0.00076946923349420645 1.0731041204092928 3.3281178431871816 9.278475458995894 -6.0735734040920448 -9.203596047577042 23.322787770917341 5.5428223848342899 0.56493944359176307 3.795795214460477 -8.0702917709946629 3.7184251304370601 -34.952698915004731 2.1406550021209849 7.1707712294799952 -7.3185028157234191 37.836187243759632 1.643141308687569 -3.3415974620378246 -36.36416565259298 2.4764824284949309 1.5189223258391671 0.3649730179604147 6.1565196659253996 -5.364243699976071 5.2242799180644575 5.8649628506834439 -5.8332945041796744 4.2799845371490868 16.959566717436822 8.8998532078482882 -1.248647745732929 5.2765487067258343 -0.2406103084813237 -1.2200270957890118 1.7048244245590702 2.3339408487742417 -2.4360212716725798 1.3570156142483514 22.640009508510026 -5.1360083023707075 4.1539668148402971 21.91785621632517 0.046473197002455079 -17.693741577762669 1.4929723418169749 -20.056892849417295 -3.8475143129643494 -17.754035615921023 1.3269648487262096 36.626124467849728 39.478824506451687 -0.70496010978195001 6.0144561077370966 4.6307939825991964 0.24068691802298364 -9.0687088185142386 7.7500508461814892 12.823586971419198
leaf_weight=7942 21 10463 76 10644 27834 13278 1021 273 298 31 48 534 2242 32 205 20 327 56 100 30 5813 371 60 28828 23 16303 23 167 7912 925 204 195 33 33 116849 677 54530 1263 31 1247 101 10019 98 24 287 113 32308 118 6073 34 599 50 8399 20 24 130713 326 1811 1046 220 441 84
leaf_count=7942 21 10463 76 10644 27834 13278 1021 273 298 31 48 534 2242 32 205 20 327 56 100 30 5813 371 60 28828 23 16303 23 167 7912 925 204 195 33 33 116849 677 54530 1263 31 1247 101 10019 98 24 287 113 32308 118 6073 34 599 50 8399 20 24 130713 326 1811 1046 220 441 84
internal_value=0.00281642 -0.494288 2.64924 -0.95683 0.287214 4.22852 4.28704 0.85353 0.109014 1.27024 -7.12792 1.94078 3.58252 3.56143 7.2103 0.280992 1.9502 0.907956 3.32123 2.16047 0.933306 -4.24379 -8.82477 2.3682 22.0759 0.258933 9.70884 5.27453 5.6813 2.78072 3.82908 -0.890715 2.34146 -7.39872 -1.32049 1.39956 0.0459758 0.324666 0.908511 4.47393 8.39032 0.577593 17.6091 6.28496 8.36236 17.1785 -0.0631452 -2.62763 1.87245 -4.74486 -2.43875 -4.84425 1.38815 10.6699 23.1722 -0.636531 0.179317 2.60382 -1.01497 -5.77374 9.5917 17.401
internal_weight=503870 424190 79680 266474 157716 24675 24551 47114 16907 30207 124 55005 2373 14127 849 225 54984 9255 2342 45729 6605 792 465 39124 53 16576 624 10424 8933 1491 1324 399 39071 331 124791 8072 110602 56072 22383 1901 654 20482 129 525 424 137 33689 1381 6750 405 1183 649 8432 592 47 141683 10970 30639 1322 276 545 104
internal_count=503870 424190 79680 266474 157716 24675 24551 47114 16907 30207 124 55005 2373 14127 849 225 54984 9255 2342 45729 6605 792 465 39124 53 16576 624 10424 8933 1491 1324 399 39071 331 124791 8072 110602 56072 22383 1901 654 20482 129 525 424 137 33689 1381 6750 405 1183 649 8432 592 47 141683 10970 30639 1322 276 545 104
cat_boundaries=0 1 2 3 4 5 6 7 8
cat_threshold=138 202 16 37 209 16 130 17
is_linear=0
shrinkage=0.05


Tree=73
num_leaves=63
num_cat=12
split_feature=20 3 20 3 20 3 3 4 7 0 3 0 4 19 1 0 17 4 0 1 5 12 20 21 7 1 0 7 1 7 3 3 14 20 7 16 17 15 12 4 7 19 3 4 0 19 7 0 3 21 8 3 20 3 19 3 1 15 3 21 21 4
split_gain=2.39296e+08 5.53647e+07 3.22428e+07 1.09905e+07 7.98565e+06 7.62001e+06 6.09287e+06 5.44293e+06 9.86791e+06 5.66361e+06 4.94541e+06 4.41024e+06 5.02905e+06 4.86647e+06 4.6678e+06 5.06162e+06 9.34043e+06 6.90012e+06 4.25997e+06 3.88818e+06 8.20266e+06 4.76231e+06 7.66321e+06 4.19691e+06 3.7643e+06 3.71948e+06 7.43861e+06 7.04975e+06 2.04856e+07 1.25951e+07 6.5288e+06 6.47133e+06 7.932e+06 6.0216e+06 7.44476e+06 5.33373e+06 5.5715e+06 4.70164e+06 7.28555e+06 4.69323e+06 4.62802e+06 4.468e+06 3.96036e+06 3.815e+06 3.7675e+06 4.74365e+06 3.71951e+06 3.56379e+06 7.49347e+06 7.60205e+06 6.38632e+06 5.48274e+06 5.36765e+06 9.72287e+06 3.89032e+06 3.54196e+06 3.51788e+06 3.49036e+06 3.46269e+06 5.3574e+06 3.44785e+06 3.64104e+06
threshold=2400.0462534690109 1208.7568891109356 4182.4898543004738 706.75007421572275 1838.8550135501357 3408.994814838808 4628.4457362818657 113.27000000000002 2004.5000000000002 0 837.0017271157169 1 763.78000000000009 954.82150000000013 2 3 1582.4200000000003 149.01000000000002 4 5 1.0000000180025095e-35 43.500000000000007 4990.3547654076292 1.5000000000000002 2016.5000000000002 6 7 2005.5000000000002 8 2007.5000000000002 1700.0197676540358 2200.001928317613 25.550000000000004 1537.6767421920151 2008.5000000000002 5.6500000000000012 149.05000000000004 24.550000000000004 35.500000000000007 1.905 2008.5000000000002 566.14666666666676 2279.1554194469331 62.805000000000007 9 1816.2968333333336 2012.5000000000002 10 3530.0651334834361 1.5000000000000002 1.5000000000000002 3158.1210901774289 4792.6836324509404 2251.1102372189885 190.80833333333337 209.07472875297233 11 27.050000000000004 5833.4745046068419 3.5000000000000004 2.5000000000000004 5.0050000000000008
decision_type=2 2 2 2 2 2 2 2 2 9 2 9 2 2 1 9 2 2 9 1 2 2 2 2 2 1 9 2 1 2 2 2 2 2 2 2 2 2 2 2 2 2 2 2 9 2 2 9 2 2 2 2 2 2 2 2 1 2 2 2 2 2
left_child=1 3 5 55 6 10 25 47 -9 -10 -2 -12 13 -13 15 16 17 -15 60 20 21 23 -23 57 -18 26 27 42 29 30 41 32 -31 -34 35 36 -35 38 -33 -30 -28 -29 -3 -36 45 -42 -27 51 49 50 -49 -4 -52 -54 -55 -1 -14 -11 -50 -60 -7 -62
right_child=2 4 7 -5 -6 18 -8 8 9 19 11 12 56 14 -16 -17 24 -19 -20 -21 -22 22 -24 -25 -26 46 40 28 39 31 -32 37 33 34 43 -37 -38 -39 -40 -41 44 -43 -44 -45 -46 -47 -48 48 58 -51 52 -53 53 54 -56 -57 -58 -59 59 -61 61 -63
leaf_value=-3.3512922659411082 -20.651617431640162 -0.19220184772903931 -11.981741111370233 -0.60881359124988244 0.79753411066689184 2.4588424298288523 21.51179057901556 -28.331377053260805 0.22386583372908261 0.30100426306096162 0.22874047064407518 1.936406071668386 1.1159239450605547 29.011222261251238 2.6461994804894498 3.1472441768554944 3.4372448757046556 2.5771628350922557 4.0947786336789544 4.377759013370853 -20.909190207283672 4.948662164874543 34.628493741842419 17.656745873075543 15.877134779353202 -0.65247022445020098 -0.74832860979160609 2.6063174642712239 -7.9177095824564008 4.6349309795518527 0.23858708280604335 -2.6499788580217749 51.201092323389929 3.1549051355432582 55.005950603485111 -7.774287344160534 32.134265303611755 29.521674219767256 19.100605743650405 1.3709369174006794 1.7159433008180078 12.938746880979506 -9.8893622118130082 27.76985363852647 0.31752459527583898 9.0008185500167759 0.079538160115560044 -9.402352558482777 4.8573485122243438 -3.875984082655473 13.156075278162227 3.3935439580756639 8.0815464432175101 53.39487601598104 27.480716715540208 -1.2206215724357183 -2.6740211816367472 -14.744101137068213 7.4862975714892706 30.065197768034757 -8.8308902583803448 3.0116930228126937
leaf_weight=1982 25 1378 65 139698 48929 14161 33 24 1047 645 5202 22887 10350 98 1768 447 244 33 4713 10126 41 133 26 33 81 25835 9799 166 142 53 384 99 22 27 20 21 43 24 63 3213 2037 283 114 36 13867 251 52862 22 4714 55 163 537 37 30 28 122809 642 41 974 27 140 121
leaf_count=1982 25 1378 65 139698 48929 14161 33 24 1047 645 5202 22887 10350 98 1768 447 244 33 4713 10126 41 133 26 33 81 25835 9799 166 142 53 384 99 22 27 20 21 43 24 63 3213 2037 283 114 36 13867 251 52862 22 4714 55 163 537 37 30 28 122809 642 41 974 27 140 121
internal_value=0.00267917 -0.469572 2.51679 -0.913443 0.265545 1.95849 0.0305599 4.32877 3.69785 3.76142 1.58001 1.59332 1.78698 2.1721 4.19173 7.10972 10.8431 22.3523 2.78481 4.09286 0.94031 1.97133 9.80197 0.239655 6.53765 0.0241585 0.478201 2.04974 3.02253 8.48205 5.02513 15.7478 21.5117 26.8045 23.1533 14.3263 20.9565 8.86834 5.80858 0.97489 0.10892 9.11874 -0.933138 37.497 0.628961 2.50417 -0.160748 5.47793 5.84087 13.1186 16.4568 1.7051 18.6619 28.1087 40.8846 -1.25446 0.89315 -0.598193 5.42449 8.09532 2.35226 -3.34065
internal_weight=503870 424190 79680 264489 159701 60912 110772 18768 12116 12092 41777 41752 36550 25558 2671 903 456 131 19135 11045 919 878 159 719 325 110739 32042 6088 4596 1241 833 408 222 169 147 91 70 186 162 3355 25954 449 1492 56 16155 2288 78697 6652 6050 335 280 602 258 95 58 124791 10992 686 5715 1001 14422 261
internal_count=503870 424190 79680 264489 159701 60912 110772 18768 12116 12092 41777 41752 36550 25558 2671 903 456 131 19135 11045 919 878 159 719 325 110739 32042 6088 4596 1241 833 408 222 169 147 91 70 186 162 3355 25954 449 1492 56 16155 2288 78697 6652 6050 335 280 602 258 95 58 124791 10992 686 5715 1001 14422 261
cat_boundaries=0 2 3 4 5 6 7 8 9 10 11 12 13
cat_threshold=134217794 1 2162170000 16 73728 2953177578 16 81 402999296 17 536879114 541344780 53
is_linear=0
shrinkage=0.05


Tree=74
num_leaves=63
num_cat=16
split_feature=20 20 20 20 1 4 0 1 0 7 7 7 0 3 4 7 3 0 11 3 20 11 0 1 4 7 3 20 1 0 3 3 3 7 1 4 11 0 4 7 17 7 7 19 12 3 11 1 3 3 17 20 21 2 19 19 4 0 0 7 3 15
split_gain=2.15978e+08 5.01049e+07 2.91118e+07 1.1417e+07 6.68108e+06 6.50342e+06 1.17467e+07 1.69452e+07 1.41116e+07 1.79489e+07 1.20694e+07 7.89333e+06 6.29185e+06 7.91153e+06 7.46956e+06 1.0498e+07 5.88614e+06 5.81658e+06 9.43656e+06 6.01431e+06 5.26094e+06 4.92918e+06 2.73131e+07 1.84378e+07 9.75069e+06 8.57283e+06 5.18371e+06 4.92772e+06 4.47473e+06 5.74942e+06 6.41809e+06 4.43152e+06 4.22422e+06 4.07547e+06 8.66022e+06 8.12559e+06 1.88682e+07 5.29807e+06 4.76254e+06 4.21654e+06 7.89237e+06 8.50303e+06 4.06736e+06 4.057e+06 4.44287e+06 4.42358e+06 4.37411e+06 4.03243e+06 5.7272e+06 3.91015e+06 3.8999e+06 3.85544e+06 3.72701e+06 3.84152e+06 3.89445e+06 3.72033e+06 6.86297e+06 3.70667e+06 3.69557e+06 4.00653e+06 3.69175e+06 3.60767e+06
threshold=2400.0462534690109 1270.0026054280977 3900.6392308260497 779.76166014737464 0 190.84500000000003 1 2 3 2005.5000000000002 2013.5000000000002 2013.5000000000002 4 2784.7630142627772 20.005000000000006 2007.5000000000002 3487.2195577335215 5 1.0000000180025095e-35 4500.0473101299594 1670.4993966210782 1.0000000180025095e-35 6 7 479.86000000000007 2007.5000000000002 1686.6704729814053 4792.6836324509404 8 9 3104.7188819842099 2105.7117662629939 1390.336440162946 2009.5000000000002 10 223.11000000000004 1.0000000180025095e-35 11 0.70500000000000018 2015.5000000000002 0.70500000000000018 2016.5000000000002 2017.5000000000002 3.7213333333333338 29.500000000000004 1800.0057157622614 1.0000000180025095e-35 12 3487.2195577335215 495.7591259452314 19.060000000000006 1463.7524846178458 1.5000000000000002 13 18.167333333333335 1039.7378333333334 914.95000000000016 14 15 2011.5000000000002 1700.0197676540358 24.050000000000004
decision_type=2 2 2 2 1 2 9 1 9 2 2 2 9 2 2 2 2 9 2 2 2 2 9 1 2 2 2 2 1 9 2 2 2 2 1 2 2 9 2 2 2 2 2 2 2 2 2 1 2 2 2 2 2 1 2 2 2 9 9 2 2 2
left_child=1 3 28 31 49 6 7 8 9 20 -10 -9 13 -4 47 -16 -12 18 -17 -20 -6 26 23 -23 -25 51 -7 60 29 -2 32 -1 -31 34 35 -30 -37 -35 39 -39 -41 -42 -40 44 61 46 -45 48 52 -3 -28 -26 53 -14 -55 56 -15 -50 -8 -60 -19 -13
right_child=2 4 12 -5 5 21 58 11 10 -11 16 43 14 55 15 17 -18 27 19 -21 -22 22 -24 24 25 -27 50 -29 33 30 -32 -33 -34 37 -36 36 -38 38 42 40 41 -43 -44 45 -46 -47 -48 -49 57 -51 -52 -53 -54 54 -56 -57 -58 -59 59 -61 -62 -63
leaf_value=-1.1459126441581933 1.1987724592600617 -16.610954925749038 -10.702860837014731 -0.49997771912062672 7.3190585788186286 -0.19049432250056386 -0.26251796166223723 0.57029828304504004 2.0871026790431433 18.603236235150721 39.474286836521195 2.9327178860569862 -0.35391734621741555 2.003884690354393 -22.702309247067102 2.5435509913262457 6.5240653908771025 22.076476214482234 -1.7804771724950386 -16.05836487848844 -8.2135191433559882 0.087610773636117273 0.53980950305261455 -3.2713384108993631 -10.780854347103933 -9.6323689306297737 4.2711594718603099 5.0216685690643459 1.8159316543762278 -19.065321007753031 -31.694898996353153 16.39886791970995 -2.191817404756367 1.399031058368194 1.3681207878806996 -4.5845228013212305 -34.628556703627112 2.222920533072354 2.0921957416989634 5.7771317541275344 41.006816583710751 11.143693341781844 3.7598480502932903 2.6058189442947803 28.141998828947546 1.3333342049213401 9.5544248748761511 -1.51847940541302 2.9489790897203401 -0.12702839977632693 0.81324325133130504 -25.842620280129569 -3.5765169735612541 30.819238704183832 14.214778056348624 17.50893038643731 -21.613445729017258 6.5362380076651947 0.26148680504278976 1.6480277587201819 3.2124807257740686 20.137260459718249
leaf_weight=147255 2247 36 149 130972 146 17998 9352 5544 999 452 33 111 33 794 38 1857 23 26 216 112 87 889 8698 466 61 743 846 6341 328 39 20 36 758 19115 6071 405 60 321 20802 299 37 67 4436 457 32 1102 449 183 1017 53828 22534 140 29 46 152 36 32 3063 10742 10117 10551 42
leaf_count=147255 2247 36 149 130972 146 17998 9352 5544 999 452 33 111 33 794 38 1857 23 26 216 112 87 889 8698 466 61 743 846 6341 328 39 20 36 758 19115 6071 405 60 321 20802 299 37 67 4436 457 32 1102 449 183 1017 53828 22534 140 29 46 152 36 32 3063 10742 10117 10551 42
internal_value=0.00255859 -0.446093 2.39103 -0.839616 0.304301 0.563047 1.04587 2.5808 7.02879 12.6082 3.3218 1.5727 3.81796 -0.0636147 3.98214 3.552 25.9412 3.60423 1.15729 -6.65585 1.51934 0.19729 -0.743609 -5.57736 -9.12457 -12.1106 0.447351 3.91725 1.75092 -0.108397 -3.67454 -1.14162 -3.0175 1.86026 0.72563 -4.15793 -8.46117 2.03345 2.49905 6.49834 9.90383 21.7681 2.38531 4.11399 11.1991 3.46122 6.04944 5.81126 6.10975 -0.13802 0.938367 -21.2716 13.319 15.4401 18.0724 1.77468 1.08893 5.66531 0.563327 0.933537 3.25885 7.65553
internal_weight=503870 424190 79680 278263 145927 92063 39688 9477 1740 685 1055 7737 24675 1011 23664 19141 56 19103 2185 328 233 52375 10997 2299 1410 944 41378 16918 55005 3064 817 147291 797 51941 6864 793 465 45077 25962 724 403 104 25238 2193 185 2008 906 4523 4340 53864 23380 201 260 231 198 862 826 4080 30211 20859 10577 153
internal_count=503870 424190 79680 278263 145927 92063 39688 9477 1740 685 1055 7737 24675 1011 23664 19141 56 19103 2185 328 233 52375 10997 2299 1410 944 41378 16918 55005 3064 817 147291 797 51941 6864 793 465 45077 25962 724 403 104 25238 2193 185 2008 906 4523 4340 53864 23380 201 260 231 198 862 826 4080 30211 20859 10577 153
cat_boundaries=0 1 2 3 4 5 6 7 8 9 10 11 13 14 15 16 17
cat_threshold=14 352516 16 81920 537149452 2281705474 73984 97 138 4932622 16 2965805264 1 53 4 1111589120 2200995360
is_linear=0
shrinkage=0.05


Tree=75
num_leaves=63
num_cat=15
split_feature=3 3 3 1 0 4 4 17 7 0 10 4 0 3 7 1 10 0 4 1 0 7 17 14 14 10 7 3 3 7 15 4 18 7 15 10 10 0 0 7 0 19 1 3 0 17 19 10 19 1 10 7 3 19 19 4 7 19 10 7 0 21
split_gain=1.92338e+08 3.55738e+07 3.37399e+07 8.03108e+06 7.94637e+06 1.18814e+07 9.50382e+06 7.30133e+06 8.40461e+06 7.14553e+06 7.95646e+06 8.3134e+06 6.88399e+06 6.52084e+06 6.32927e+06 1.70061e+07 1.97093e+07 1.09616e+07 6.07649e+06 5.87688e+06 1.90409e+07 3.06635e+07 1.15841e+07 1.21463e+07 1.14378e+07 9.79978e+06 9.4513e+06 8.76179e+06 8.11555e+06 6.96615e+06 6.82116e+06 6.21421e+06 7.7197e+06 6.20135e+06 6.00119e+06 5.80774e+06 1.18674e+07 1.21239e+07 8.40961e+06 6.43485e+06 5.79975e+06 5.71983e+06 5.45086e+06 8.98838e+06 1.36307e+07 8.76033e+06 8.95976e+06 6.03911e+06 5.19103e+06 5.15315e+06 3.38434e+07 9.65019e+06 6.8427e+06 6.38468e+06 8.6e+06 4.93754e+06 4.87577e+06 4.75989e+06 4.74387e+06 4.72973e+06 1.09667e+07 9.64432e+06
threshold=2066.3076879164314 3904.2033643443924 1059.4655861734054 0 1 716.62500000000011 4.995000000000001 50.405000000000008 2008.5000000000002 2 4.5000000000000009 3.5050000000000003 3 450.00537518813172 2007.5000000000002 4 4.5000000000000009 5 243.40500000000003 6 7 2007.5000000000002 726.0150000000001 28.350000000000005 31.450000000000003 1.0000000180025095e-35 2016.5000000000002 1616.0996792483809 1700.0197676540358 2012.5000000000002 20.650000000000002 577.8900000000001 1864.097142857142 2005.5000000000002 24.050000000000004 5.5000000000000009 4.5000000000000009 8 9 2012.5000000000002 10 494.76400000000007 11 2400.004260758416 12 586.37500000000011 878.44200000000012 1.0000000180025095e-35 3.1291666666666673 13 4.5000000000000009 2013.5000000000002 4500.0473101299594 1109.3031666666668 974.92200000000003 60.310000000000009 2017.5000000000002 3.7213333333333338 4.5000000000000009 2015.5000000000002 14 1.5000000000000002
decision_type=2 2 2 1 9 2 2 2 2 9 2 2 9 2 2 1 2 9 2 1 9 2 2 2 2 2 2 2 2 2 2 2 2 2 2 2 2 9 9 2 9 2 1 2 9 2 2 2 2 1 2 2 2 2 2 2 2 2 2 2 9 2
left_child=2 3 13 14 5 6 48 -6 41 10 11 -5 -10 -1 15 16 40 42 -12 20 21 27 23 -23 28 -24 -22 31 -25 -21 -27 32 33 -4 -26 36 -11 39 -37 -38 -2 -9 43 44 -16 46 47 -46 -3 50 51 53 -53 54 -14 -30 -41 -31 -29 -45 -61 -62
right_child=1 4 19 9 7 -7 -8 8 12 35 18 -13 49 -15 17 -17 -18 -19 -20 29 26 22 25 24 34 30 -28 58 55 57 -32 -33 -34 -35 -36 38 37 -39 -40 56 -42 -43 -44 59 45 -47 -48 -49 -50 -51 -52 52 -54 -55 -56 -57 -58 -59 -60 60 61 -63
leaf_value=-1.4597289175120749 -0.18243597745895387 4.9761871315712156 2.5639489975440366 -7.681469956951009 5.1687949969797664 -11.218531872692719 5.3223277952350108 4.2809711456298833 0.31171193052965368 0.89159141012850185 -1.4754073653028783 0.41947400667847135 5.5685776172145722 -0.78346063666206123 2.7863548343236739 1.0112339707440652 -33.122861442013061 1.3710627877630821 -9.5391488167050227 -0.53278343859208543 0.15827197077392954 9.1043188186753703 35.008181788371161 68.597568876846978 12.288037231919311 17.562275045993282 10.686642623696217 -0.55185938902641152 52.684663616527217 2.4162913531720016 -4.1105484648356363 -0.80461165752018349 28.891724978266538 10.831715406179429 39.777029327245863 -7.1144048216259881 -7.2185279907718787 3.1299380650952298 0.76782846945607774 20.572551484929917 -10.8052107264953 -28.079370233747696 1.6826775582094322 2.4717558929051755 36.063803217524573 7.7289591262075632 54.645791349411013 14.481566049683261 -15.96206035664207 3.8607289478443487 -20.016170105630952 -1.8686701296744024 -30.531012808758277 5.5748431627259007 44.983646392822266 23.060472014011481 6.1493989948183305 0.10718446537143383 -11.2840847983716 12.682272223083279 4.4355228333370489 -9.1263489082668521
leaf_weight=44412 313 43 613 342 6453 219 520 22 1788 9772 502 4281 31 180585 509 4940 69 40219 437 59800 24932 119 26 23 84 51 215 607 22 2292 126 413 37 360 26 487 31 1098 1060 219 214 36 5854 6920 42 180 20 142 95 14223 173 220 23 655 25 39 80 84922 124 385 2060 140
leaf_count=44412 313 43 613 342 6453 219 520 22 1788 9772 502 4281 31 180585 509 4940 69 40219 437 59800 24932 119 26 23 84 51 215 607 22 2292 126 413 37 360 26 487 31 1098 1060 219 214 36 5854 6920 42 180 20 142 95 14223 173 220 23 655 25 39 80 84922 124 385 2060 140
internal_value=-0.0122299 1.89397 -0.512069 1.38501 3.56066 -1.118 2.22673 3.73306 3.19645 0.463963 -1.03025 -0.179817 3.26076 -0.916949 1.65663 0.0435037 -7.86266 1.81507 -5.22818 0.00898704 0.675287 4.68192 15.6472 21.6804 29.3947 6.34463 0.248188 2.07688 43.2877 -0.117124 2.13416 4.36248 6.47536 5.62294 18.7854 1.11624 1.51377 5.77138 -1.75455 14.0399 -4.70454 -15.8048 2.91121 3.60058 8.40012 15.3685 22.8626 19.4079 -9.43782 3.60172 0.327723 4.02035 -4.58157 6.96025 23.1646 33.7446 16.7135 0.167868 -2.37237 3.15345 4.97833 3.55633
internal_weight=504670 104842 399828 80316 24526 877 658 23649 17196 18309 5562 4623 17138 224997 62007 5536 596 56471 939 174831 27817 2670 516 313 194 203 25147 2154 84 147014 177 1423 1010 973 110 12747 11200 1428 1547 330 527 58 16252 10398 893 384 204 184 138 15350 1127 954 243 711 56 61 299 87214 731 9505 2585 2200
internal_count=504670 104842 399828 80316 24526 877 658 23649 17196 18309 5562 4623 17138 224997 62007 5536 596 56471 939 174831 27817 2670 516 313 194 203 25147 2154 84 147014 177 1423 1010 973 110 12747 11200 1428 1547 330 527 58 16252 10398 893 384 204 184 138 15350 1127 954 243 711 56 61 299 87214 731 9505 2585 2200
cat_boundaries=0 1 2 3 4 5 6 7 8 9 10 11 12 13 14 15
cat_threshold=53 2149859392 2149955984 134219778 16 153963174 17 344064 16793664 16793608 65536 17 16777218 16 134217730
is_linear=0
shrinkage=0.05


Tree=76
num_leaves=63
num_cat=13
split_feature=20 20 20 1 0 20 1 0 7 10 4 20 10 10 7 7 19 4 10 13 10 15 7 20 7 0 0 20 7 1 0 7 1 0 1 19 10 4 7 19 10 7 4 10 19 19 10 10 4 18 4 10 10 0 10 19 15 10 7 4 0 20
split_gain=1.72995e+08 4.15136e+07 2.34481e+07 9.00222e+06 7.33196e+06 4.9865e+06 4.69903e+06 2.03989e+07 2.41763e+07 8.22166e+06 6.78757e+06 8.45028e+06 6.70602e+06 8.63896e+06 6.10164e+06 5.3774e+06 4.66065e+06 1.44901e+07 2.08812e+07 1.30093e+07 9.02647e+06 6.51293e+06 6.5747e+06 4.73822e+06 4.69869e+06 9.16038e+06 6.22281e+06 4.61714e+06 4.55828e+06 4.55143e+06 5.83767e+06 5.15575e+06 1.76182e+07 1.11616e+07 1.00846e+07 1.40498e+07 2.444e+07 1.31186e+07 9.68283e+06 1.97646e+07 1.69235e+07 9.64851e+06 8.99109e+06 2.07698e+07 7.62429e+06 8.61833e+06 7.77305e+06 1.56397e+07 6.96249e+06 5.82772e+06 5.82714e+06 4.95786e+06 4.54032e+06 4.51876e+06 8.31865e+06 4.43233e+06 1.01197e+07 5.11459e+06 4.42621e+06 4.31077e+06 6.19914e+06 4.26584e+06
threshold=1853.4508525673652 3415.5617713651791 924.27976309881115 0 1 5229.0057692225555 2 3 2006.5000000000002 5.5000000000000009 2382.1550000000002 1422.9185104786275 3.5000000000000004 2.5000000000000004 2012.5000000000002 2013.5000000000002 915.95366666666678 42.540000000000006 4.5000000000000009 283.50000000000006 5.5000000000000009 27.050000000000004 2008.5000000000002 5846.5037224942653 2015.5000000000002 4 5 1578.4560009048018 2017.5000000000002 6 7 2008.5000000000002 8 9 10 432.50833333333338 1.0000000180025095e-35 509.12500000000006 2015.5000000000002 45.288000000000011 1.0000000180025095e-35 2013.5000000000002 479.86000000000007 4.5000000000000009 5169.8666666666677 1156.6081666666669 3.5000000000000004 2.5000000000000004 781.10500000000013 1024.7514285714299 312.99500000000006 4.5000000000000009 1.0000000180025095e-35 11 1.0000000180025095e-35 1109.3031666666668 20.850000000000005 1.5000000000000002 2013.5000000000002 24.605000000000004 12 418.3105200512727
decision_type=2 2 2 1 9 2 1 9 2 2 2 2 2 2 2 2 2 2 2 2 2 2 2 2 2 9 9 2 2 1 9 2 1 9 1 2 2 2 2 2 2 2 2 2 2 2 2 2 2 2 2 2 2 9 2 2 2 2 2 2 9 2
left_child=2 29 61 5 16 59 7 8 10 12 11 -4 13 53 -8 -9 23 19 21 -18 -20 22 -19 24 25 -5 28 -17 -26 31 -31 32 -2 34 35 38 48 41 -33 40 -40 44 -34 -44 45 46 47 -38 58 -39 -49 -51 -32 54 -10 56 -24 -58 -37 60 -3 -1
right_child=1 3 6 4 -6 -7 14 15 9 -11 -12 -13 -14 -15 -16 27 17 18 20 -21 -22 -23 55 -25 26 -27 -28 -29 -30 30 52 33 42 -35 -36 36 37 49 39 -41 -42 -43 43 -45 -46 -47 -48 50 -50 51 -52 -53 -54 -55 -56 -57 57 -59 -60 -61 -62 -63
leaf_value=-1.4340444101230481 0.97166887169690552 6.6252893066096226 5.7350580782969143 4.4298614232682842 -0.45777323035625445 4.8039576275442286 -0.57765855622247242 -0.12350221897451626 15.315498635201227 41.638665352696961 -8.0083813374150878 -0.91270782711401655 0.84018610856664466 23.784213833824584 0.033447321669798462 20.329675621729272 13.507592073809811 -17.032067816074079 -16.898222921720517 55.361646922429408 8.5765136210123707 -10.292823506301303 46.703536732991537 -10.417675591753676 -5.914745798593259 -1.8865137269199288 4.8876950163709409 3.8107786287703824 3.0979791209397729 -0.33746996077242131 -0.89061017469751214 1.1958790054136175 -0.8518091142864338 1.0688665453763808 1.539010728373694 35.89068098552525 -0.28843941986560823 -3.4684964186184724 -18.093712982177735 3.4205114028981556 25.680801600225706 2.007395055298264 -5.4395868811873198 -29.529305213802264 -2.7476546858747799 48.524000819524133 6.2417623522993813 57.723212807973226 14.810043027560887 11.039420198798181 28.069863870981578 -9.4974441411594555 1.5072327146117073 15.269478155231035 -3.4797655988095415 7.2075435716769682 27.866663314819334 0.16848899459838867 15.729736779238047 2.7976172496425549 2.5407065230705772 -0.8282621503683143
leaf_weight=35888 10366 1927 1001 913 2944 5207 76606 21462 105 23 165 915 127 152 87503 51 82 26 153 24 45 53 24 77 262 1509 1980 248 302 12556 2345 2286 615 39859 5888 96 34 356 25 783 189 141 574 106 36 27 77 30 164 160 37 36 12484 206 134 773 25 50 38 19759 1872 152769
leaf_count=35888 10366 1927 1001 913 2944 5207 76606 21462 105 23 165 915 127 152 87503 51 82 26 153 24 45 53 24 77 262 1509 1980 248 302 12556 2345 2286 615 39859 5888 96 34 356 25 783 189 141 574 106 36 27 77 30 164 160 37 36 12484 206 134 773 25 50 38 19759 1872 152769
internal_value=-0.011609 1.58213 -0.549318 2.96614 1.60258 3.40251 -0.155222 0.489256 4.47636 12.2084 1.72238 2.56037 11.2734 13.4929 -0.251801 -0.030716 2.56489 5.29551 3.66368 22.984 -11.1085 6.73928 7.74451 1.89043 2.08127 0.505016 3.58193 6.62838 -1.06981 0.993137 0.455819 1.23049 0.283487 1.45044 2.90863 4.68739 9.25086 5.273 2.98915 7.10089 20.567 12.3962 -5.19256 -9.19475 18.4744 22.2012 18.2084 27.3314 21.7184 0.343505 41.3475 7.26734 1.12729 9.97763 4.5857 8.48327 18.4442 9.40121 30.1734 3.09419 4.63669 -0.943499
internal_weight=504670 127315 377355 38007 9242 28765 188698 24589 2828 747 2081 1916 724 597 164109 21761 6298 1255 1149 106 198 951 898 5043 4966 2422 2544 299 564 89308 27385 61923 11661 50262 10403 4515 1232 934 3283 997 214 382 1295 680 241 205 178 101 298 552 67 196 14829 445 239 872 99 75 134 23558 3799 188657
internal_count=504670 127315 377355 38007 9242 28765 188698 24589 2828 747 2081 1916 724 597 164109 21761 6298 1255 1149 106 198 951 898 5043 4966 2422 2544 299 564 89308 27385 61923 11661 50262 10403 4515 1232 934 3283 997 214 382 1295 680 241 205 178 101 298 552 67 196 14829 445 239 872 99 75 134 23558 3799 188657
cat_boundaries=0 1 3 4 5 7 8 9 10 11 12 13 14 15
cat_threshold=37 1915963906 1 17 134594560 807405568 1 807471104 53 2300951496 33 145572358 16 311296 3105891990
is_linear=0
shrinkage=0.05


Tree=77
num_leaves=63
num_cat=17
split_feature=3 20 20 20 1 3 19 0 10 3 4 18 0 1 17 18 20 16 3 4 20 10 10 0 1 2 0 14 18 1 0 3 10 14 10 0 1 19 19 6 17 3 20 0 10 3 18 19 0 0 18 12 20 0 3 14 6 3 3 10 10 1
split_gain=1.57133e+08 3.48534e+07 2.28398e+07 8.09387e+06 5.69786e+06 6.931e+06 9.66034e+06 5.50234e+06 1.05956e+07 9.62882e+06 5.45355e+06 1.33267e+07 1.64693e+07 9.69892e+06 6.10825e+06 7.17756e+06 6.57517e+06 5.37436e+06 4.43231e+06 4.40797e+06 4.33295e+06 3.93871e+06 5.74948e+06 1.58214e+07 1.45776e+07 6.08038e+06 5.88166e+06 6.64113e+06 3.86162e+06 3.85215e+06 5.23263e+06 4.12179e+06 5.89273e+06 3.95903e+06 3.72804e+06 9.02238e+06 1.80519e+07 1.11832e+07 6.34573e+06 6.25003e+06 6.00074e+06 5.35319e+06 4.80408e+06 3.97695e+06 3.66197e+06 3.63344e+06 8.33082e+06 3.61449e+06 3.53806e+06 3.45506e+06 3.40935e+06 3.38319e+06 3.30338e+06 3.27531e+06 4.88024e+06 3.438e+06 3.26162e+06 3.25875e+06 3.23806e+06 3.09004e+06 1.18258e+07 1.29285e+07
threshold=1900.0009152684763 3209.0769230769233 999.99998451777526 4383.0987632676979 0 3207.3745910625325 3.7213333333333338 1 4.5000000000000009 2336.9791367048933 361.2000000000001 561.04214285714295 2 3 1501.4500000000003 1864.097142857142 3600.0489955903977 1.4500000000000002 450.00537518813172 6.6050000000000013 1361.5925202790247 5.5000000000000009 4.5000000000000009 4 5 6 7 29.650000000000002 220.70714285714288 8 9 4371.0287820196727 1.5000000000000002 29.650000000000002 1.0000000180025095e-35 10 11 416.29816666666676 622.81283333333351 1.5000000000000002 36.610000000000007 3158.1210901774289 1616.4279076017899 12 5.5000000000000009 4782.7513255980266 1547.9357142857145 5.2833333333333492 13 14 117.07357142857141 36.500000000000007 1787.5803546659383 15 2626.6259354325598 29.150000000000002 8.5000000000000018 4628.4457362818657 4500.0473101299594 5.5000000000000009 4.5000000000000009 16
decision_type=2 2 2 2 1 2 2 9 2 2 2 2 9 1 2 2 2 2 2 2 2 2 2 9 1 1 9 2 2 1 9 2 2 2 2 9 1 2 2 2 2 2 2 9 2 2 2 2 9 9 2 2 2 9 2 2 2 2 2 2 2 1
left_child=2 4 18 29 5 7 -7 8 19 44 11 48 13 14 15 16 -13 -8 -1 -2 -21 22 -5 57 -25 -26 27 -27 50 31 33 -3 -33 -31 35 36 37 -6 40 -40 -39 -42 -37 -36 -10 53 51 -34 -4 -44 -28 56 -14 -32 55 -55 -47 -24 -23 60 -56 -62
right_child=1 3 10 21 34 6 17 -9 9 -11 -12 12 52 -15 -16 -17 -18 -19 -20 20 -22 58 23 24 25 26 28 -29 -30 30 45 32 47 -35 43 42 -38 38 39 -41 41 -43 49 -45 -46 46 -48 -49 -50 -51 -52 -53 -54 54 59 -57 -58 -59 -60 -61 61 -63
leaf_value=-1.3077315620253553 -5.6488377268904841 2.4186292308580311 0.31217175533326896 3.7200474149798346 1.7763123409903567 6.2267952034690168 -30.116866598810471 1.0245268893258177 -5.6767758626112723 -15.688032391840819 -0.40938222317593786 7.576812253460858 -0.05578698301676726 2.5074462019176953 3.1954663087858273 20.15433463888078 33.65311262512207 -6.6139034190843278 -0.74376386296470842 -9.2833200750473353 0.68072229538167561 9.6603567652787685 -6.0273491794412788 -14.947115426227965 6.7447618832685396 -22.323714575529099 6.4003782519172221 -1.9805668768477558 -0.043698426598277176 -14.462661157372176 2.6146245064417823 9.8374474014664113 22.52602203542536 2.9837367682456972 9.5575694078384945 7.7840558776906095 0.47324094150291984 11.069652823039464 -2.9064269795137294 16.05459649954118 49.513374808099542 20.061459285241586 -0.62068251768695981 0.92548193148894298 0.79806383100131928 -21.659950575461757 19.944700168427968 1.9322295152731019 -0.31377431130820194 1.7248389536144892 25.54797277748585 -31.637431965703549 3.8095461662192855 9.5908668053055575 0.87662452577665706 0.23714333054441844 2.728396688658616 -22.859198357685504 4.5015502297554262 4.708569457185896 7.1217782866209749 -11.382936173427868
leaf_weight=44309 321 17517 41651 12249 184 55 56 7135 601 189 75617 732 5029 1894 423 158 25 43 163000 112 4224 447 44 106 693 50 85 203 179 93 4392 467 22 50 124 286 756 35 51 294 36 27 2020 54605 343 26 21 676 49268 7023 32 23 621 252 3696 161 29 83 952 361 118 396
leaf_count=44309 321 17517 41651 12249 184 55 56 7135 601 189 75617 732 5029 1894 423 158 25 43 163000 112 4224 447 44 106 693 50 85 203 179 93 4392 467 22 50 124 286 756 35 51 294 36 27 2020 54605 343 26 21 676 49268 7023 32 23 621 252 3696 161 29 83 952 361 118 396
internal_value=-0.0109942 1.55203 -0.508999 2.68873 0.923418 -0.0297125 -10.5745 0.0959042 -1.04839 -5.38662 -0.0891018 0.153568 2.00214 4.84201 8.10358 10.4611 8.43798 -19.9085 -0.864303 0.00480185 0.423349 3.62255 3.36492 0.415757 2.04401 3.60194 -0.299628 -5.77278 4.424 2.18971 1.37161 2.60876 5.49 -7.81595 1.11374 1.96693 5.72344 11.947 16.4411 13.2517 27.6692 36.8911 1.4024 0.946955 -3.32416 1.51837 -8.00866 2.58132 -0.0270217 1.20212 11.6373 -15.5346 0.368406 1.62058 0.737884 5.9445 -8.80064 -15.7848 6.14986 0.269069 -0.111611 -7.21767
internal_weight=504670 121943 382727 43423 78520 13079 154 12925 5790 1133 175418 99801 8882 3232 1338 915 757 99 207309 4657 4336 15123 13724 1475 1348 1242 549 253 296 28300 9618 18682 1165 143 65441 10712 1383 627 443 345 98 63 9329 54729 944 9475 99 698 90919 9043 117 78 5650 9376 4984 413 55 127 1399 4571 4210 514
internal_count=504670 121943 382727 43423 78520 13079 154 12925 5790 1133 175418 99801 8882 3232 1338 915 757 99 207309 4657 4336 15123 13724 1475 1348 1242 549 253 296 28300 9618 18682 1165 143 65441 10712 1383 627 443 345 98 63 9329 54729 944 9475 99 698 90919 9043 117 78 5650 9376 4984 413 55 127 1399 4571 4210 514
cat_boundaries=0 1 3 4 5 6 7 8 9 10 11 12 13 14 15 16 18 19
cat_threshold=138 2200285956 1 536961032 16 2 16 2 1358987520 39 2181070880 81920 16 2621440 686780684 3228567698 1348616774 1 64
is_linear=0
shrinkage=0.05


Tree=78
num_leaves=63
num_cat=16
split_feature=3 20 20 1 0 10 10 10 17 19 20 7 15 20 3 15 10 0 10 0 1 1 0 3 20 13 13 20 20 7 3 7 20 3 18 18 7 1 10 7 0 20 0 0 7 0 0 1 19 3 10 1 0 3 17 7 20 13 10 20 17 10
split_gain=1.41822e+08 3.028e+07 2.16382e+07 6.8927e+06 1.4378e+07 1.09689e+07 1.75158e+07 1.9148e+07 1.53292e+07 1.33124e+07 1.0766e+07 8.90987e+06 8.62311e+06 1.30754e+07 7.55414e+06 7.47674e+06 7.21294e+06 1.3183e+07 1.12265e+07 2.24445e+07 1.23321e+07 6.49929e+06 7.76496e+06 1.41186e+07 6.96318e+06 6.30059e+06 5.69847e+06 1.19704e+07 5.25392e+06 5.22031e+06 6.77938e+06 5.15773e+06 5.04356e+06 5.00372e+06 6.36077e+06 5.76362e+06 4.88487e+06 1.03194e+07 1.67158e+07 1.05234e+07 8.66053e+06 8.22788e+06 6.41738e+06 4.66193e+06 4.73563e+06 4.62933e+06 4.60398e+06 4.47479e+06 4.44574e+06 4.3429e+06 4.14651e+06 1.0778e+07 8.13743e+06 4.01768e+06 3.98382e+06 4.53794e+06 3.94502e+06 3.90499e+06 3.85801e+06 3.79041e+06 3.68304e+06 3.67366e+06
threshold=2251.1102372189885 1097.4331365417831 4000.0000000000009 0 1 1.0000000180025095e-35 2.5000000000000004 3.5000000000000004 29.915000000000006 31.298333333333336 2589.2934923515691 2006.5000000000002 21.450000000000003 2625.3205655104398 1939.9037800101239 12.750000000000002 5.5000000000000009 2 4.5000000000000009 3 4 5 6 3158.1210901774289 962.98866955324524 301.50000000000006 267.50000000000006 3600.0489955903977 3161.1678463094036 2006.5000000000002 1442.7505144806125 2008.5000000000002 595.14585817695922 1852.6489059971782 30.332142857142866 916.61785714285713 2009.5000000000002 7 4.5000000000000009 2008.5000000000002 8 1820.0264981655118 9 10 2017.5000000000002 11 12 13 262.7956666666667 4000.0000000000009 5.5000000000000009 14 15 1939.9037800101239 5.0050000000000008 2003.5000000000002 1298.0943810862038 54.500000000000007 5.5000000000000009 2225.6247237495331 612.07000000000016 4.5000000000000009
decision_type=2 2 2 1 9 2 2 2 2 2 2 2 2 2 2 2 2 9 2 9 1 1 9 2 2 2 2 2 2 2 2 2 2 2 2 2 2 1 2 2 9 2 9 9 2 9 9 1 2 2 2 1 9 2 2 2 2 2 2 2 2 2
left_child=1 32 21 4 5 12 8 9 -7 -8 16 -12 -3 54 25 -13 18 47 43 20 -20 22 58 61 -23 -11 33 -28 31 30 -22 45 -1 34 -17 -36 37 38 40 -40 -26 56 -38 44 -6 -5 -33 -18 -46 -43 59 -52 -53 -29 -14 -56 -42 -58 -2 -44 -41 -24
right_child=2 3 -4 28 10 6 7 -9 -10 14 11 15 13 -15 -16 26 17 -19 19 -21 29 24 23 -25 36 -27 27 53 -30 -31 -32 46 -34 -35 35 -37 42 -39 39 60 41 49 50 -45 48 -47 -48 -49 -50 -51 51 52 -54 -55 55 -57 57 -59 -60 -61 -62 -63
leaf_value=-1.0747048314835019 1.1910199158919688 -1.3302959770314835 3.1425541135517032 -3.855625510998836 0.83428407403808602 6.0022460195316141 2.4212502982165365 -1.9812468389024982 -9.9243057431160722 15.417578802938047 -8.5178144630193717 -6.4672321062409486 -1.1939329465714896 47.46796299103768 42.39634977828625 28.337305677698016 -0.80207349941152861 0.4510517284116764 1.2396487908279585 -0.17725193915692877 -8.1045833399762284 20.134398452758788 -1.3926608048290514 -30.923420879688667 -9.1851441040171053 41.517835659450952 8.1885459889272223 48.989192749903758 -7.6718643202740928 -6.8377825428016212 -23.419120189121791 -0.48825944256674625 -0.59542425610468486 2.2974768931118414 -0.55292207749266375 18.278394380757508 1.2128905806469026 1.0682260273796516 -32.274522805825256 2.9217497211032448 -3.8063875688088906 -2.6560423255241359 5.8082943801096647 0.022596722518717055 15.064227394496696 -0.80387021626406652 0.23265895435542772 5.5926393514987476 3.376123512502927 14.754200132269609 3.0879341338952124 -10.505190896489598 -0.51690021260271946 23.481612110137942 -4.2372479362487798 18.40963232573122 -3.636401144663493 18.623868197094311 -4.3971092772269484 2.435977343613045 -22.437081336975098 -8.5633247090593851
leaf_weight=87634 3373 85 22327 1499 20024 267 111 231 348 161 100 89 41 31 43 47 319 6755 449 6867 184 50 838 47 279 27 157 26 234 1312 119 37351 146908 335 95 71 32254 8201 78 45 37 624 875 38785 102 7156 54373 2099 402 38 1414 298 620 38 25 192 24 110 340 17458 21 227
leaf_count=87634 3373 85 22327 1499 20024 267 111 231 348 161 100 89 41 31 43 47 319 6755 449 6867 184 50 838 47 279 27 157 26 234 1312 119 37351 146908 335 95 71 32254 8201 78 45 37 624 875 38785 102 7156 54373 2099 402 38 1414 298 620 38 25 192 24 110 340 17458 21 227
internal_value=-0.0104455 -0.399819 1.79386 0.0869102 0.433471 5.16825 2.85041 9.14022 -3.00985 16.6521 0.33846 5.60648 12.669 16.7864 23.4903 7.25266 0.273315 1.5897 0.0963725 -1.55629 -6.11393 1.3461 -0.422344 -4.06803 1.48261 19.166 8.84053 15.6182 -0.188456 -8.15341 -14.1192 -0.17103 -0.774502 6.1072 12.099 7.50144 1.4679 0.421211 -3.78184 -19.8411 -1.73624 0.858606 1.65495 0.345221 0.954302 -1.3378 -0.0609346 4.74917 5.74157 -1.65666 2.34319 0.358479 -3.83755 33.8441 13.0999 15.8005 10.6463 14.637 0.677489 2.59693 -5.14697 -2.92106
internal_weight=504670 415092 89578 180550 79937 1562 1188 573 615 342 78375 958 374 289 231 858 77417 9173 68244 8931 2064 67251 4825 1112 62426 188 769 221 100613 1615 303 100379 234542 548 213 166 62376 9457 1256 144 1112 833 52919 59313 20528 8655 91724 2418 504 662 20665 2332 918 64 258 217 171 134 3713 18333 66 1065
internal_count=504670 415092 89578 180550 79937 1562 1188 573 615 342 78375 958 374 289 231 858 77417 9173 68244 8931 2064 67251 4825 1112 62426 188 769 221 100613 1615 303 100379 234542 548 213 166 62376 9457 1256 144 1112 833 52919 59313 20528 8655 91724 2418 504 662 20665 2332 918 64 258 217 171 134 3713 18333 66 1065
cat_boundaries=0 1 2 3 4 5 6 7 8 9 11 12 13 14 15 16 17
cat_threshold=177 278528 73992 73984 33 138 675964042 16 16384 2999367768 1 146875650 2415976450 2567021026 32 49 16384
is_linear=0
shrinkage=0.05


Tree=79
num_leaves=63
num_cat=20
split_feature=3 20 20 20 1 20 0 0 20 0 10 10 10 20 18 13 12 1 3 19 0 16 21 20 13 0 10 0 10 0 3 4 0 3 10 10 0 1 3 20 1 4 18 10 0 1 19 20 13 4 20 12 0 6 1 0 3 17 3 3 0 1
split_gain=1.2858e+08 2.84487e+07 1.88472e+07 6.88908e+06 5.21008e+06 7.7764e+06 1.11537e+07 1.06855e+07 7.36407e+06 8.05192e+06 6.37753e+06 8.03363e+06 9.95238e+06 8.00556e+06 5.6449e+06 5.45156e+06 5.00291e+06 4.71496e+06 5.77575e+06 8.37084e+06 4.84616e+06 4.64175e+06 4.6297e+06 5.50302e+06 4.53293e+06 4.37692e+06 4.25765e+06 9.55862e+06 6.25027e+06 1.41724e+07 4.2296e+06 4.6e+06 4.0713e+06 4.72176e+06 4.42297e+06 6.43433e+06 9.76176e+06 3.97723e+06 3.8256e+06 3.7742e+06 3.48504e+06 3.32719e+06 4.41765e+06 3.23284e+06 7.75485e+06 1.57817e+07 9.86407e+06 6.14152e+06 7.20921e+06 5.18754e+06 4.28104e+06 3.89626e+06 3.57569e+06 3.39768e+06 3.23132e+06 4.30465e+06 3.56358e+06 3.53056e+06 3.71562e+06 3.57669e+06 3.2176e+06 6.98911e+06
threshold=1900.0009152684763 3209.0769230769233 850.00161415289278 4501.1082227991183 0 1994.9435098110962 1 2 2335.445547633391 3 3.5000000000000004 2.5000000000000004 1.0000000180025095e-35 1735.0000642406405 13.990714285714288 144.50000000000003 23.500000000000004 4 3207.3745910625325 3.7213333333333338 5 1.4500000000000002 2.5000000000000004 2225.6247237495331 249.50000000000003 6 5.5000000000000009 7 4.5000000000000009 8 1616.0996792483809 1201.8500000000001 9 2301.3822729599801 5.5000000000000009 4.5000000000000009 10 11 1421.7020853898334 2477.1922878756609 12 65.010000000000019 79.128571428571448 1.0000000180025095e-35 13 14 416.29816666666676 2281.7772687706679 182.50000000000003 799.3950000000001 1616.4279076017899 18.500000000000004 15 1.5000000000000002 16 17 5470.869381340538 1.905 4260.878826384117 5833.4745046068419 18 19
decision_type=2 2 2 2 1 2 9 9 2 9 2 2 2 2 2 2 2 1 2 2 9 2 2 2 2 9 2 9 2 9 2 2 9 2 2 2 9 1 2 2 1 2 2 2 9 1 2 2 2 2 2 2 9 2 1 9 2 2 2 2 9 1
left_child=2 17 -1 54 5 6 10 14 25 16 11 12 -4 15 24 38 -10 18 20 -20 -2 -21 23 -16 -7 -6 28 40 60 37 31 -9 33 -5 35 -34 -37 -30 -13 -18 -28 42 -41 44 45 46 -19 53 49 51 -46 -49 -45 -48 57 56 -56 58 -3 -59 61 -8
right_child=1 3 4 32 8 7 26 30 9 -11 -12 13 -14 -15 22 -17 39 43 19 21 -22 -23 -24 -25 -26 -27 27 -29 29 -31 -32 -33 34 -35 -36 36 -38 -39 -40 41 -42 -43 -44 52 50 -47 47 48 -50 -51 -52 -53 -54 -55 55 -57 -58 59 -60 -61 -62 -63
leaf_value=-0.8561301754482582 -1.2494621688408083 3.586192525985024 11.531304915610685 21.565671489740673 0.14438085008219781 21.509971523284914 4.6853532294991442 8.4923160886532489 -8.9400362837605361 -9.8100514026695791 -5.2431541267463144 1.9921285619338354 -3.3496863594321611 -8.3002230201448715 0.21844811387341331 28.302013404098986 -3.4166930694510977 1.5508766973958068 5.9828445781360982 -27.832787324275291 0.78566110924963606 -5.9903930774954866 14.862180964329415 -8.5046354293823239 -3.5813422457377118 -0.48810139495845839 7.916306442796099 0.16964888095511677 0.46897858407403997 -0.33306718013160735 3.8207165240232861 33.047985153198248 2.2721119846631352 3.9037725091536575 6.779840148681969 -15.863037473010266 0.48483685030113044 -6.3218943389693791 26.441060810784503 10.025765097330488 2.9008940395983132 -1.8924512722912958 36.506215585981096 9.0178348973615847 7.3045509693089059 0.37856920011452216 -3.4277136416048624 53.191421920061117 10.853486637219993 19.124747146500482 1.0912431685514434 25.474360389297917 0.83350390978818689 12.873159746007715 2.1636239401646593 -0.073142030727004523 -14.56467479467392 2.2493432171317487 10.730603609306399 -18.906071791648866 -0.052265918656601733 0.33940065798172037
leaf_weight=168464 4456 784 233 38 38052 45 1136 411 82 410 105 48 217 28 397 97 69 184 55 56 8469 43 35 332 30 97275 457 7006 258 6864 1145 20 3183 9078 442 117 331 1516 24 63 1553 34 21 124 286 756 37 32 73 45 9043 21 54605 235 6224 3724 32 19213 237 20 51471 4829
leaf_count=168464 4456 784 233 38 38052 45 1136 411 82 410 105 48 217 28 397 97 69 184 55 56 8469 43 35 332 30 97275 457 7006 258 6864 1145 20 3183 9078 442 117 331 1516 24 63 1553 34 21 124 286 756 37 32 73 45 9043 21 54605 235 6224 3724 32 19213 237 20 51471 4829
internal_value=-0.00993652 1.40396 -0.460428 2.43092 -0.149307 0.175728 0.0868093 2.9689 -0.336318 -5.53041 6.10561 8.04174 4.35536 16.4624 -1.59733 20.5651 1.30851 0.836035 -0.0309912 -9.65693 0.0836768 -18.3457 -2.90136 -3.7542 11.4734 -0.310282 0.0257166 1.04495 -0.113357 -1.36733 5.3758 9.63179 3.38445 3.97304 2.0523 1.48247 -4.12785 -5.33718 10.1418 5.87251 4.07476 11.3043 16.6459 1.00917 1.80367 5.28623 11.1048 15.3236 22.7486 31.6092 1.28035 42.2092 0.853847 10.6558 2.01496 1.274 2.07474 2.37827 5.24459 2.22734 0.0752328 1.17352
internal_weight=504670 121943 382727 43423 214263 78257 75842 2415 136006 679 752 647 450 197 839 169 269 78520 13079 154 12925 99 764 729 75 135327 75090 9016 66074 8638 1576 431 13189 9116 4073 3631 448 1774 72 187 2010 118 84 65441 10712 1383 627 443 171 98 9329 53 54729 272 30234 9980 6256 20254 1021 19233 57436 5965
internal_count=504670 121943 382727 43423 214263 78257 75842 2415 136006 679 752 647 450 197 839 169 269 78520 13079 154 12925 99 764 729 75 135327 75090 9016 66074 8638 1576 431 13189 9116 4073 3631 448 1774 72 187 2010 118 84 65441 10712 1383 627 443 171 98 9329 53 54729 272 30234 9980 6256 20254 1021 19233 57436 5965
cat_boundaries=0 1 2 4 6 7 9 10 11 12 14 15 16 17 18 19 20 21 23 24 25
cat_threshold=177 16384 3256107840 1 2952893512 1 138 2200220420 1 544102412 73984 73984 1669544712 1 2 33 16 81920 16 2621440 39 1349732934 1 134546434 16
is_linear=0
shrinkage=0.05


Tree=80
num_leaves=63
num_cat=19
split_feature=3 3 20 3 1 20 10 20 17 0 3 0 1 3 1 7 0 1 3 0 13 20 7 1 10 4 0 20 4 20 10 0 1 10 10 20 15 7 0 17 15 19 17 13 0 0 4 0 10 1 4 1 17 3 18 17 10 10 0 19 15 10
split_gain=1.14774e+08 2.4528e+07 1.66774e+07 5.216e+06 4.98657e+06 7.99347e+06 5.98639e+06 9.63618e+06 8.71512e+06 7.88616e+06 7.88224e+06 5.11186e+06 6.6442e+06 7.75236e+06 4.96283e+06 7.5253e+06 8.88682e+06 8.51265e+06 1.75391e+07 5.9154e+06 4.89491e+06 4.71807e+06 4.61504e+06 1.09019e+07 1.10244e+07 1.14003e+07 7.73944e+06 5.29154e+06 4.38514e+06 4.04121e+06 4.02814e+06 5.78515e+06 1.7906e+07 1.86335e+07 2.50768e+07 1.39253e+07 1.29135e+07 1.2811e+07 9.49242e+06 5.38173e+06 8.54738e+06 4.15556e+06 4.08357e+06 3.87622e+06 3.80409e+06 3.78893e+06 3.7184e+06 3.6308e+06 7.61966e+06 1.18135e+07 4.39711e+06 3.61881e+06 6.05854e+06 3.88803e+06 3.47747e+06 3.47191e+06 3.42738e+06 8.67608e+06 1.54314e+07 6.30591e+06 3.46761e+06 3.39725e+06
threshold=2251.1102372189885 1122.4364588355031 4092.4176710918609 520.24459711581551 0 1475.4522347069685 4.5000000000000009 1700.003623135897 35.005000000000003 1 3008.6330320794664 2 3 3063.3519712210964 4 2012.5000000000002 5 6 1600.0164473684215 7 116.50000000000001 732.45132046983201 2009.5000000000002 8 4.5000000000000009 135.31000000000003 9 1838.8550135501357 461.02500000000003 1578.4560009048018 3.5000000000000004 10 11 2.5000000000000004 1.0000000180025095e-35 1872.4046726614349 21.850000000000005 2007.5000000000002 12 710.34000000000003 21.950000000000003 954.82150000000013 1319.3300000000002 86.500000000000014 13 14 174.41000000000005 15 5.5000000000000009 16 58.515000000000008 17 69.615000000000009 4782.7513255980266 561.04214285714295 973.37500000000011 5.5000000000000009 4.5000000000000009 18 3923.8378333333344 17.950000000000003 3.5000000000000004
decision_type=2 2 2 2 1 2 2 2 2 9 2 9 1 2 1 2 9 1 2 9 2 2 2 1 2 2 9 2 2 2 2 9 1 2 2 2 2 2 9 2 2 2 2 2 9 9 2 9 2 1 2 1 2 2 2 2 2 2 9 2 2 2
left_child=1 3 4 29 5 -2 9 -8 -9 -7 -11 12 -6 -14 44 30 17 46 20 28 -19 -13 23 24 26 -26 27 -23 -20 -1 31 32 33 34 35 -16 -37 41 -36 40 -39 -35 -40 -43 -3 -5 61 48 -24 -50 -51 52 -49 -53 -42 -41 57 -4 59 -59 -60 -17
right_child=2 14 56 45 11 6 7 8 -10 10 -12 21 13 -15 15 16 -18 18 19 -21 -22 22 47 -25 25 -27 -28 -29 -30 -31 -32 -33 -34 37 38 36 -38 39 42 55 54 43 -44 -45 -46 -47 -48 51 49 50 -52 53 -54 -55 -56 -57 -58 58 60 -61 -62 -63
leaf_value=-1.0498781036608695 -21.124651066462199 7.2293328881960868 3.041598038584354 -0.059033735318853232 2.7634357095532813 1.6352530242596803 23.473564481735231 2.1134790658950808 -15.942274019138061 -4.8871634458485964 -37.282643866539004 22.28873376356507 -2.7310069827354337 -17.192422261061491 8.3865212769673043 1.4772534136564737 0.41905285553101229 19.723445336023968 9.7823582289648847 3.0684201289760473 51.657326968510951 10.597807922390581 2.6320089139609495 1.0326381526749773 0.74688180204023391 -27.769956462985871 -6.5456113056112564 -0.80090599119973005 29.84464658200741 -17.806811629401313 -0.55969748170157418 0.021791907128548522 -0.016303506828752853 5.8155563023522943 -8.9192044984147429 1.7380242261019623 48.654519232023851 17.252008659775193 0.78577420033480483 -1.6535537368059161 64.491672808783392 1.833382339136941 19.288134542107585 23.557616415890781 -0.23768656265073029 -0.64800720022218539 0.53184182479386 5.4190093506680803 2.9199389532808655 -8.0540596897525472 -0.092404665425419807 1.156433974362401 1.496587667627842 -13.233848510904515 37.362850259851527 27.45506600425357 4.8587569301913724 -6.4569147786224947 7.280881517230835 2.8139330709504979 1.3058910484304409 4.1974479717434949
leaf_weight=65154 48 161 16547 33721 475 1890 24 104 187 307 20 27 653 108 440 2911 29620 24 183 967 24 131 13215 8128 57 91 536 457 32 36 22129 33594 4459 237 333 22 44 37 438 20 21 28 32 77 70204 143816 4348 1367 921 529 258 36010 3518 47 27 21 1959 862 473 233 499 1895
leaf_count=65154 48 161 16547 33721 475 1890 24 104 187 307 20 27 653 108 440 2911 29620 24 183 967 24 131 13215 8128 57 91 536 457 32 36 22129 33594 4459 237 333 22 44 37 438 20 21 28 32 77 70204 143816 4348 1367 921 529 258 36010 3518 47 27 21 1959 862 473 233 499 1895
internal_value=-0.00228745 -0.352763 1.61976 -0.67663 1.24773 -0.907742 -0.528068 -6.9779 -9.48936 0.388349 -6.66472 1.33126 -1.8458 -4.72131 0.10341 0.326294 0.860904 2.11883 6.01305 4.85875 35.6904 1.39168 1.38325 0.358246 -3.92831 -16.7871 -2.27011 1.70953 12.2009 -1.05913 -0.0188256 0.281675 1.67897 5.90918 2.88098 11.599 33.0157 14.5053 -2.61258 28.1344 35.3111 9.48409 2.00289 17.7645 -0.219577 -0.536179 1.58958 1.55571 2.22434 -0.916847 -5.37571 1.31114 2.58892 1.13736 49.2317 13.2557 2.86944 2.66007 -0.394155 -4.44363 4.17057 2.54982
internal_weight=504736 415055 89681 242727 69108 2580 2532 315 291 2217 327 66528 1236 761 172328 101963 40004 10384 1230 1182 48 65292 65265 9400 1272 148 1124 588 215 65190 61959 39830 6236 1777 1309 506 66 468 803 126 85 342 470 105 70365 177537 9154 55865 14923 1708 787 40942 4885 36057 48 41 20573 18614 2067 1095 972 4806
internal_count=504736 415055 89681 242727 69108 2580 2532 315 291 2217 327 66528 1236 761 172328 101963 40004 10384 1230 1182 48 65292 65265 9400 1272 148 1124 588 215 65190 61959 39830 6236 1777 1309 506 66 468 803 126 85 342 470 105 70365 177537 9154 55865 14923 1708 787 40942 4885 36057 48 41 20573 18614 2067 1095 972 4806
cat_boundaries=0 1 2 3 4 5 6 7 8 9 10 11 12 13 14 15 16 17 18 19
cat_threshold=130 221194 2155872272 36 14 543647766 192 8194 16 285280512 134561792 16 16384 524292 539260936 155009696 49 1 285294850
is_linear=0
shrinkage=0.05


Tree=81
num_leaves=63
num_cat=7
split_feature=3 20 20 20 4 18 20 1 7 10 7 1 7 10 4 1 10 1 4 19 15 1 10 18 20 3 1 20 21 17 3 4 14 17 7 3 4 13 13 10 14 14 4 3 14 17 19 15 7 16 12 4 10 3 1 20 15 7 7 15 7 20
split_gain=1.03589e+08 2.26687e+07 1.57239e+07 6.82187e+06 4.76652e+06 8.4847e+06 7.92683e+06 5.68677e+06 5.07216e+06 3.91844e+06 5.12381e+06 1.20301e+07 1.3272e+07 1.2524e+07 6.63862e+06 4.85074e+06 5.98898e+06 9.25436e+06 7.04332e+06 5.1835e+06 5.03387e+06 4.61695e+06 5.00611e+06 4.21843e+06 3.90066e+06 3.71453e+06 8.23616e+06 4.12507e+06 3.61507e+06 3.55914e+06 6.24125e+06 7.016e+06 4.24033e+06 3.54595e+06 3.35055e+06 3.58296e+06 5.32827e+06 4.84451e+06 5.48127e+06 4.98826e+06 4.18759e+06 3.82633e+06 3.64745e+06 3.3108e+06 3.72709e+06 3.25348e+06 3.15204e+06 4.20135e+06 4.31004e+06 3.14202e+06 3.10782e+06 3.09694e+06 6.35438e+06 5.61691e+06 3.17111e+06 4.53998e+06 4.40563e+06 3.15195e+06 3.07955e+06 5.14752e+06 4.06719e+06 3.30908e+06
threshold=1871.1319950904133 3161.1678463094036 800.00216878300955 4383.0987632676979 233.00500000000002 528.25714285714321 1800.0108790252395 0 2012.5000000000002 3.5000000000000004 2012.5000000000002 1 2008.5000000000002 4.5000000000000009 6179.1550000000007 2 5.5000000000000009 3 65.010000000000019 3.7213333333333338 21.750000000000004 4 4.5000000000000009 3.8350000000000004 1298.0943810862038 3408.994814838808 5 2130.6647743826111 5.5000000000000009 72.00500000000001 4260.878826384117 1709.0500000000002 26.050000000000004 0.50500000000000012 2006.5000000000002 3750.0000000000009 1916.5250000000003 174.50000000000003 194.50000000000003 1.0000000180025095e-35 36.750000000000007 34.550000000000004 30.005000000000006 1975.0048430840764 28.150000000000002 29.915000000000006 449.39200000000011 23.850000000000005 2015.5000000000002 11.15 18.500000000000004 346.23000000000008 4.5000000000000009 2372.6448168027196 6 1616.4279076017899 21.250000000000004 2015.5000000000002 2018.5000000000002 20.850000000000005 2011.5000000000002 5846.5037224942653
decision_type=2 2 2 2 2 2 2 1 2 2 2 1 2 2 2 1 2 1 2 2 2 1 2 2 2 2 1 2 2 2 2 2 2 2 2 2 2 2 2 2 2 2 2 2 2 2 2 2 2 2 2 2 2 2 1 2 2 2 2 2 2 2
left_child=2 9 -1 43 5 8 7 24 -4 25 11 -11 13 -13 -14 51 20 18 19 -18 -17 -22 33 -24 45 -2 27 -27 29 -28 32 -32 -31 -23 -5 36 37 40 -39 -40 41 -36 49 44 -3 -7 47 48 -25 -41 -46 54 -53 -54 55 56 -12 -56 59 60 61 -37
right_child=1 3 4 34 -6 6 -8 -9 -10 10 15 12 14 -15 -16 16 17 -19 -20 -21 21 22 23 46 -26 26 28 -29 -30 30 31 -33 -34 -35 35 58 -38 38 39 42 -42 -43 -44 -45 50 -47 -48 -49 -50 -51 -52 52 53 -55 57 -57 -58 -59 -60 -61 -62 -63
leaf_value=-0.80323126502971132 0.92185807437024736 -4.0496057442256381 -0.3358185632223169 -12.681516049889957 -0.36870246659412143 16.527695598867208 5.817628526146037 0.42944623516567265 0.39261807028084428 0.48338331272942031 0.90865130424499518 -5.185117781009918 -1.2223244857559306 -22.417387556009373 -12.100037585488902 0.72861163535070161 4.7151595247610834 1.9269168731851225 0.53260483451689677 -5.7247006416691306 1.2792547731224904 23.200753676891328 -7.8275546609138962 18.107694963714547 7.4292780485665588 33.946636552077074 4.6252464713156227 11.701254462968736 -18.352122370402018 -8.6745561679688894 -26.542051116095649 3.55214384338435 3.8742261290074667 1.9998730403189082 13.168475111394095 4.3919558026615171 29.184180941948526 -18.054611805946596 -9.006953276906696 17.43253261918823 1.2367672466096424 35.912153155153447 -0.10525849206107003 1.6751684170523788 7.4837568950653086 1.1385986986005283 3.1334960384289143 5.8885672530487652 7.2361391223756613 -3.5167214328592475 34.716819451072006 0.5118910236473887 -5.3126355706870561 -20.559857545958625 -15.998974646773995 0.46222743478400025 34.096106276512153 -2.4729136438361148 5.1531048371139736 1.5444210616203842 3.0119037126810602 9.9986605525634449
leaf_weight=154416 50206 21 58589 34 116957 36 985 6342 40359 7139 20 313 2392 159 149 5367 131 2372 1129 1287 2360 20 49 188 521 26 820 105 21 82 45 34 376 1422 116 827 26 31 56 96 63 22 84 30244 20 747 355 539 177 22 22 481 375 72 51 1715 20 277 1361 5840 6239 386
leaf_count=154416 50206 21 58589 34 116957 36 985 6342 40359 7139 20 313 2392 159 149 5367 131 2372 1129 1287 2360 20 49 188 521 26 820 105 21 82 45 34 376 1422 116 827 26 31 56 96 63 22 84 30244 20 747 355 539 177 22 22 481 375 72 51 1715 20 277 1361 5840 6239 386
internal_value=-0.00217043 1.24113 -0.414853 2.13259 -0.14776 0.0924417 1.59592 1.05206 -0.0387032 0.735724 0.26564 -0.636161 -3.27953 -10.9901 -1.86018 0.763009 1.12159 -0.316889 -2.40465 -4.76023 1.79803 2.92123 4.31002 6.56561 4.0458 0.995323 3.43958 14.9734 2.21836 2.55304 -0.611218 -13.5901 1.6275 2.29392 2.99691 3.03205 7.12703 5.95665 1.81049 4.19738 11.918 16.7943 7.85799 1.69902 13.1493 1.84614 7.12579 8.69356 12.8357 13.5267 21.7487 -1.07066 -3.47665 -7.76856 -0.00390282 0.845788 17.5024 -4.44067 2.88785 2.65591 3.52696 6.17612
internal_weight=504736 125784 378952 45510 224536 107579 8631 7646 98948 80274 28559 10152 3013 472 2541 18407 15396 4919 2547 1418 10477 5110 2750 1308 1304 51715 1509 131 1378 1357 537 79 458 1442 15203 15169 516 490 289 258 201 138 202 30307 63 783 1259 904 365 118 42 3011 928 447 2083 1755 40 328 14653 13292 7452 1213
internal_count=504736 125784 378952 45510 224536 107579 8631 7646 98948 80274 28559 10152 3013 472 2541 18407 15396 4919 2547 1418 10477 5110 2750 1308 1304 51715 1509 131 1378 1357 537 79 458 1442 15203 15169 516 490 289 258 201 138 202 30307 63 783 1259 904 365 118 42 3011 928 447 2083 1755 40 328 14653 13292 7452 1213
cat_boundaries=0 1 2 3 4 5 6 7
cat_threshold=16 101 130 76 48 1 128
is_linear=0
shrinkage=0.05


Tree=82
num_leaves=63
num_cat=8
split_feature=20 20 20 20 7 1 7 1 1 4 10 19 4 18 7 20 1 7 19 4 4 20 10 1 4 15 10 10 4 7 1 10 16 15 19 7 20 14 18 15 7 9 15 7 7 4 2 10 13 10 18 4 7 1 10 19 20 4 7 12 19 7
split_gain=9.24696e+07 2.69889e+07 9.00563e+06 7.51801e+06 4.03714e+06 3.91432e+06 3.54167e+06 1.14531e+07 5.41372e+06 5.02277e+06 1.37898e+07 5.18445e+06 4.25549e+06 5.2612e+06 4.00993e+06 3.91163e+06 3.58811e+06 3.33729e+06 4.65335e+06 3.27545e+06 3.09719e+06 3.066e+06 3.09507e+06 3.00722e+06 3.47968e+06 3.91248e+06 4.84584e+06 6.05826e+06 3.73659e+06 2.84468e+06 7.73489e+06 8.50878e+06 4.27586e+06 2.83103e+06 2.83085e+06 2.79412e+06 6.09921e+06 5.6086e+06 3.93565e+06 3.57174e+06 3.17388e+06 6.71256e+06 1.09155e+07 2.77302e+06 2.75766e+06 2.98138e+06 2.6944e+06 4.31564e+06 4.18473e+06 3.96854e+06 3.38686e+06 3.3037e+06 2.69259e+06 2.67322e+06 2.64642e+06 2.60566e+06 2.58097e+06 2.51356e+06 2.49768e+06 3.01897e+06 2.45801e+06 2.43e+06
threshold=2668.9288511288119 1422.9185104786275 4383.0987632676979 794.96705397255585 2006.5000000000002 0 2007.5000000000002 1 2 479.86000000000007 4.5000000000000009 622.81283333333351 434.37500000000006 489.01000000000016 2006.5000000000002 2023.3249596634193 3 2013.5000000000002 4.7929999999999966 135.31000000000003 0.70500000000000018 3900.6392308260497 1.5000000000000002 4 52.010000000000012 18.150000000000002 4.5000000000000009 5.5000000000000009 590.73000000000013 2008.5000000000002 5 1.5000000000000002 1.3500000000000003 26.850000000000005 3.7213333333333338 2015.5000000000002 3343.4136040308244 27.450000000000003 1.114285714285715 24.850000000000005 2016.5000000000002 15.500000000000002 23.350000000000005 2018.5000000000002 2016.5000000000002 799.3950000000001 6 4.5000000000000009 128.50000000000003 5.5000000000000009 821.79642857142869 249.02500000000006 2003.5000000000002 7 5.5000000000000009 14.594333333333337 232.75791747745299 4.5050000000000008 2011.5000000000002 26.500000000000004 1266.9316666666671 2016.5000000000002
decision_type=2 2 2 2 2 1 2 1 1 2 2 2 2 2 2 2 1 2 2 2 2 2 2 1 2 2 2 2 2 2 1 2 2 2 2 2 2 2 2 2 2 2 2 2 2 2 1 2 2 2 2 2 2 1 2 2 2 2 2 2 2 2
left_child=1 3 5 56 52 21 7 -3 12 11 -11 -9 13 17 -12 -16 19 -8 -19 -15 35 33 -23 24 54 58 43 28 -28 30 31 32 -22 -2 -10 -7 39 38 -38 -37 41 42 -39 -27 -30 -46 51 48 -48 -49 -50 -33 -4 -5 -6 -44 -1 -36 59 60 -26 -41
right_child=2 6 4 53 23 20 8 9 34 10 14 -13 -14 16 15 -17 -18 18 -20 -21 29 22 -24 -25 25 26 27 -29 44 -31 -32 46 -34 -35 57 36 37 40 -40 61 -42 -43 55 -45 45 -47 47 49 50 -51 -52 -53 -54 -55 -56 -57 -58 -59 -60 -61 -62 -63
leaf_value=-2.0471366557190249 -0.36559648620609481 0.53958504829298937 -2.3582750494281455 5.5009310676231991 3.7233955104893504 1.9754894158601062 0.73123925261157441 -2.0735789478464883 1.3910634450822816 -2.6927871543923705 -22.161730411696436 3.7476498300000785 0.47349658858577898 7.7066028397939448 -3.6132573843747382 -27.01016202180282 0.50507821139334363 14.322303075747318 2.3223845196084922 3.2227862828277583 -2.1154744838846145 -0.75772176655856049 -27.27988893172958 -0.2831932986082647 17.866654498760518 1.9275703141792762 -9.1465491422176353 3.9407274362717843 -4.6398438231678059 1.4863904706745186 0.84586350178737657 -6.2135784573025177 27.936009683609008 -17.001452079186073 -1.0381658608473638 9.0162421927219487 -1.0284291587769985 52.602878259477166 -22.733899038453259 34.052060509366648 2.1377120030146153 2.1993304065983703 -0.072355814637808977 5.7788335702298017 21.974021648168566 1.23742084980011 -13.593867139816286 -33.340412959346068 22.048507922628652 -5.0769893729168443 -5.3924539089202881 -27.843271978462447 -23.164821715976885 -0.28388983150022729 7.3129566085535629 22.746993357755922 -0.7334393971252624 0.23449143896233926 3.1786112335462526 1.3559201499252185 7.317596485203878 13.401450101466015
leaf_weight=3836 1560 11369 48 190 3394 1361 8574 3066 5015 1161 125 437 15893 692 80 23 605 83 3032 990 29 22 22 735 65 4543 250 333 240 45786 1493 27 20 26 4110 164 64 21 31 28 305 99 29 521 20 130 40 27 23 23 22 51 23 161996 605 22 147552 69259 3859 191 367 29
leaf_count=3836 1560 11369 48 190 3394 1361 8574 3066 5015 1161 125 437 15893 692 80 23 605 83 3032 990 29 22 22 735 65 4543 250 333 240 45786 1493 27 20 26 4110 164 64 21 31 28 305 99 29 521 20 130 40 27 23 23 22 51 23 161996 605 22 147552 69259 3859 191 367 29
internal_value=-0.00205783 -0.266025 1.73304 -0.513324 2.79671 1.41546 0.356767 -0.331269 0.460119 -2.35143 -4.90053 -1.34738 1.03281 1.66958 -16.1426 -8.83781 3.86277 1.24047 2.64213 5.03755 1.49437 -0.993412 -14.0188 2.85208 3.00893 2.53373 1.70285 -1.52887 -4.37477 1.41067 -0.564846 -8.31852 10.1504 -0.638315 0.241727 3.34954 5.71076 2.98102 -8.11127 12.7636 5.19481 10.6475 22.2638 2.3238 -1.31594 4.0023 -12.9578 -8.68322 -1.82674 -20.3392 8.63293 -20.3561 -9.09842 -0.276791 4.26645 9.77129 -0.766727 0.163199 3.65286 6.59048 8.90484 23.5456
internal_weight=504736 438088 66648 313574 15324 51324 124514 16261 108253 4892 1389 3503 29869 13976 228 103 2287 11689 3115 1682 49694 1630 44 15253 14518 10519 6037 973 640 47541 1755 262 49 1586 78384 2153 792 571 95 221 476 171 72 5064 390 150 213 135 85 50 45 78 71 162186 3999 51 151388 73369 4482 623 432 57
internal_count=504736 438088 66648 313574 15324 51324 124514 16261 108253 4892 1389 3503 29869 13976 228 103 2287 11689 3115 1682 49694 1630 44 15253 14518 10519 6037 973 640 47541 1755 262 49 1586 78384 2153 792 571 95 221 476 171 72 5064 390 150 213 135 85 50 45 78 71 162186 3999 51 151388 73369 4482 623 432 57
cat_boundaries=0 1 2 3 4 5 6 7 8
cat_threshold=138 33 49 17 49 16 1 1
is_linear=0
shrinkage=0.05


Tree=83
num_leaves=63
num_cat=16
split_feature=3 20 20 3 1 0 10 10 10 19 19 7 19 20 7 15 20 10 0 10 0 1 12 7 0 10 20 3 3 0 1 3 20 12 0 1 20 17 10 3 0 7 17 7 1 10 0 7 10 10 0 3 0 17 12 10 19 10 18 0 3 19
split_gain=8.46313e+07 1.85688e+07 1.24349e+07 5.18336e+06 4.4691e+06 1.23739e+07 1.26975e+07 1.44227e+07 1.47572e+07 1.10189e+07 8.29543e+06 9.42935e+06 7.79126e+06 7.05302e+06 8.03659e+06 5.83944e+06 6.07001e+06 5.38809e+06 1.01168e+07 9.93724e+06 1.86633e+07 9.83421e+06 5.20935e+06 5.0114e+06 4.92003e+06 4.57785e+06 8.86905e+06 5.12968e+06 4.56165e+06 4.45655e+06 6.02118e+06 6.9244e+06 4.28023e+06 4.24668e+06 4.19617e+06 4.17243e+06 6.97227e+06 5.02017e+06 6.69362e+06 4.85796e+06 4.10037e+06 3.94659e+06 4.18436e+06 3.85233e+06 5.65285e+06 8.98161e+06 9.34685e+06 1.12555e+07 9.6119e+06 1.54936e+07 1.21259e+07 7.58052e+06 6.9151e+06 6.24052e+06 6.13515e+06 6.08525e+06 8.39326e+06 6.17734e+06 8.03658e+06 7.20153e+06 5.80985e+06 5.78631e+06
threshold=2251.1102372189885 1097.4331365417831 4092.4176710918609 433.47280767845933 0 1 1.0000000180025095e-35 2.5000000000000004 3.5000000000000004 7.1925000000000008 393.88000000000005 2008.5000000000002 4.7929999999999966 2589.2934923515691 2008.5000000000002 21.050000000000004 2668.9288511288119 5.5000000000000009 2 4.5000000000000009 3 4 43.500000000000007 2005.5000000000002 5 1.0000000180025095e-35 2225.6247237495331 1046.4716838378274 1629.2412929626068 6 7 3063.3519712210964 732.45132046983201 38.500000000000007 8 9 1475.4522347069685 123.51000000000001 4.5000000000000009 3828.1534090909095 10 2006.5000000000002 325.43500000000006 2012.5000000000002 11 3.5000000000000004 12 2008.5000000000002 2.5000000000000004 1.0000000180025095e-35 13 4086.4962359785382 14 25.805000000000003 10.500000000000002 5.5000000000000009 554.98800000000017 4.5000000000000009 498.72142857143018 15 3158.1210901774289 576.78216666666674
decision_type=2 2 2 2 1 9 2 2 2 2 2 2 2 2 2 2 2 2 9 2 9 1 2 2 9 2 2 2 2 9 1 2 2 2 9 1 2 2 2 2 9 2 2 2 1 2 9 2 2 2 9 2 9 2 2 2 2 2 2 9 2 2
left_child=1 41 29 -3 5 6 15 9 10 -8 -9 22 -10 17 -15 -5 -17 19 -19 -7 21 -21 -12 -23 -16 26 27 -6 -26 30 -2 -32 -31 -30 -28 36 -34 39 -39 -38 -27 -1 -43 44 -37 46 47 51 49 53 60 -46 -47 -49 -52 57 -57 59 -59 -54 -51 -55
right_child=2 3 -4 4 25 13 7 8 12 -11 11 -13 -14 14 24 16 -18 18 -20 20 -22 23 -24 -25 28 40 34 -29 33 32 31 -33 35 -35 -36 43 37 38 -40 -41 -42 42 -44 -45 45 52 -48 48 -50 50 54 -53 55 61 -56 56 -58 58 -60 -61 -62 -63
leaf_value=-0.85853641526559388 2.4980662823537578 -15.410518925278382 2.4699940231739128 -2.1072098842373603 -3.9565909591789414 0.30547861832294643 7.6925561615454612 2.6355778421674456 20.02621275817647 -8.2171048207865631 10.922729375233523 39.464076034390196 -5.9939285255530308 -4.6379940753716689 -1.3152668756597183 13.05042719439224 34.152721620217349 6.9252316779199434 0.86484409129538276 0.95989097785968858 -0.22199758729795011 -15.075520127169634 34.441159384591238 -6.4723925294836508 19.073987338307141 -0.44651627296557223 -9.7176139285315344 -0.3940117865305412 4.0211733255485962 21.02778920420937 -2.7524103299340674 -16.416814394791924 -19.940384114042246 13.521013246398224 -2.1223654475555853 1.1222525158358447 1.5852125227857448 -1.4186100692950525 -12.499840846061709 -13.524972346912731 0.27155550077917956 -0.15467805140344817 -0.69173187720968921 1.4465469919091745 -0.6912169277204484 0.94934505524845147 -1.271018972654288 5.019926336503798 17.789149643655598 -2.0080012296273457 -8.6859717585146434 -29.005844856262208 6.4273250118411829 37.00502792157625 16.529459305928679 -6.7708077471736265 14.553032877964851 -3.5189526411792578 -21.205171612899843 -7.5021871984750037 -18.021001153673446 14.639197810228206
leaf_weight=89058 475 54 20573 54 1091 59440 153 98 34 377 148 49 187 195 160 270 39 742 8307 447 6841 192 28 1430 91 31591 392 13680 377 27 655 108 47 171 368 14402 1619 687 170 55 53592 69270 76129 45581 434 507 2400 124 179 123 32 25 106 38 98 113 78 106 163 530 105 121
leaf_count=89058 475 54 20573 54 1091 59440 153 98 34 377 148 49 187 195 160 270 39 742 8307 447 6841 192 28 1430 91 31591 392 13680 377 27 655 108 47 171 368 14402 1619 687 170 55 53592 69270 76129 45581 434 507 2400 124 179 123 32 25 106 38 98 113 78 106 163 530 105 121
internal_value=-0.00194818 -0.302903 1.39091 0.0781497 0.0827823 0.362171 4.94393 2.24589 7.96502 -3.62432 14.7769 20.0651 -1.99083 0.277564 4.46258 13.0628 15.7138 0.223854 1.37039 0.0720613 -1.4851 -5.63317 14.6643 -7.44487 6.68362 -0.138695 -0.928173 -0.657147 8.57289 1.06967 -1.89446 -4.62593 1.12385 6.98554 -6.1957 1.1161 -0.855553 -0.504533 -3.61675 1.08876 0.00523059 -0.59642 -0.435872 1.19393 0.609551 -0.789021 0.570459 4.00456 7.54513 4.68448 -2.22696 -2.23341 -3.91405 13.4276 9.58526 -6.11666 1.93736 -7.88405 -14.2359 -5.1975 -8.98819 19.9845
internal_weight=504736 415055 89681 180598 180544 79830 1437 1074 544 530 323 225 221 78393 994 363 309 77399 9049 68350 8910 2069 176 1622 799 100714 15531 14771 639 69108 1238 763 67870 548 760 67843 2578 2531 857 1674 85183 234457 145399 65265 19684 5282 3679 1279 820 641 358 459 1603 283 130 1096 191 905 269 636 228 159
internal_count=504736 415055 89681 180598 180544 79830 1437 1074 544 530 323 225 221 78393 994 363 309 77399 9049 68350 8910 2069 176 1622 799 100714 15531 14771 639 69108 1238 763 67870 548 760 67843 2578 2531 857 1674 85183 234457 145399 65265 19684 5282 3679 1279 820 641 358 459 1603 283 130 1096 191 905 269 636 228 159
cat_boundaries=0 1 2 3 4 5 6 7 8 9 10 11 12 13 14 16 17
cat_threshold=177 16384 8192 73984 33 2151677968 2155872272 36 807421954 130 2550505970 37 536952832 16384 809769216 1 65536
is_linear=0
shrinkage=0.05


Tree=84
num_leaves=63
num_cat=16
split_feature=3 20 20 20 10 0 10 10 1 7 10 0 1 1 10 0 7 7 0 7 3 0 3 3 5 14 10 0 20 4 4 0 1 7 3 10 7 10 7 0 1 3 20 0 19 1 20 14 3 10 9 0 20 3 6 3 4 4 20 15 14 10
split_gain=7.68312e+07 2.0339e+07 9.41016e+06 6.49904e+06 4.10624e+06 4.98721e+06 1.1539e+07 2.28033e+07 1.78974e+07 9.37296e+06 8.60144e+06 8.62304e+06 8.23846e+06 7.15154e+06 8.09784e+06 1.788e+07 8.20208e+06 1.46979e+07 8.08313e+06 5.18254e+06 4.86465e+06 4.72334e+06 7.58548e+06 7.35545e+06 4.49626e+06 4.37835e+06 4.09052e+06 7.7041e+06 7.45664e+06 4.26619e+06 3.7474e+06 7.70439e+06 1.04081e+07 7.17762e+06 5.31519e+06 4.08696e+06 3.66236e+06 3.54257e+06 3.48538e+06 3.48479e+06 3.45456e+06 3.50689e+06 3.42753e+06 3.23752e+06 4.01176e+06 5.23574e+06 1.20874e+07 1.24465e+07 5.1925e+06 7.44059e+06 4.02027e+06 3.22851e+06 4.47557e+06 9.07939e+06 3.23587e+06 3.21289e+06 3.15336e+06 3.33506e+06 3.05035e+06 3.02098e+06 2.96263e+06 3.3266e+06
threshold=1686.6704729814053 2867.2189680627957 800.00216878300955 4383.0987632676979 3.5000000000000004 0 5.5000000000000009 4.5000000000000009 1 2007.5000000000002 5.5000000000000009 2 3 4 4.5000000000000009 5 2012.5000000000002 2015.5000000000002 6 2013.5000000000002 2336.9791367048933 7 2980.9585434173673 3207.3745910625325 1.0000000180025095e-35 31.250000000000004 1.5000000000000002 8 2002.1355204632964 748.05500000000006 361.2000000000001 9 10 2007.5000000000002 931.63395115199432 5.5000000000000009 2017.5000000000002 4.5000000000000009 2012.5000000000002 11 12 3063.3519712210964 1919.6241036627098 13 1598.3803333333335 14 5846.5037224942653 28.350000000000005 3828.1534090909095 3.5000000000000004 18.500000000000004 15 1616.4279076017899 2091.6735547090252 16.500000000000004 3750.0000000000009 2098.0250000000005 48.010000000000012 2369.7975522815182 18.850000000000005 32.050000000000004 4.5000000000000009
decision_type=2 2 2 2 2 9 2 2 1 2 2 9 1 1 2 9 2 2 9 2 2 9 2 2 2 2 2 9 2 2 2 9 1 2 2 2 2 2 2 9 1 2 2 9 2 1 2 2 2 2 2 9 2 2 2 2 2 2 2 2 2 2
left_child=2 4 -1 -3 21 6 7 -6 -9 -10 13 40 19 18 -15 16 -16 59 -7 -8 -11 23 -23 -2 26 58 27 29 -28 36 31 32 33 34 -4 37 -24 -34 -33 -30 -12 -42 -25 -5 45 55 56 -48 49 -46 -51 52 53 54 -17 -45 57 60 -26 -18 61 -47
right_child=1 3 30 43 5 10 12 8 9 20 11 -13 -14 14 15 51 17 -19 -20 -21 -22 22 24 42 25 -27 28 -29 39 -31 -32 38 35 -35 -36 -37 -38 -39 -40 -41 41 -43 -44 44 48 46 47 -49 -50 50 -52 -53 -54 -55 -56 -57 -58 -59 -60 -61 -62 -63
leaf_value=-0.69355956189844004 0.28148538636673825 1.3740517699979138 13.8124683671876 3.2493400449809089 0.35983514318339749 -8.8565850461390543 6.1141091526344127 -0.34031311062443043 -22.534862079620364 -6.5508168373804381 2.6458289442680503 -0.30445418545821229 1.1194058166674568 0.6055502453394237 -2.3063495204255391 2.0881953679720562 12.060658859303503 6.4013636028662448 0.08980749212709227 21.985810495034244 -13.921173209595166 0.9600230920873053 3.4852327573299409 -22.760827000935876 -28.231939910888673 9.7816354331970228 21.811282397923847 5.9919195193964967 9.6429166519686529 -12.852882749769424 -0.41829600732427252 -0.3578569473519001 0.56932136739075612 13.037296373930928 2.3076230819772277 2.6058008573295179 -14.584518983083612 -2.8196477212618651 0.23353108169728581 0.65336001914681741 -5.1873535998400895 -15.173114179105177 -6.1097888348958431 11.349069095849991 35.362029774983725 -6.3298974467486877 -54.718343075838959 -8.9929221860740505 2.9035990352764158 15.677467662532155 -8.6477002505598399 0.87458870356121376 3.0653930755784233 43.9776084625721 24.293702740612488 1.2269034933937026 16.735566264639299 -6.9002555249368447 -3.771000102850107 24.352676365618567 15.356957331456636 11.56634915000514
leaf_weight=154368 24037 41553 114 8299 3883 253 151 960 120 1150 125 6513 1751 5886 111 75 66 413 6312 78 278 32589 160 42 25 25 89 679 257 90 88823 60744 6039 261 841 2211 34 884 42238 196 855 98 117 80 30 82 22 46 2437 41 29 2470 1255 20 21 3908 24 170 26 206 38 38
leaf_count=154368 24037 41553 114 8299 3883 253 151 960 120 1150 125 6513 1751 5886 111 75 66 413 6312 78 278 32589 160 42 25 25 89 679 257 90 88823 60744 6039 261 841 2211 34 884 42238 196 855 98 117 80 30 82 22 46 2437 41 29 2470 1255 20 21 3908 24 170 26 206 38 38
internal_value=-0.00185332 0.954916 -0.3996 1.698 0.493234 0.0479107 -1.00599 -2.04046 -5.7567 -9.05501 0.405631 -0.99472 2.32798 1.02795 1.83491 3.39935 10.1742 12.3451 -0.267912 11.0382 -7.98566 0.7454 1.12378 0.210496 4.50638 -7.35926 5.10558 3.14999 8.58018 -3.72448 -0.175128 0.0154526 1.31516 5.6428 3.68098 0.733485 0.318369 0.136583 -0.115288 5.98069 -5.11486 -6.14969 -10.5082 2.58105 1.77523 0.866114 -4.38333 -23.7864 3.36181 14.5285 5.5999 1.96375 3.90543 13.3305 6.94565 1.42638 -0.759534 -2.03966 -15.7617 21.3701 3.19009 -0.662753
internal_weight=504736 148213 356523 56797 91416 33050 8371 6391 2508 1548 24679 7591 1980 17088 10523 4637 796 685 6565 229 1428 58366 34170 24196 1581 76 1505 963 542 284 202155 113332 10350 1216 955 9134 194 6923 102982 453 1078 953 159 15244 6945 4408 420 68 2537 100 70 3841 1371 116 96 3988 352 328 51 272 158 120
internal_count=504736 148213 356523 56797 91416 33050 8371 6391 2508 1548 24679 7591 1980 17088 10523 4637 796 685 6565 229 1428 58366 34170 24196 1581 76 1505 963 542 284 202155 113332 10350 1216 955 9134 194 6923 102982 453 1078 953 159 15244 6945 4408 420 68 2537 100 70 3841 1371 116 96 3988 352 328 51 272 158 120
cat_boundaries=0 1 2 3 4 5 6 7 9 10 11 12 13 14 16 17 18
cat_threshold=2203904 37 16795664 16 19 16795648 16384 3287293552 1 537149442 11345920 16 939794434 17 61504320 1 37 1053768
is_linear=0
shrinkage=0.05


Tree=85
num_leaves=63
num_cat=13
split_feature=3 3 3 1 10 19 0 21 7 20 7 0 10 4 9 19 20 4 16 3 19 7 20 3 9 1 7 0 19 1 3 17 3 7 17 15 15 0 17 1 0 3 3 10 10 20 7 1 20 4 10 20 17 4 3 3 16 13 0 1 7 0
split_gain=7.61882e+07 1.60456e+07 1.13973e+07 4.83952e+06 1.26877e+07 1.17705e+07 1.15841e+07 7.31496e+06 6.51855e+06 6.45606e+06 5.1712e+06 5.1067e+06 5.39601e+06 1.25647e+07 9.61819e+06 5.01722e+06 4.81604e+06 4.65181e+06 7.17468e+06 5.97275e+06 5.05396e+06 4.60543e+06 6.17316e+06 5.41734e+06 5.21262e+06 4.2871e+06 4.36015e+06 5.77221e+06 4.00102e+06 4.44504e+06 3.95831e+06 3.92754e+06 3.74491e+06 5.09903e+06 3.7316e+06 5.83508e+06 7.02489e+06 3.65789e+06 4.76636e+06 3.45003e+06 4.65053e+06 5.29098e+06 3.64237e+06 3.66882e+06 5.94422e+06 6.58523e+06 3.47152e+06 1.31588e+07 7.03073e+06 5.74331e+06 5.69651e+06 3.60899e+06 4.89416e+06 4.23052e+06 7.12142e+06 5.25742e+06 5.5369e+06 3.76629e+06 3.44589e+06 5.05496e+06 1.23068e+07 2.02174e+07
threshold=2251.1102372189885 1301.0776185673437 3904.2033643443924 0 4.5000000000000009 32.862333333333339 1 2.5000000000000004 2008.5000000000002 1787.5803546659383 2015.5000000000002 2 4.5000000000000009 425.00500000000005 21.500000000000004 494.76400000000007 626.11566887578431 817.05000000000007 2.8500000000000001 4260.878826384117 840.52066666666678 2013.5000000000002 3900.6392308260497 4500.0473101299594 8.5000000000000018 3 2015.5000000000002 4 4.2446666666666664 5 4981.5572559041984 5.6050000000000013 1852.6489059971782 2017.5000000000002 5.0050000000000008 23.250000000000004 24.250000000000004 6 52.210000000000008 7 8 3158.1210901774289 3828.1534090909095 5.5000000000000009 4.5000000000000009 2105.8163348239118 2007.5000000000002 9 1514.6212274269185 1.5050000000000003 4.5000000000000009 4792.6836324509404 1626.825 37.905000000000008 3158.1210901774289 3530.0651334834361 0.15000000000000005 208.50000000000003 10 11 2006.5000000000002 12
decision_type=2 2 2 1 2 2 9 2 2 2 2 9 2 2 2 2 2 2 2 2 2 2 2 2 2 1 2 9 2 1 2 2 2 2 2 2 2 9 2 1 9 2 2 2 2 2 2 1 2 2 2 2 2 2 2 2 2 2 9 1 2 9
left_child=1 16 39 4 6 -6 8 17 15 -5 37 12 -12 -14 -15 -4 -1 18 19 31 -19 22 -10 -23 -25 -3 58 28 34 -30 -7 -8 33 -31 -28 -36 -37 38 -11 40 42 -42 43 44 -2 -46 47 50 49 -48 -41 -50 53 55 -55 56 -53 -56 59 60 -27 -62
right_child=2 25 3 9 5 30 7 -9 21 10 11 -13 13 14 -16 -17 -18 20 -20 -21 -22 23 -24 24 -26 26 27 -29 29 32 -32 -33 -34 -35 35 36 -38 -39 -40 46 41 -43 -44 -45 45 -47 48 -49 51 -51 -52 52 -54 54 57 -57 -58 -59 -60 -61 61 -63
leaf_value=-0.76865931510533736 1.1580017008988472 -0.18976439428004399 -0.27341256936391195 26.071272827016898 5.3366959716832518 -12.381343044866972 -17.593544379472732 -33.382799872485073 12.939976657789295 4.4954377266678875 4.7317460087231931 2.811445011216819 5.8375257687148574 18.902024434475191 60.30105897903443 -34.181826705932615 -0.33659796286359905 -15.060441330976264 13.809609067289138 -29.549276421286848 -2.3546606989961174 2.1044172389449671 3.8786894154912006 4.8660697018658681 -23.041297292709352 -1.2005536863190898 4.0745874072005703 0.37013467528332139 1.2355381968242971 8.2551355436444283 -31.065676770065775 9.2259951680205585 4.0465915166184452 37.17846652984619 5.0598353696496865 48.941571771530882 9.714204424619675 2.2871434260323125 -0.61380703987721719 -6.6552502569259779 -1.7026596602688824 -19.627131462664835 -16.857708631243025 -4.6385933128143684 36.962128490493413 7.1378247114328239 -8.1412860393524173 0.71610185044330599 1.1127301633426017 11.329519795144307 -24.763783240804869 37.577955217714667 23.157164492607119 -29.403038138435001 -6.6645064477513474 -0.61576158176768914 7.0470079017407974 15.842940083672019 0.001031901807762779 0.31934803018152208 10.660581824408004 1.2392300665244327
leaf_weight=98136 2238 47508 24 29 102 201 20 22 238 556 1335 7928 177 47 20 20 188158 129 79 22 199 662 894 27 44 1497 684 11085 5510 64 33 43 804 20 76 21 25 9253 2550 382 2084 42 28 239 21 156 44 3084 56168 272 49 27 40 21 41 55 33 34 47626 11249 866 1655
leaf_count=98136 2238 47508 24 29 102 201 20 22 238 556 1335 7928 177 47 20 20 188158 129 79 22 199 662 894 27 44 1497 684 11085 5510 64 33 43 804 20 76 21 25 9253 2550 382 2084 42 28 239 21 156 44 3084 56168 272 49 27 40 21 41 55 33 34 47626 11249 866 1655
internal_value=0.00938114 -0.276252 1.33064 2.24613 0.266597 -8.83772 1.5302 -5.07648 3.31827 2.49431 2.46418 3.34088 5.9437 12.8183 31.2599 -15.6863 -0.4847 -3.91393 2.96172 -7.12044 -7.35175 3.78443 5.7838 0.696714 -12.4286 0.187478 0.408215 1.08778 2.18848 1.77329 -15.0163 0.711856 5.03937 15.1416 5.51141 13.567 27.6224 1.78979 0.299825 0.983717 -0.305523 -2.04714 1.07752 1.27079 1.85562 10.6763 1.08647 -0.438154 1.18112 8.61839 -8.5164 1.13946 7.12162 4.08171 -3.66717 10.5503 20.7859 3.53887 0.210667 0.864064 2.3845 4.5228
internal_weight=504696 414984 89712 24654 2759 336 2423 514 1909 21895 21866 9507 1579 244 67 44 286294 492 164 85 328 1865 1132 733 71 128690 81182 18289 7204 6398 234 63 888 84 806 122 46 12359 3106 65058 4808 2126 2682 2654 2415 177 60250 3515 56735 316 431 56419 251 211 96 115 60 75 62893 15267 4018 2521
internal_count=504696 414984 89712 24654 2759 336 2423 514 1909 21895 21866 9507 1579 244 67 44 286294 492 164 85 328 1865 1132 733 71 128690 81182 18289 7204 6398 234 63 888 84 806 122 46 12359 3106 65058 4808 2126 2682 2654 2415 177 60250 3515 56735 316 431 56419 251 211 96 115 60 75 62893 15267 4018 2521
cat_boundaries=0 1 2 4 5 6 7 8 9 10 11 12 13 14
cat_threshold=144 198914 679944 1 14 2688901198 192 268445722 138 134890698 16 136793134 16 81920
is_linear=0
shrinkage=0.05


Tree=86
num_leaves=63
num_cat=16
split_feature=3 3 3 0 17 0 7 19 0 8 10 10 20 1 10 19 7 7 1 7 0 1 0 4 20 19 1 4 0 1 20 19 3 1 0 3 7 20 1 7 0 10 18 7 10 19 15 15 0 20 13 7 17 18 20 20 17 10 4 19 13 20
split_gain=6.87613e+07 1.44835e+07 1.02877e+07 4.75521e+06 4.58104e+06 8.96028e+06 5.6622e+06 9.73682e+06 5.06666e+06 4.57337e+06 4.49965e+06 5.23322e+06 6.54003e+06 4.94891e+06 4.98288e+06 4.0774e+06 5.28436e+06 3.93247e+06 3.87029e+06 4.07609e+06 7.29895e+06 4.79061e+06 9.17123e+06 6.2942e+06 5.9963e+06 3.84536e+06 3.77228e+06 3.60479e+06 3.27816e+06 3.66093e+06 5.50903e+06 4.85165e+06 3.92355e+06 3.28572e+06 4.11201e+06 5.59315e+06 3.31475e+06 5.94244e+06 5.67986e+06 8.08912e+06 9.40922e+06 5.92211e+06 6.34494e+06 7.35058e+06 5.3016e+06 5.25741e+06 5.10023e+06 5.06668e+06 4.6627e+06 5.10068e+06 3.72802e+06 3.68369e+06 3.56481e+06 3.73812e+06 3.56157e+06 3.42725e+06 3.29924e+06 6.57305e+06 8.62924e+06 6.54818e+06 5.52714e+06 5.4821e+06
threshold=2251.1102372189885 1301.0776185673437 3904.2033643443924 0 49.010000000000012 1 2008.5000000000002 494.76400000000007 2 10.500000000000002 3.5000000000000004 2.5000000000000004 3161.1678463094036 3 1.0000000180025095e-35 1972.1975000000002 2012.5000000000002 2012.5000000000002 4 2012.5000000000002 5 6 7 936.95500000000004 3271.8972491814698 111.42833333333336 8 135.31000000000003 9 10 2668.9288511288119 95.750000000000014 3008.6330320794664 11 12 3267.977079231146 2012.5000000000002 4792.6836324509404 13 2007.5000000000002 14 1.0000000180025095e-35 255.5621428571429 2011.5000000000002 4.5000000000000009 1520.7180000000008 19.050000000000004 16.450000000000003 15 1097.4331365417831 98.500000000000014 2010.5000000000002 1.5050000000000003 4.3035714285711695 1686.0374659196607 1820.0264981655118 2555.0500000000006 3.5000000000000004 2547.7150000000006 1916.2260000000003 80.500000000000014 1838.8550135501357
decision_type=2 2 2 9 2 9 2 2 9 2 2 2 2 1 2 2 2 2 1 2 9 1 9 2 2 2 1 2 9 1 2 2 2 1 9 2 2 2 1 2 9 2 2 2 2 2 2 2 9 2 2 2 2 2 2 2 2 2 2 2 2 2
left_child=1 3 28 17 8 10 7 -7 -4 -9 11 13 -13 14 -6 16 -12 -1 -3 -20 21 27 -23 24 -24 -19 -5 -21 29 -2 -31 -32 -33 34 -30 -36 38 48 55 44 41 42 -41 46 -40 47 -44 -39 56 -50 -49 -48 -51 -54 -43 -35 59 -58 60 61 -59 -38
right_child=2 18 4 26 5 6 -8 9 -10 -11 15 12 -14 -15 -16 -17 -18 25 19 20 -22 22 23 -25 -26 -27 -28 -29 33 30 31 32 -34 36 35 -37 37 45 39 40 -42 54 43 -45 -46 -47 51 50 49 52 -52 -53 53 -55 -56 -57 57 58 -60 -61 -62 -63
leaf_value=-0.33255590336067958 1.9268744251885257 -0.18027817310494265 0.70862546010711991 -0.79973945061545815 11.548552638551463 16.451066921949387 2.2114428100643528 -40.388160896301272 3.9933296359387707 -8.4375467754545674 -14.328945043612652 31.170936717157783 3.7338001657678532 0.080365243324375779 -13.67028310551788 9.4701332559952363 -3.1984059458746947 1.3921854697841498 0.063588414040692362 2.83544413985009 0.39101059199588267 2.0820770974702474 17.047203136021924 35.057134972299849 2.9451883066522666 -0.056678220514822568 -0.3756429558133208 0.61229428354603688 1.023640350733827 -1.3592028874641573 -2.2777584305728773 -13.143757832503017 -36.227653217315677 11.763745735168769 -1.6636731002044138 -27.006516959450462 -7.4602176931880466 -13.845626647384078 -4.8739844987575109 0.66529634176143293 -1.7851708968786129 14.648316018104552 5.5758412774403894 -0.46579749178379148 -21.082555769171037 26.591372670625386 21.439450911521913 29.792793431282043 18.9879751352162 4.45408789599899 6.5033854373165827 43.601549758911133 -3.8122190462813403 0.87720942519999134 1.0758852662841889 1.0438916160732159 2.7101587901142641 -16.366769538387175 -8.815465723136219 7.40263844543066 6.2643821710362459 2.1948429025909673
leaf_weight=56852 445 47508 1540 102804 23 20 15534 24 5179 21 127 23 390 924 132 52 665 7359 44166 3273 28516 780 157 28 145 12125 107154 4117 2682 568 83 79 24 75 2095 22 149 27 509 116 3199 50 30 47 56 38 50 20 39 685 122 30 432 26096 1452 12720 832 31 377 606 208 11064
leaf_count=56852 445 47508 1540 102804 23 20 15534 24 5179 21 127 23 390 924 132 52 665 7359 44166 3273 28516 780 157 28 145 12125 107154 4117 2682 568 83 79 24 75 2095 22 149 27 509 116 3199 50 30 47 56 38 50 20 39 685 122 30 432 26096 1452 12720 832 31 377 606 208 11064
internal_value=0.00893135 -0.262423 1.26414 -0.460465 2.13393 1.71676 2.14844 -12.5767 3.24747 -25.4779 -1.17006 0.475412 5.26178 -1.35663 -9.32643 -4.09274 -4.98323 -0.12245 0.178157 0.38789 0.774938 2.06006 5.11599 12.0149 10.2764 0.49055 -0.583326 1.59476 0.934536 -1.64779 -3.75511 -11.2735 -18.5225 0.983126 -0.275296 -1.91798 1.08541 1.33692 0.527308 -0.809681 -0.167156 2.74352 9.53325 16.0854 -6.4805 9.787 23.1572 6.0085 1.29375 0.918361 9.78358 29.7502 0.892802 0.800844 1.5277 1.10586 2.06261 -0.188506 -4.10359 2.34014 3.32896 2.06655
internal_weight=504696 414984 89712 286294 24654 17935 15599 65 6719 45 2336 1492 413 1079 155 844 792 76336 128690 81182 37016 8500 1110 330 302 19484 209958 7390 65058 1199 754 186 103 63859 4799 2117 59060 40726 18334 5539 4974 1775 273 157 565 207 110 169 40519 27252 142 80 27213 26528 1502 12795 13267 1448 616 11819 239 11213
internal_count=504696 414984 89712 286294 24654 17935 15599 65 6719 45 2336 1492 413 1079 155 844 792 76336 128690 81182 37016 8500 1110 330 302 19484 209958 7390 65058 1199 754 186 103 63859 4799 2117 59060 40726 18334 5539 4974 1775 273 157 565 207 110 169 40519 27252 142 80 27213 26528 1502 12795 13267 1448 616 11819 239 11213
cat_boundaries=0 1 2 3 4 5 6 7 8 9 10 11 12 13 14 16 17
cat_threshold=548305098 2281719810 3760509016 16 14 543514630 192 541065216 12 2155872272 36 138 134890698 33 268651648 1 138175366
is_linear=0
shrinkage=0.05


Tree=87
num_leaves=63
num_cat=10
split_feature=3 3 3 0 17 0 7 19 0 17 10 10 20 7 19 7 7 19 20 0 20 0 10 12 15 20 10 20 15 21 3 17 20 3 2 20 3 7 10 7 0 20 6 12 17 6 20 19 0 20 0 3 10 10 0 20 19 19 20 3 15 3
split_gain=6.20598e+07 1.30719e+07 9.28612e+06 4.29223e+06 4.13637e+06 8.08657e+06 5.11013e+06 8.78748e+06 4.5731e+06 4.44114e+06 4.06098e+06 4.72292e+06 5.90238e+06 4.32585e+06 3.67986e+06 4.86734e+06 3.5366e+06 3.6168e+06 3.19995e+06 3.0571e+06 2.97305e+06 2.95664e+06 2.81951e+06 2.72836e+06 3.55608e+06 4.82924e+06 4.0659e+06 2.6976e+06 2.7753e+06 2.61793e+06 6.0161e+06 2.53217e+06 8.00908e+06 3.91657e+06 2.51338e+06 2.43954e+06 2.81298e+06 4.25641e+06 3.52998e+06 2.43152e+06 4.12312e+06 3.60946e+06 3.60969e+06 5.09181e+06 4.0115e+06 3.88178e+06 3.16862e+06 2.79919e+06 2.63116e+06 6.50673e+06 4.25528e+06 4.86351e+06 4.20214e+06 5.50413e+06 1.88183e+07 4.8198e+06 4.47121e+06 3.63537e+06 3.47552e+06 3.53631e+06 3.40036e+06 3.38674e+06
threshold=2251.1102372189885 1301.0776185673437 3904.2033643443924 0 49.010000000000012 1 2008.5000000000002 494.76400000000007 2 1073.0500000000002 3.5000000000000004 2.5000000000000004 3161.1678463094036 2012.5000000000002 1972.1975000000002 2013.5000000000002 2012.5000000000002 111.42833333333336 232.75791747745299 3 3343.4136040308244 4 1.0000000180025095e-35 42.500000000000007 21.250000000000004 4990.3547654076292 4.5000000000000009 2743.3444444444444 21.250000000000004 3.5000000000000004 5833.4745046068419 625.12500000000011 2743.3444444444444 3008.6330320794664 5 3343.4136040308244 4628.4457362818657 2017.5000000000002 4.5000000000000009 2016.5000000000002 6 4182.4898543004738 4.5000000000000009 12.500000000000002 1501.4500000000003 9.5000000000000018 1593.583093678832 1.5566666666666673 7 1838.8550135501357 8 3063.3519712210964 4.5000000000000009 5.5000000000000009 9 1750.0183598531216 544.57400000000018 285.44883333333337 3824.8560737548437 3600.0489955903977 23.550000000000004 2400.004260758416
decision_type=2 2 2 9 2 9 2 2 9 2 2 2 2 2 2 2 2 2 2 9 2 9 2 2 2 2 2 2 2 2 2 2 2 2 1 2 2 2 2 2 9 2 2 2 2 2 2 2 9 2 9 2 2 2 9 2 2 2 2 2 2 2
left_child=1 3 21 16 8 10 7 -7 27 -9 11 13 -13 22 15 -12 -1 -18 -5 -14 -10 31 -6 29 -25 26 -26 28 -4 -22 -31 -2 -33 -34 -20 -17 -37 38 -38 41 46 47 -43 45 -45 -44 -41 -23 52 50 51 -50 55 54 -54 57 -55 60 -58 -60 -49 -59
right_child=2 -3 4 18 5 6 -8 9 20 -11 14 12 19 -15 -16 35 17 -19 34 -21 23 39 -24 24 25 -27 -28 -29 -30 30 -32 32 33 -35 -36 36 37 -39 -40 40 -42 42 43 44 -46 -47 -48 48 49 -51 -52 -53 53 56 -56 -57 58 61 59 -61 -62 -63
leaf_value=-0.31437862482057549 -0.11422442540893241 0.16925849799293843 -21.047555923461914 -2.102586280659378 5.0732027214765552 15.628513884544374 2.1008706672600637 -39.566358035543693 8.3137320012291163 -8.1433134252374835 -11.410779111079982 29.61238993769107 8.7440928567473488 0.44074167235251221 8.9966266268721 -15.433829778783462 1.3645230341103378 -0.053844313465118809 -0.31606309045315173 -0.20592795461113378 3.796975158857812 2.5170722349907653 -9.4218933173598582 2.7521418912952877 -5.0468206374279037 -26.00935688018799 17.500499567778217 1.1479577167462787 -1.0819378339725991 5.6915686026040255 35.027424899014562 -1.285909231431293 -12.289999309539795 -37.605872605063702 -0.67039525611440842 0.76910311103785622 -3.3400448427055824 6.5381096984852451 -19.82037435108796 15.057473464965822 0.90970744781395385 -0.21988665621643314 29.771586440738879 2.2288323931926679 15.111068108310441 7.8383896672448445 2.4159781343087459 -3.5990950202941896 -0.7950252716150662 1.0322082466229576 -6.8880551347900481 23.645424560878588 2.6902567786440832 -1.770355684833774 -7.3374760527304135 0.35685065110008157 2.3948698034473686 1.835416565980853 28.309106579533331 3.9095640630433053 16.670994338989257 14.487634617690274
leaf_weight=55475 853 128690 28 3278 40 20 15534 23 341 22 203 23 154 831 52 34 7142 12125 83617 236 3945 1975 208 586 153 24 23 1466 46 85 22 274 50 22 124657 381 66 44 64 50 12680 309 38 351 73 43 5756 120 177 25248 423 23 789 915 1131 12673 769 82 27 33 25 149
leaf_count=55475 853 128690 28 3278 40 20 15534 23 341 22 203 23 154 831 52 34 7142 12125 83617 236 3945 1975 208 586 153 24 23 1466 46 85 22 274 50 22 124657 381 66 44 64 50 12680 309 38 351 73 43 5756 120 177 25248 423 23 789 915 1131 12673 769 82 27 33 25 149
internal_value=0.00849178 -0.2493 1.20097 -0.437444 2.02733 1.63093 2.04102 -11.9478 3.08545 -24.204 -1.11154 0.451668 4.99869 -1.28876 -3.8881 -4.73407 -0.11167 0.471924 -0.552509 3.54711 3.79405 0.887819 -7.08397 3.48333 0.787377 -4.96938 -2.1003 0.673423 -8.6365 4.00628 11.7232 -1.5646 -5.18546 -20.0254 -0.528139 -2.43292 -1.63647 -6.90385 -11.4534 0.933963 1.41747 0.737176 4.03668 6.64119 4.44676 18.128 2.5205 0.676901 0.591556 0.907298 -4.14029 1.91964 0.102195 -1.39394 -3.24091 0.522371 0.639416 6.10118 3.29918 14.8894 -0.104252 9.99637
internal_weight=504696 414984 89712 286294 24654 17935 15599 65 6719 45 2336 1492 413 1079 844 792 74742 19267 211552 390 5179 65058 248 4838 786 200 176 1540 74 4052 107 1199 346 72 208274 589 555 174 130 63859 18486 45373 814 505 424 81 5806 44559 42584 25871 623 200 16713 3664 1920 13049 1744 376 829 60 145 231
internal_count=504696 414984 89712 286294 24654 17935 15599 65 6719 45 2336 1492 413 1079 844 792 74742 19267 211552 390 5179 65058 248 4838 786 200 176 1540 74 4052 107 1199 346 72 208274 589 555 174 130 63859 18486 45373 814 505 424 81 5806 44559 42584 25871 623 200 16713 3664 1920 13049 1744 376 829 60 145 231
cat_boundaries=0 1 2 3 4 5 6 7 8 9 10
cat_threshold=548174026 2281719810 3760509016 134234112 2155872272 1 134508714 542455852 402686210 5249032
is_linear=0
shrinkage=0.05


Tree=88
num_leaves=63
num_cat=18
split_feature=1 7 7 20 0 10 10 7 10 19 1 0 0 2 1 0 0 1 20 21 17 20 17 20 0 7 7 17 20 13 1 20 17 0 20 19 0 12 10 9 10 10 0 7 0 0 7 14 20 1 12 20 17 20 14 15 10 16 17 9 13 20
split_gain=5.44844e+07 1.90917e+07 1.74905e+07 1.02441e+07 9.81032e+06 8.16132e+06 1.84034e+07 1.2819e+07 1.25162e+07 9.79669e+06 2.00446e+07 1.22191e+07 7.88843e+06 7.86288e+06 6.2709e+06 6.23026e+06 5.77642e+06 5.55721e+06 5.09996e+06 5.02882e+06 5.17944e+06 4.94578e+06 4.90501e+06 4.68748e+06 3.89928e+06 3.89397e+06 3.71055e+06 6.34282e+06 4.18084e+06 3.70914e+06 3.65606e+06 3.80295e+06 3.43269e+06 3.98878e+06 6.61904e+06 3.57986e+06 4.1083e+06 4.30078e+06 6.09076e+06 3.87768e+06 3.42317e+06 1.19845e+07 3.35177e+07 1.7856e+07 1.38563e+07 8.49504e+06 4.36466e+06 3.95177e+06 5.131e+06 3.94052e+06 3.93682e+06 3.38827e+06 3.36306e+06 7.26094e+06 4.01546e+06 4.74067e+06 8.3899e+06 5.4299e+06 4.75997e+06 3.2425e+06 3.24127e+06 3.18259e+06
threshold=0 2012.5000000000002 2008.5000000000002 1185.3432967362521 1 3.5000000000000004 5.5000000000000009 2015.5000000000002 4.5000000000000009 39.560166666666674 2 3 4 5 6 7 8 9 1872.4046726614349 1.5000000000000002 14.305000000000001 2867.2189680627957 208.57000000000002 4383.0987632676979 10 2011.5000000000002 2017.5000000000002 1.2050000000000003 2157.8606920305015 150.50000000000003 11 3900.6392308260497 4.9900000000000011 12 4000.0000000000009 2133.0703333333336 13 15.500000000000002 4.5000000000000009 14.500000000000002 5.5000000000000009 4.5000000000000009 14 2014.5000000000002 15 16 2016.5000000000002 24.450000000000003 2092.2258833249689 17 5.5000000000000009 888.76539094683324 1.905 3209.0769230769233 29.850000000000005 12.550000000000002 1.5000000000000002 0.25000000000000006 238.24000000000004 14.500000000000002 235.50000000000003 5469.7708618331062
decision_type=1 2 2 2 9 2 2 2 2 2 1 9 9 1 1 9 9 1 2 2 2 2 2 2 9 2 2 2 2 2 1 2 2 9 2 2 9 2 2 2 2 2 9 2 9 9 2 2 2 1 2 2 2 2 2 2 2 2 2 2 2 2
left_child=2 29 52 -4 5 18 7 8 16 -10 12 21 23 14 24 -8 25 -6 -5 32 -21 -12 -23 -11 -3 -7 -19 -28 -29 -2 40 51 -9 34 -34 -35 37 38 39 -37 41 -15 43 47 49 -42 50 -43 -49 -44 -45 -32 -1 -54 55 -55 58 -58 -57 -59 -26 -17
right_child=1 13 3 4 17 6 15 19 9 10 11 -13 -14 30 -16 61 -18 26 -20 20 -22 22 -24 -25 60 -27 27 28 -30 -31 31 -33 33 35 -36 36 -38 -39 -40 -41 45 42 44 46 -46 -47 -48 48 -50 -51 -52 -53 53 54 -56 56 57 59 -60 -61 -62 -63
leaf_value=1.8226469324122505 -0.83843507342463397 2.2155003303807543 17.772138473360162 6.8273325189969745 1.8445884781249804 -14.916063376348845 8.0965517227054438 7.2690644901468051 4.2682207517551651 -4.7118485033122033 -11.255002088299214 -1.6482895769716539 1.0661778863972773 -0.51858520065640834 0.1131703378003697 2.5018300658203128 0.88831079165361759 0.37307972558501679 2.4508137322761754 3.4314678509127017 32.960418024769538 -36.357569186513622 -18.848625013227771 -16.87179150438309 1.3066152884684596 -2.2294746609428264 15.115112601897934 10.965449302566462 1.3660499754163087 -0.41986529226847841 20.423191452026437 -16.899854254722595 21.767874440692722 3.5427317993268881 -7.7125684682060696 -19.092489905979324 2.1281901019183347 -1.9371256156170622 -35.075864777741614 10.624781228814808 -3.8277180048650408 13.807668002588409 4.0654205203770388 30.718793647520005 -1.1419392568713727 -0.32729414739467982 4.6482116451840785 45.616762240116415 21.797217550873757 0.62832302423143505 11.317251398570525 0.33160290217324168 0.027395451399423759 -25.33674031170932 -15.771136953624396 1.8856454153060913 3.2900117405673912 -30.688458749226164 33.403666653840439 -7.5551049947738651 0.11079762892547412 11.521286129951477
leaf_weight=2608 87196 6137 95 688 11501 98 747 285 264 382 183 184 746 50842 36551 2378 2811 30910 20495 33 27 48 240 100 13315 158 88 116 5113 134671 21 32 21 1460 204 23 443 188 27 21 2368 28 2489 31 4798 6419 279 52 40 1274 167 27628 37414 22 104 25 57 28 23 33 9865 102
leaf_count=2608 87196 6137 95 688 11501 98 747 285 264 382 183 184 746 50842 36551 2378 2811 30910 20495 33 27 48 240 100 13315 158 88 116 5113 134671 21 32 21 1460 204 23 443 188 27 21 2368 28 2489 31 4798 6419 279 52 40 1274 167 27628 37414 22 104 25 57 28 23 33 9865 102
internal_value=0.00806512 -0.28287 0.935684 1.36292 1.34345 2.01562 0.922833 -0.37035 -1.82406 -4.75199 -6.01664 -13.0049 -2.16565 0.129174 0.550296 4.1071 0.225593 0.887169 2.59296 2.40404 16.7195 -17.315 -21.7668 -7.08761 1.09487 -6.81967 0.582792 1.80303 1.579 -0.584367 -0.158366 0.326807 2.08259 1.46334 -4.74995 2.12211 -0.802229 -5.67745 -16.3811 -4.90925 -0.353604 -0.218674 1.44633 12.8001 0.638876 -1.27535 8.67739 30.2548 35.2604 2.90651 14.3549 0.346863 0.0862031 -0.033901 -7.88783 -3.52685 -0.636381 -7.80563 16.988 -18.1737 0.797352 2.86125
internal_weight=504696 384203 120493 80179 80084 32356 11173 7946 5214 2147 1883 655 1228 162336 65868 3227 3067 47728 21183 2732 60 471 288 482 29317 256 36227 5317 5229 221867 96468 27681 2672 2387 225 2162 702 259 71 44 68787 60000 9158 597 8561 8787 477 120 92 3763 198 27649 40314 37706 292 188 166 118 48 61 23180 2480
internal_count=504696 384203 120493 80179 80084 32356 11173 7946 5214 2147 1883 655 1228 162336 65868 3227 3067 47728 21183 2732 60 471 288 482 29317 256 36227 5317 5229 221867 96468 27681 2672 2387 225 2162 702 259 71 44 68787 60000 9158 597 8561 8787 477 120 92 3763 198 27649 40314 37706 292 188 166 118 48 61 23180 2480
cat_boundaries=0 1 2 3 4 5 6 7 8 9 10 12 13 14 15 16 17 18 19
cat_threshold=49 159869442 33 73728 8194 1 68 134225920 16384 1 544083996 1 76 2 8192 18432 2198869258 555767818 68
is_linear=0
shrinkage=0.05


Tree=89
num_leaves=63
num_cat=13
split_feature=3 1 0 10 4 4 3 7 3 7 0 20 0 4 15 20 20 10 0 10 0 1 1 17 3 3 12 15 10 10 0 1 10 19 0 3 7 20 19 7 0 10 4 9 17 20 7 3 15 13 16 20 20 3 12 3 19 10 10 10 0 7
split_gain=5.05445e+07 1.16814e+07 1.32718e+07 1.4577e+07 1.27161e+07 1.04326e+07 1.11553e+07 9.55687e+06 7.77516e+06 5.85834e+06 6.91012e+06 5.8254e+06 5.49153e+06 4.98362e+06 4.97871e+06 4.8723e+06 4.75423e+06 4.71897e+06 1.22246e+07 7.48048e+06 1.64812e+07 7.4076e+06 5.64097e+06 5.82493e+06 5.2818e+06 4.28622e+06 5.64957e+06 4.61354e+06 4.55549e+06 6.04222e+06 4.15961e+06 4.10681e+06 1.07529e+07 9.57016e+06 9.36604e+06 1.06637e+07 6.02066e+06 5.8823e+06 4.92488e+06 4.36267e+06 4.25298e+06 4.94681e+06 1.12886e+07 8.55522e+06 3.88814e+06 4.8293e+06 4.32691e+06 3.86959e+06 5.32203e+06 3.82281e+06 3.75035e+06 3.57637e+06 4.3836e+06 3.55576e+06 3.54451e+06 3.51153e+06 3.4475e+06 3.43097e+06 6.18098e+06 1.07151e+07 2.52212e+07 7.53389e+06
threshold=2251.1102372189885 0 1 1.0000000180025095e-35 119.62000000000002 325.96500000000009 1550.0234741784041 2008.5000000000002 3904.2033643443924 2016.5000000000002 2 3161.1678463094036 3 5.0050000000000008 21.250000000000004 2818.4868421052638 2477.1922878756609 5.5000000000000009 4 4.5000000000000009 5 6 7 497.2000000000001 1888.8572916287501 2023.7699460511092 31.500000000000004 22.450000000000003 2.5000000000000004 3.5000000000000004 8 9 4.5000000000000009 32.862333333333339 10 4981.5572559041984 2008.5000000000002 2225.6247237495331 61.098333333333343 2015.5000000000002 11 4.5000000000000009 425.00500000000005 21.500000000000004 528.04500000000007 1319.0048626859241 2007.5000000000002 1151.0926196994162 22.250000000000004 302.50000000000006 1.0000000180025095e-35 3489.0433262110359 2980.0949553835444 4371.0287820196727 20.500000000000004 5224.9642948227502 494.76400000000007 2.5000000000000004 5.5000000000000009 4.5000000000000009 12 2016.5000000000002
decision_type=2 1 9 2 2 2 2 2 2 2 9 2 9 2 2 2 2 2 9 2 9 1 1 2 2 2 2 2 2 2 9 1 2 2 9 2 2 2 2 2 9 2 2 2 2 2 2 2 2 2 2 2 2 2 2 2 2 2 2 2 9 2
left_child=1 2 3 5 13 14 -7 -3 -2 17 -11 12 57 -5 -1 -12 -6 19 22 30 21 -21 23 24 -19 28 -27 -28 -15 49 -4 32 34 -34 36 38 56 53 51 -39 41 -41 -43 -44 -23 -46 -47 -16 -49 -30 -26 52 -36 -33 -14 -35 -10 -9 59 -59 61 -61
right_child=8 7 9 4 16 6 -8 11 31 10 15 -13 54 25 47 -17 -18 18 -20 20 -22 44 -24 -25 50 26 27 -29 29 -31 -32 37 33 55 35 -37 -38 39 -40 40 -42 42 43 -45 45 46 -48 48 -50 -51 -52 -53 -54 -55 -56 -57 -58 58 -60 60 -62 -63
leaf_value=-1.7906111125883304 0.79730438657852953 -0.76701143562615237 0.67292042851446743 1.151557650625912 -0.99009853631793376 14.352654044692583 57.587591308593758 -0.087492201643853434 -1.2668535272280375 3.6060687856686786 0.38459284185727699 -8.6244529091260009 -0.56533672030810411 -2.3836998933173241 29.624727247953416 24.512187494550432 -11.730418689598974 10.195835472842841 0.055258450653370698 1.0167436208545739 -0.18935470798411619 -3.6131159539314179 2.2772768332758031 4.3750683831150941 44.277922453199118 30.131640239862293 22.911788758364594 -8.4827978239059458 11.213524020931679 -8.7616290131912518 -0.13685776133832867 7.4609289516102182 4.4170385143336128 -11.962167930153182 3.4229326538417655 -24.471382391686532 4.7786522529740489 1.4075563458318801 -4.3892830311660305 4.0425604489759808 2.3508799278590815 5.1693140524255359 17.611136580591506 56.65555807590485 -4.0364992346767394 -17.152246161927 -8.1673023239273004 30.287700742085775 7.780810434501884 31.177242265428816 14.395795531499955 0.72465694858792518 29.108316483864417 32.75455222974221 -0.094705901425003458 -32.948996916684244 -29.374728469848634 0.62441310556932805 -1.2054155796611625 16.692838439557505 1.6722789087467611 4.1329958204089143
leaf_weight=76 65058 106333 22217 289 334 37 25 16686 24 2517 5787 204 68053 94 30 21 149 254 8616 483 8509 1055 1948 615 21 52 22 25 167 34 55341 33 102 212 46 51 1236 12338 554 1333 7923 177 47 20 512 178 542 30 211 28 21 466 26 24 97076 22 20 10584 2806 439 2399 164
leaf_count=76 65058 106333 22217 289 334 37 25 16686 24 2517 5787 204 68053 94 30 21 149 254 8616 483 8509 1055 1948 615 21 52 22 25 167 34 55341 33 102 212 46 51 1236 12338 554 1333 7923 177 47 20 512 178 542 30 211 28 21 466 26 24 97076 22 20 10584 2806 439 2399 164
internal_value=0.00767584 -0.224973 0.216084 4.71825 1.95709 12.8943 31.7861 -0.384519 1.08385 0.149223 1.42378 -0.179551 -0.170859 6.20998 9.51884 0.47102 -4.30337 0.0434619 0.997658 -0.0797908 -1.28293 -4.62484 3.82414 7.07118 12.9118 9.67415 18.7761 6.21254 6.88439 10.6888 0.0951777 1.84 0.0182208 -8.36405 1.18067 -2.10559 4.09962 2.06861 -1.08031 2.02768 2.83306 5.20765 11.7861 29.2662 -5.81554 -7.74875 -10.3886 12.6905 10.5825 14.0801 29.3369 2.32707 12.6982 18.1109 -0.288645 -13.9353 -14.0432 0.417099 0.930996 1.37224 4.00882 13.0603
internal_weight=504696 414984 110240 1603 1194 409 62 304744 89712 108637 8325 198411 198207 711 347 5808 483 100312 11475 88837 11279 2770 2859 911 296 422 99 47 323 229 77558 24654 2759 336 2423 1143 1280 21895 1092 21838 9500 1577 244 67 2287 1232 720 271 241 195 42 538 72 57 165129 234 44 33078 16392 13586 3002 603
internal_count=504696 414984 110240 1603 1194 409 62 304744 89712 108637 8325 198411 198207 711 347 5808 483 100312 11475 88837 11279 2770 2859 911 296 422 99 47 323 229 77558 24654 2759 336 2423 1143 1280 21895 1092 21838 9500 1577 244 67 2287 1232 720 271 241 195 42 538 72 57 165129 234 44 33078 16392 13586 3002 603
cat_boundaries=0 1 2 3 4 5 6 7 8 9 10 11 13 14
cat_threshold=177 278528 2151751744 539908108 73992 536944904 33 16 142681346 144 198656 679944 1 16384
is_linear=0
shrinkage=0.05


Tree=90
num_leaves=63
num_cat=2
split_feature=3 3 7 4 17 7 14 18 17 21 13 19 21 3 3 7 14 10 9 10 7 3 17 19 19 19 7 7 13 19 4 18 7 4 19 7 14 13 4 14 17 10 12 3 10 3 16 10 19 2 15 4 4 3 10 2 10 14 15 13 4 6
split_gain=4.24439e+07 9.60886e+06 7.95611e+06 4.9208e+06 3.42843e+06 6.07318e+06 5.79048e+06 2.99837e+06 3.23854e+06 4.473e+06 3.82618e+06 3.07259e+06 6.97451e+06 2.98199e+06 2.76987e+06 2.62426e+06 2.54728e+06 2.50935e+06 2.48676e+06 2.37548e+06 2.34845e+06 2.31494e+06 2.09876e+06 2.56536e+06 2.01116e+06 1.96105e+06 2.08232e+06 1.9468e+06 1.84068e+06 2.11229e+06 5.44351e+06 3.40766e+06 2.22432e+06 2.35743e+06 3.17901e+06 2.83794e+06 2.74656e+06 3.52086e+06 3.93977e+06 2.03205e+06 1.89446e+06 2.23048e+06 1.81137e+06 1.79076e+06 1.93624e+06 2.57056e+06 2.52786e+06 1.7816e+06 1.79465e+06 1.77107e+06 2.78478e+06 1.85501e+06 1.71445e+06 2.4877e+06 3.17042e+06 2.94354e+06 1.89672e+06 1.90366e+06 1.70931e+06 1.68116e+06 2.1477e+06 2.61614e+06
threshold=1888.8572916287501 3904.2033643443924 2006.5000000000002 300.89000000000004 170.43500000000003 2008.5000000000002 29.850000000000005 10.957142857142861 7.8050000000000006 1.5000000000000002 248.50000000000003 4.2446666666666664 4.5000000000000009 915.51364479310087 5833.4745046068419 2012.5000000000002 28.050000000000004 2.5000000000000004 27.500000000000004 3.5000000000000004 2016.5000000000002 209.07472875297233 1461.8500000000004 128.4316666666667 611.23666666666679 1061.4945000000005 2012.5000000000002 2011.5000000000002 116.50000000000001 1.5566666666666673 2.0050000000000003 250.39714285714288 2007.5000000000002 199.80500000000004 416.29816666666676 2012.5000000000002 32.150000000000013 178.50000000000003 101.605 30.150000000000002 74.810000000000016 5.5000000000000009 26.500000000000004 1390.336440162946 1.0000000180025095e-35 1750.0167000668007 19.850000000000005 4.5000000000000009 393.88000000000005 0 20.550000000000004 50.010000000000012 0.70500000000000018 3600.0489955903977 1.5000000000000002 1 5.5000000000000009 29.950000000000003 16.750000000000004 197.50000000000003 6.6050000000000013 5.5000000000000009
decision_type=2 2 2 2 2 2 2 2 2 2 2 2 2 2 2 2 2 2 2 2 2 2 2 2 2 2 2 2 2 2 2 2 2 2 2 2 2 2 2 2 2 2 2 2 2 2 2 2 2 1 2 2 2 2 2 1 2 2 2 2 2 2
left_child=2 20 21 15 7 6 -6 11 9 10 14 -3 -13 -5 27 24 -7 -17 -12 -18 28 -1 23 -22 -4 26 42 -9 47 -30 31 52 -32 34 -34 36 37 38 39 -36 41 -39 -21 -26 45 -45 49 48 -2 50 -46 -52 -31 -54 55 -55 57 -56 -19 -37 61 -61
right_child=1 4 3 13 5 16 -8 8 -10 -11 18 12 -14 -15 -16 17 19 58 -20 25 22 -23 -24 -25 43 -27 -28 -29 29 30 32 -33 33 -35 35 59 -38 40 -40 -41 -42 -43 -44 44 46 -47 -48 -49 -50 -51 51 -53 53 54 56 -57 -58 -59 -60 60 -62 -63
leaf_value=-2.5082999685859875 -0.30677925779852555 2.3697241108290625 -0.18948087105804787 -0.59785315270345774 -3.1079322494779316 2.1556250134912607 -36.833520240783692 19.221799700968976 2.4770105606962471 -1.996274993960568 0.79925613970515297 -0.57293729879237987 -26.823223114013672 -0.13115410001176966 21.552588984152166 -0.042513180054997261 1.4328198257950575 0.17012666803162835 15.708394164808334 -13.361545478144002 0.60017795340337921 -0.60267999070945166 0.078052315146174445 1.7254526921882183 0.38609045696440858 0.75477161693606742 -0.82133505114714933 7.3778744915737722 1.9695694393656493 -0.55924040430583033 -0.31719529335628777 3.6542176665499428 0.93734666201718353 0.42839497050660374 33.016017581621803 4.3856324249436227 0.93773512090200306 6.9609772586669685 3.1824117782953625 13.262219590726108 4.0231144380916977 23.412103007520951 -3.1396927209571004 4.4860832169493463 2.0394827606829247 21.29618366320928 16.621551534107752 -0.93937082217324797 0.77533327759477833 -0.95238892204715109 2.0314882051944734 21.120126920427595 -2.4315619452253361 -23.668407589805369 7.7370743097364914 -1.2942622298286075 -14.547393270099864 -5.6221354351937771 0.89062804573126975 -0.62479339475217077 -0.60642108881434842 24.101305491924286
leaf_weight=1618 7345 1428 66917 59932 35 5298 20 37 6021 173 286 945 26 79803 41 25045 5824 13367 31 62 9232 106117 5036 11221 5768 2341 1358 557 2619 948 5447 273 17035 24433 30 299 327 78 37 23 566 28 144 94 335 30 28 3897 8010 411 20 35 1311 49 40 21 34 80 21427 23 770 20
leaf_count=1618 7345 1428 66917 59932 35 5298 20 37 6021 173 286 945 26 79803 41 25045 5824 13367 31 62 9232 106117 5036 11221 5768 2341 1358 557 2619 948 5447 273 17035 24433 30 299 327 78 37 23 566 28 144 94 335 30 28 3897 8010 411 20 35 1311 49 40 21 34 80 21427 23 770 20
internal_value=-0.00599322 0.798058 -0.267418 -0.12393 1.68208 1.21276 -15.3718 2.42365 2.93711 5.39958 6.74358 0.894179 -1.27583 -0.33132 8.98321 0.093184 1.27346 0.339124 2.25725 0.793068 0.578666 -0.631299 0.992397 1.21753 -0.106669 -0.161072 -1.53191 8.11563 0.435661 0.584143 0.514193 -1.6481 0.635524 0.75436 1.16839 2.95661 4.77087 6.4158 15.7029 24.4436 5.17199 11.3066 -6.21617 0.717837 2.72572 8.55304 1.85408 0.0153957 0.257709 1.33786 3.75144 14.1788 -2.23108 -3.26359 -8.13317 -16.9562 -4.12272 -1.16907 0.613829 1.17987 0.000875306 10.8757
internal_weight=504806 123859 380947 273212 24627 15082 55 9545 7146 1125 952 2399 971 139735 635 133477 15027 59839 317 9729 99232 107735 25489 20453 73638 3905 1564 594 73743 54491 51872 2756 49116 43669 19236 2201 1089 762 90 53 672 106 206 6721 953 124 829 19252 15355 801 390 55 2483 1535 224 70 154 120 34794 1112 813 43
internal_count=504806 123859 380947 273212 24627 15082 55 9545 7146 1125 952 2399 971 139735 635 133477 15027 59839 317 9729 99232 107735 25489 20453 73638 3905 1564 594 73743 54491 51872 2756 49116 43669 19236 2201 1089 762 90 53 672 106 206 6721 953 124 829 19252 15355 801 390 55 2483 1535 224 70 154 120 34794 1112 813 43
cat_boundaries=0 1 2
cat_threshold=2 1
is_linear=0
shrinkage=0.05


Tree=91
num_leaves=63
num_cat=15
split_feature=1 7 7 0 3 1 0 20 10 13 20 2 1 17 3 20 0 14 7 3 7 1 0 19 18 13 10 3 17 17 7 3 17 17 10 10 7 1 0 19 21 7 7 14 10 20 0 3 7 17 20 6 3 0 10 10 0 13 8 20 0 3
split_gain=4.12143e+07 1.32598e+07 1.30727e+07 9.10866e+06 9.10829e+06 1.99892e+07 1.02217e+07 1.28396e+07 1.16277e+07 1.06593e+07 8.54048e+06 7.49751e+06 6.9173e+06 6.81691e+06 5.83477e+06 5.71599e+06 8.89448e+06 5.71391e+06 6.30861e+06 1.12543e+07 5.40675e+06 5.3148e+06 5.83431e+06 4.60279e+06 4.35896e+06 4.27042e+06 4.21209e+06 4.04154e+06 3.975e+06 3.90124e+06 3.83127e+06 7.04131e+06 4.71785e+06 3.81139e+06 3.67049e+06 5.76618e+06 1.1068e+07 1.89788e+07 1.18243e+07 5.20289e+06 4.10207e+06 4.15441e+06 4.88482e+06 5.15564e+06 4.99827e+06 3.60275e+06 3.60028e+06 4.25025e+06 3.47639e+06 7.3387e+06 4.67781e+06 6.56572e+06 3.4378e+06 3.41765e+06 3.41174e+06 7.19721e+06 6.74232e+06 3.36376e+06 3.33814e+06 3.32575e+06 3.3108e+06 3.30656e+06
threshold=0 2012.5000000000002 2007.5000000000002 1 2626.6259354325598 2 3 1537.6767421920151 1.0000000180025095e-35 275.50000000000006 3900.6392308260497 4 5 29.915000000000006 1700.0197676540358 2505.4020647934699 6 26.350000000000005 2008.5000000000002 1852.6489059971782 2008.5000000000002 7 8 1384.531666666667 23.79214285714286 18.500000000000004 1.5000000000000002 2980.9585434173673 3.5050000000000003 29.915000000000006 2015.5000000000002 1656.6609783845281 1.2050000000000003 1461.8500000000004 4.5000000000000009 5.5000000000000009 2017.5000000000002 9 10 440.56816666666674 2.5000000000000004 2018.5000000000002 2015.5000000000002 27.250000000000004 1.0000000180025095e-35 2105.8163348239118 11 2279.1554194469331 2011.5000000000002 312.51000000000005 3271.8972491814698 4.5000000000000009 3828.1534090909095 12 5.5000000000000009 4.5000000000000009 13 104.50000000000001 7.5000000000000009 1089.5237174701263 14 1593.1157772210506
decision_type=1 2 2 9 2 1 9 2 2 2 2 1 1 2 2 2 9 2 2 2 2 1 9 2 2 2 2 2 2 2 2 2 2 2 2 2 2 1 9 2 2 2 2 2 2 2 9 2 2 2 2 2 2 9 2 2 9 2 2 2 9 2
left_child=2 -2 -1 4 5 6 -4 -8 17 10 20 21 13 24 -11 16 -6 -9 -19 -20 61 22 26 -12 -5 -22 53 60 -28 -21 59 -32 52 -16 40 36 37 -36 -39 -38 -17 42 -42 44 -44 -34 47 57 49 -27 51 -51 -33 -3 55 -30 -57 -47 -29 -14 -23 -10
right_child=1 11 3 12 15 -7 7 8 9 14 23 -13 30 -15 33 34 -18 18 19 29 25 27 -24 -25 -26 48 28 58 54 -31 31 32 45 -35 35 -37 39 38 -40 -41 41 -43 43 -45 -46 46 -48 -49 -50 50 -52 -53 -54 -55 -56 56 -58 -59 -60 -61 -62 -63
leaf_value=-0.03159964861285957 -0.50958683407862804 -2.0608958498346652 1.1692928965299245 1.52145640205518 -2.8001525551948734 -0.31330521600028072 47.104260569033414 -0.078635838627815258 15.489786854912253 40.763158727728808 -13.383173674002462 -0.19556624901364991 8.6907968187126379 1.2603731512127623 17.592531964341564 1.9871489629213492 9.8704740877853023 10.635493641168299 63.667448730468756 7.5208782597382866 32.174217448915755 3.0131369193570201 0.48813349393808719 3.7072589125898148 5.4717336368258875 5.3945039214157475 6.3465211572862215 -12.039374572186432 1.846798270664495 28.59322248842658 27.1903039932251 8.4825230259396971 5.0221900906428072 0.76249980415616725 0.48299357274932286 2.1559414403578248 13.695729471601709 -18.188310849607774 -1.6392502341073811 0.26006311607596122 -0.12590410869897289 16.952221407272198 -29.072287071228029 -3.0362243422605459 0.50299792170524593 22.905606848694561 0.24900971357022825 1.7648111783236158 5.0988174568536504 11.364069215182601 6.0463968583515717 41.742405103600547 1.9023704737969187 1.5274730965448606 -0.35513608513098593 15.038092186550299 4.4726163399186367 2.3423400849909397 -1.5474800187378683 0.20989975686694151 0.063876685362966326 -1.3177560934140571
leaf_weight=33788 221979 933 447 1159 196 1262 23 32 34 23 87 96694 116 15056 169 12273 459 71 20 30 21 968 19293 72 1757 123 665 121 4101 82 26 363 522 42 822 1429 137 294 184 152 408 27 50 103 20 43 9652 4349 252 29 28 46 438 2233 1026 182 892 37 203 33270 35283 210
leaf_count=33788 221979 933 447 1159 196 1262 23 32 34 23 87 96694 116 15056 169 12273 459 71 20 30 21 968 19293 72 1757 123 665 121 4101 82 26 363 522 42 822 1429 137 294 184 152 408 27 50 103 20 43 9652 4349 252 29 28 46 438 2233 1026 182 892 37 203 33270 35283 210
internal_value=-0.00569356 -0.258308 0.802264 1.12828 2.07433 4.56132 7.86186 9.98429 9.43438 7.34007 4.87317 0.0847313 0.849404 1.68799 16.8492 1.6094 6.1869 19.5584 22.6539 29.1183 7.12384 0.496007 0.997325 -5.64411 3.90165 10.1064 1.97511 0.0937637 2.67279 22.9488 0.540391 1.19207 1.14819 14.2425 1.42082 -0.148683 -2.22125 -4.18878 -11.9821 6.62922 1.78855 -2.2203 -3.11128 -10.1519 -20.6222 0.94325 0.792039 1.97044 9.13689 13.6395 23.4855 29.9961 4.88439 0.468319 2.27882 2.80103 6.44471 13.3951 -5.46575 0.239367 0.143479 1.02428
internal_weight=504806 384573 120233 86445 19657 3103 1841 1394 1371 1136 902 162594 66788 17972 234 16554 655 235 203 132 743 65900 29325 159 2916 499 10032 36575 6866 112 48816 15430 15404 211 15899 3018 1589 1300 478 289 12881 608 581 173 70 14603 14081 4429 478 226 103 75 801 3166 6201 5175 1074 80 324 33386 36251 244
internal_count=504806 384573 120233 86445 19657 3103 1841 1394 1371 1136 902 162594 66788 17972 234 16554 655 235 203 132 743 65900 29325 159 2916 499 10032 36575 6866 112 48816 15430 15404 211 15899 3018 1589 1300 478 289 12881 608 581 173 70 14603 14081 4429 478 226 103 75 801 3166 6201 5175 1074 80 324 33386 36251 244
cat_boundaries=0 1 2 3 4 5 6 7 8 10 11 12 13 14 15 16
cat_threshold=49 161827328 17 16779776 1 1 16384 68 545151004 1 33 65536 143370 537935872 16384 540672
is_linear=0
shrinkage=0.05


Tree=92
num_leaves=63
num_cat=11
split_feature=1 7 7 0 1 2 17 4 10 1 7 0 10 1 19 17 4 4 7 10 10 10 6 15 0 1 10 18 1 19 7 15 17 18 14 7 15 15 4 18 13 7 4 7 18 7 17 15 17 18 15 19 10 7 9 1 6 9 17 4 10 11
split_gain=3.71903e+07 1.19957e+07 1.17967e+07 8.21643e+06 6.24283e+06 6.23378e+06 6.15226e+06 4.72347e+06 8.30633e+06 8.97799e+06 1.4747e+07 8.57652e+06 1.16567e+07 7.12196e+06 1.01442e+07 7.59329e+06 6.30112e+06 5.82657e+06 1.76491e+07 9.90975e+06 9.24757e+06 6.84106e+06 4.53231e+06 5.79967e+06 4.10807e+06 5.21082e+06 4.0723e+06 3.93396e+06 3.69113e+06 6.57861e+06 6.29458e+06 4.09206e+06 5.18067e+06 6.70638e+06 4.80752e+06 6.41071e+06 3.68828e+06 3.64681e+06 3.57813e+06 3.51258e+06 4.55753e+06 3.45778e+06 5.25789e+06 3.43429e+06 3.44013e+06 3.28638e+06 3.28602e+06 3.66606e+06 3.24913e+06 3.24817e+06 3.23963e+06 3.1411e+06 7.20949e+06 3.32624e+06 3.11925e+06 3.04794e+06 3.03978e+06 3.34405e+06 6.9942e+06 2.93602e+06 2.89902e+06 1.10473e+07
threshold=0 2011.5000000000002 2007.5000000000002 1 2 3 29.915000000000006 58.515000000000008 4.5000000000000009 4 2017.5000000000002 5 5.5000000000000009 6 954.82150000000013 652.19000000000017 1.905 671.42500000000007 2011.5000000000002 1.0000000180025095e-35 2.5000000000000004 3.5000000000000004 15.500000000000002 22.250000000000004 7 8 2.5000000000000004 23.79214285714286 9 440.56816666666674 2013.5000000000002 15.850000000000003 652.19000000000017 937.54642857142869 33.250000000000007 2010.5000000000002 27.050000000000004 20.250000000000004 48.010000000000012 42.085714285714005 278.50000000000006 2015.5000000000002 4.995000000000001 2009.5000000000002 594.31357142857144 2009.5000000000002 887.09000000000003 15.750000000000002 23.505000000000006 3275.1485714285777 21.950000000000003 4.7929999999999966 1.0000000180025095e-35 2015.5000000000002 13.500000000000002 10 7.5000000000000009 13.500000000000002 238.24000000000004 2158.7000000000003 5.5000000000000009 1.0000000180025095e-35
decision_type=1 2 2 9 1 1 2 2 2 1 2 9 2 1 2 2 2 2 2 2 2 2 2 2 9 1 2 2 1 2 2 2 2 2 2 2 2 2 2 2 2 2 2 2 2 2 2 2 2 2 2 2 2 2 2 1 2 2 2 2 2 2
left_child=2 -2 -1 7 6 24 27 16 13 -10 11 12 -11 14 17 22 39 18 19 45 -21 43 56 -24 25 26 -3 -5 29 51 31 -31 33 34 35 -33 49 -23 -8 48 -41 -6 -43 44 -22 -9 47 -19 -4 -17 54 52 53 -18 -14 -7 57 -16 -59 -49 61 -57
right_child=1 5 3 4 41 55 38 8 9 10 -12 -13 50 -15 15 36 28 46 -20 20 21 37 23 -25 -26 -27 -28 -29 -30 30 -32 32 -34 -35 -36 -37 -38 -39 -40 40 -42 42 -44 -45 -46 -47 -48 59 -50 -51 -52 -53 -54 -55 -56 60 -58 58 -60 -61 -62 -63
leaf_value=-0.030019666512422667 -0.51595403234120085 0.88598478138144987 0.088226468752288734 1.4453835832245914 0.22739838389675346 0.21516881173725624 3.2593088916578568 16.83533985300706 0.88145459757013667 -17.275105279309283 10.046328071155585 -0.89920396043408768 27.494467668533328 1.153479371278733 6.4252098098877939 7.040507968953186 6.4759815482930705 10.527144974034009 1.3227882757461569 -1.5846644644108085 23.640071025159628 12.948530502319336 46.928967148512605 15.90237494531225 0.15520587764488122 0.52761767808955062 3.6317508974684638 5.1981469366001898 2.8733716632558117 -0.10994663337866467 0.64590993044169054 45.84572346878052 11.631623183076199 46.697641122752231 1.450858744868526 11.295492954089724 -10.024562355279924 -14.639027736497964 0.90921158276166614 3.9156666209732283 27.523003911972047 4.0705061729153433 0.84251995458273865 30.664702333030057 -0.50348100852966304 33.283394207870757 3.5283140408201805 -6.4654265716088268 -13.460258160466735 -0.11187387660806403 -7.7045318379121674 3.4650305304576197 16.440873174559801 -21.344218808128723 1.2297871369581959 -0.51597615965161414 3.2938942856513536 12.037108472381563 38.720519045627483 5.3348566919565208 -1.1561714114365385 1.2596415813217456
leaf_weight=33788 198346 2592 1164 1159 33386 31865 1846 65 1930 330 128 251 20 7651 93 728 22 41 2017 144 36 25 20 61 53759 16754 2819 1757 1741 36 92 25 143 29 27 29 40 23 13210 138 24 1386 14044 59 25 57 211 434 46 203 34 1042 133 21 26 58038 104 96 33 60 10083 10317
leaf_count=33788 198346 2592 1164 1159 33386 31865 1846 65 1930 330 128 251 20 7651 93 728 22 41 2017 144 36 25 20 61 53759 16754 2819 1757 1741 36 92 25 143 29 27 29 40 23 13210 138 24 1386 14044 59 25 57 211 434 46 203 34 1042 133 21 26 58038 104 96 33 60 10083 10317
internal_value=-0.00539762 -0.245363 0.762104 1.0718 0.806936 0.0428238 1.60359 1.97032 1.53612 -0.963448 -5.41882 -8.49556 -12.8116 2.09201 3.65105 7.24519 3.35167 2.11329 3.29091 12.4377 7.71313 15.6827 12.9781 23.5633 0.391505 0.96412 2.31219 3.70657 4.52354 6.26311 12.0365 15.6626 17.9069 26.0647 18.6776 27.291 4.84222 -0.270508 1.19735 0.498861 7.41305 0.513374 1.13247 22.0639 13.7452 24.5201 -1.75579 -3.8398 -0.42684 5.48097 3.99887 4.50857 10.6868 -7.11063 12.6492 -0.197181 10.348 13.6526 18.8631 -5.03219 -0.364677 -0.247978
internal_weight=504806 384573 120233 86445 66788 186227 17972 19657 14945 2719 789 661 410 12226 4575 1378 4712 3197 2451 434 312 168 407 81 75924 22165 5411 2916 3340 1599 381 289 253 110 81 54 971 48 15056 1372 162 48816 15430 120 61 122 746 535 1210 931 80 1218 176 43 46 110303 326 222 129 494 78438 68355
internal_count=504806 384573 120233 86445 66788 186227 17972 19657 14945 2719 789 661 410 12226 4575 1378 4712 3197 2451 434 312 168 407 81 75924 22165 5411 2916 3340 1599 381 289 253 110 81 54 971 48 15056 1372 162 48816 15430 120 61 122 746 535 1210 931 80 1218 176 43 46 110303 326 222 129 494 78438 68355
cat_boundaries=0 1 2 3 4 5 6 7 9 10 11 12
cat_threshold=49 161827328 1 1 33 65536 16 545146908 1 64 16 130
is_linear=0
shrinkage=0.05


Tree=93
num_leaves=63
num_cat=8
split_feature=20 3 3 3 0 4 19 0 4 18 17 18 3 14 18 20 17 19 17 10 20 0 4 18 4 6 15 17 12 17 14 16 18 16 20 14 12 14 10 0 20 0 19 4 15 10 10 0 19 17 0 10 0 10 20 3 3 4 10 20 3 15
split_gain=3.19743e+07 7.4376e+06 5.16852e+06 4.46299e+06 3.67726e+06 3.2533e+06 7.42646e+06 6.89383e+06 4.03017e+06 3.10637e+06 4.02818e+06 3.57543e+06 3.48907e+06 3.13496e+06 3.87795e+06 3.06983e+06 2.71152e+06 2.66915e+06 4.80225e+06 4.02302e+06 5.17479e+06 4.97161e+06 5.88476e+06 4.66307e+06 3.87911e+06 4.83664e+06 4.74124e+06 3.36455e+06 4.22976e+06 3.25356e+06 3.24817e+06 3.2133e+06 2.60629e+06 3.41833e+06 2.58806e+06 3.11404e+06 3.45047e+06 4.81661e+06 2.54409e+06 4.57288e+06 3.36842e+06 3.2324e+06 2.83015e+06 9.42963e+06 2.41406e+06 2.62618e+06 2.72076e+06 2.93177e+06 4.7454e+06 2.41234e+06 2.38101e+06 6.85299e+06 8.89718e+06 5.95053e+06 4.26003e+06 2.50711e+06 2.34575e+06 2.34109e+06 2.25493e+06 2.23622e+06 3.29347e+06 5.82772e+06
threshold=1838.8550135501357 3600.0489955903977 814.69378470209324 639.42592276941821 0 260.02000000000004 408.77516666666673 1 58.515000000000008 250.39714285714288 1184.8750000000002 1864.097142857142 1442.7505144806125 31.750000000000004 2409.0421428571481 5229.0057692225555 345.02000000000004 13.806666666666667 306.42500000000007 1.0000000180025095e-35 3209.0769230769233 2 3.5050000000000003 2.3714285714285759 0.90500000000000014 12.500000000000002 24.350000000000005 10.705000000000002 2.5000000000000004 6.0050000000000008 22.050000000000004 2.0500000000000003 6.4857142857142884 1.0000000180025095e-35 2440.9698029269407 26.550000000000004 10.500000000000002 28.750000000000004 1.0000000180025095e-35 3 4792.6836324509404 4 4.7929999999999966 5.0050000000000008 17.250000000000004 3.5000000000000004 1.5000000000000002 5 554.98800000000017 5.0050000000000008 6 4.5000000000000009 7 5.5000000000000009 4501.1082227991183 1462.9129980433106 209.07472875297233 20.005000000000006 1.0000000180025095e-35 5846.5037224942653 5470.869381340538 19.350000000000005
decision_type=2 2 2 2 9 2 2 9 2 2 2 2 2 2 2 2 2 2 2 2 2 9 2 2 2 2 2 2 2 2 2 2 2 2 2 2 2 2 2 9 2 9 2 2 2 2 2 9 2 2 9 2 9 2 2 2 2 2 2 2 2 2
left_child=2 3 56 -2 17 6 15 8 9 -8 11 -11 -12 14 -13 38 -16 19 -19 21 24 22 23 -3 26 -26 29 28 -22 49 -20 -25 -17 -34 35 -6 -37 -38 39 -5 41 42 43 -40 -32 46 58 48 -48 -21 55 54 53 -53 -52 -7 -1 -29 -46 -36 61 -61
right_child=1 4 -4 5 34 50 7 -9 -10 10 12 13 -14 -15 16 32 -18 18 30 20 27 -23 -24 31 25 -27 -28 57 -30 -31 44 -33 33 -35 59 36 37 -39 40 -41 -42 -43 -44 -45 45 -47 47 -49 -50 -51 51 52 -54 -55 -56 -57 -58 -59 -60 60 -62 -63
leaf_value=-2.1811113605497754 -16.676661431161982 -9.2465769350528717 -0.080230533580045893 -3.0384683092098568 -8.086149634917577 -5.727973799033804 -0.14956422392712085 0.80566113834879161 2.4186004961829832 7.7240722316681953 19.950605780502848 40.009112173059719 1.9928745308066187 5.5063823863863952 7.4264559120745277 6.3938503958962185 29.00562106370926 1.9848069508747006 -14.656631188779265 10.358288691594051 14.180651686243388 -0.95747562744047332 2.9469178545063941 -20.07665373802185 6.2424745559692383 -20.945568557012649 32.24176132767289 -5.7707800510317782 -1.3231830939916629 22.008765205970178 1.9134032714229052 -47.767991707541732 -25.728679852524113 -3.4846780370825381 1.632111271929654 -7.4566237878799448 37.280106868743893 10.008488462672515 1.6922169748436138 0.2427291964215261 15.377782048934547 0.35426510759171981 1.0692152638025145 12.984743992433156 2.624517324648866 -1.5719376024342757 3.0946253784166444 1.0726733301301525 19.231284293190381 -12.138042519309305 0.18325356881068677 -6.3860360998304095 -0.041922173588122322 0.36255551036490508 19.703569438627788 0.51218033883430469 -0.43438161085150223 -26.137703989800954 -2.0963300912156568 31.469420608452392 3.3634875068371168 -3.8689123106002814
leaf_weight=1946 38 32 217314 1270 24 162 172 3495 1612 618 29 23 402 40 37 22 24 6534 37 26 46 174 29 20 74 21 27 43 1008 26 1597 22 31 39 15350 20 20 85 1186 6227 39 25582 10991 219 327 2340 180 1669 61 22 15589 1349 2350 431 28 25115 156333 21 1117 28 1093 20
leaf_count=1946 38 32 217314 1270 24 162 172 3495 1612 618 29 23 402 40 37 22 24 6534 37 26 46 174 29 20 74 21 27 43 1008 26 1597 22 31 39 15350 20 20 85 1186 6227 39 25582 10991 219 327 2340 180 1669 61 22 15589 1349 2350 431 28 25115 156333 21 1117 28 1093 20
internal_value=-0.00512288 0.673321 -0.238524 0.455257 1.33323 0.461962 0.731141 2.31889 4.09087 6.12553 7.04566 9.27878 3.20117 17.0272 22.5134 0.506519 15.9166 0.776122 0.999248 -1.16305 -0.00865579 -6.63911 -14.7156 -23.6259 7.48531 0.232486 14.3073 -1.32245 -0.646545 7.7636 0.120476 -34.5816 -8.61768 -13.3356 1.84901 8.41023 11.5775 15.2031 0.524962 -0.316838 0.690966 0.675884 1.33825 3.4524 0.195467 -0.286364 0.610547 1.84877 6.89299 0.0474702 0.15073 -0.260616 -2.07202 -4.72542 0.218252 0.472001 -0.455857 -12.4537 -1.02727 1.79085 3.92643 16.7451
internal_weight=504806 129213 375593 97120 32093 97082 52058 6452 2957 1345 1173 742 431 124 84 45606 61 15453 13862 1591 1314 277 103 74 196 95 101 1118 1054 74 7328 42 92 70 16640 149 125 105 45514 7497 38017 37978 12396 1405 7291 5694 3354 1910 241 48 45024 19747 4130 1780 15617 25277 158279 64 1444 16491 1141 48
internal_count=504806 129213 375593 97120 32093 97082 52058 6452 2957 1345 1173 742 431 124 84 45606 61 15453 13862 1591 1314 277 103 74 196 95 101 1118 1054 74 7328 42 92 70 16640 149 125 105 45514 7497 38017 37978 12396 1405 7291 5694 3354 1910 241 48 45024 19747 4130 1780 15617 25277 158279 64 1444 16491 1141 48
cat_boundaries=0 1 2 3 4 6 7 9 10
cat_threshold=3087294922 268525570 134496256 36718608 1359758608 1 16384 51433802 1 73728
is_linear=0
shrinkage=0.05


Tree=94
num_leaves=63
num_cat=17
split_feature=1 7 7 0 3 1 0 10 20 19 3 20 4 4 2 0 4 7 3 4 20 18 10 4 1 0 1 3 3 3 0 7 13 10 1 0 3 3 20 0 10 10 0 19 8 0 10 10 7 13 6 7 10 7 20 20 20 19 18 0 13 0
split_gain=3.11233e+07 1.04196e+07 1.00363e+07 6.79016e+06 6.88061e+06 1.63819e+07 9.07728e+06 1.00614e+07 6.86467e+06 6.64094e+06 7.421e+06 6.09345e+06 6.71203e+06 1.05572e+07 6.06386e+06 6.04414e+06 6.3623e+06 5.18094e+06 6.12595e+06 5.63891e+06 5.698e+06 4.69718e+06 4.53104e+06 5.15372e+06 4.52937e+06 4.7066e+06 4.12979e+06 6.71764e+06 5.22675e+06 3.63154e+06 3.57868e+06 3.90051e+06 3.57629e+06 3.57482e+06 3.51477e+06 3.33801e+06 4.83667e+06 3.22681e+06 3.14096e+06 3.06701e+06 3.06563e+06 6.35443e+06 6.43152e+06 4.55509e+06 2.98707e+06 2.96878e+06 8.28783e+06 1.93689e+07 1.16649e+07 6.06606e+06 5.02025e+06 4.53406e+06 3.67288e+06 3.05823e+06 2.9619e+06 2.94317e+06 2.88308e+06 4.01578e+06 3.11013e+06 2.85452e+06 2.80933e+06 2.77468e+06
threshold=0 2012.5000000000002 2008.5000000000002 1 2626.6259354325598 2 3 1.0000000180025095e-35 2505.4020647934699 68.825000000000003 1871.1319950904133 2335.445547633391 70.00500000000001 2837.1400000000003 4 5 686.42000000000019 2015.5000000000002 1656.6609783845281 4.995000000000001 1655.2857320208666 518.38714285714298 2.5000000000000004 28.505000000000006 6 7 8 2702.1792559104724 4371.0287820196727 2980.9585434173673 9 2012.5000000000002 219.50000000000003 1.5000000000000002 10 11 4371.0287820196727 3600.0489955903977 4990.3547654076292 12 5.5000000000000009 4.5000000000000009 13 268.50566666666674 7.5000000000000009 14 5.5000000000000009 4.5000000000000009 2015.5000000000002 46.500000000000007 15.500000000000002 2014.5000000000002 1.0000000180025095e-35 2017.5000000000002 2105.8163348239118 3824.8560737548437 4092.4176710918609 1133.9040000000002 1585.1500000000003 15 150.50000000000003 16
decision_type=1 2 2 9 2 1 9 2 2 2 2 2 2 2 1 9 2 2 2 2 2 2 2 2 1 9 1 2 2 2 9 2 2 2 1 9 2 2 2 9 2 2 9 2 2 9 2 2 2 2 2 2 2 2 2 2 2 2 2 9 2 9
left_child=2 60 -1 4 5 6 -4 9 15 -8 -11 22 56 -14 24 16 -6 26 -19 -20 -21 -12 -9 -24 25 33 -5 -28 30 59 -29 -32 -17 39 37 36 -35 -22 45 -3 41 -37 43 -43 -31 46 47 52 49 -49 51 -51 -16 -50 -36 -39 57 -13 -58 -26 -2 -42
right_child=1 14 3 17 8 -7 7 11 -10 10 21 12 13 -15 38 32 -18 18 19 20 34 -23 23 -25 29 -27 27 28 -30 44 31 -33 -34 35 54 40 -38 55 -40 -41 61 42 -44 -45 -46 -47 -48 48 53 50 -52 -53 -54 -55 -56 -57 58 -59 -60 -61 -62 -63
leaf_value=0.052811353741593826 -0.66856071073179013 -1.9931561136983675 0.96695061411176408 0.93424238889170563 16.246344154759459 -0.38538715616435781 2.2420933328568937 5.7336606477623562 1.3066868154241673 55.681461029052734 37.152041130065918 10.669712014357783 -3.7913231515829717 32.550775757702915 -2.1092421028686585 6.2317394233645409 -7.2774004759424828 25.665383133521448 4.2308321866671976 24.998801940917971 19.785900667080512 14.492916977586169 5.192100724051981 27.973602189188423 2.7899542114181268 0.45500717759544057 0.36231156909961915 0.98460338075650711 -26.883597805386501 -11.410093396557265 -8.1216562937994805 -2.0856736529942324 15.956330693136245 7.1930198407481747 4.4562648801638352 1.7024444043676892 -16.22244473747585 16.180112457275392 -11.076255241849207 1.4060009321482703 -5.9561366438217789 19.933696296824529 2.9700346796694448 7.9398654320695705 -1.4852290134711807 -0.23546837650340696 -5.3998385731756944 40.026020616803855 10.362528762236968 31.428857668450004 -1.7703895305765087 11.210730236879101 1.2561634494530933 0.17599405630638726 0.5560451051067713 2.0283567248901218 -10.575022878646852 29.516951963305473 9.0358347031377981 0.05145602342560595 -0.30424577439107348 0.79667849405626345
leaf_weight=40206 87065 933 340 20904 38 1008 32 67 15374 20 35 242 218 22 1023 213 118 26 1602 25 26 66 34 92 968 19293 16327 845 21 121 300 2482 170 536 505 4178 23 37 66 2233 174 111 698 276 203 90752 476 35 143 57 29 54 3907 152 13492 5222 30 32 62 35283 134914 870
leaf_count=40206 87065 933 340 20904 38 1008 32 67 15374 20 35 242 218 22 1023 213 118 26 1602 25 26 66 34 92 968 19293 16327 845 21 121 300 2482 170 536 505 4178 23 37 66 2233 174 111 698 276 203 90752 476 35 143 57 29 54 3907 152 13492 5222 30 32 62 35283 134914 870
internal_value=-0.00486828 -0.22439 0.697245 1.0211 1.86958 4.42686 8.12144 10.64 1.50114 22.4982 27.8552 8.50244 6.03827 -0.459964 0.0797007 7.04743 -1.45405 0.770674 1.41045 1.38029 1.14377 22.3451 16.2397 21.8262 0.449571 0.912366 0.443219 -0.0710732 -2.01093 0.0782422 -1.86692 -2.72677 10.2797 1.7906 1.11284 2.43331 6.12011 2.21061 -0.172378 0.402436 2.09352 2.58781 5.99708 11.0933 -5.19174 -0.16493 0.923333 1.48242 11.1808 21.408 16.7535 21.593 0.557825 5.11387 0.696264 2.12792 10.2994 12.8708 2.64099 0.125365 -0.447138 -0.378211
internal_weight=504806 384573 120233 80027 18213 2300 1292 952 15913 153 121 799 606 240 162594 539 156 61814 20935 20909 19307 101 193 126 65900 29325 40879 19975 3648 36575 3627 2782 383 10032 19282 6866 559 5285 96694 3166 6307 5263 1085 387 324 96628 5876 5400 470 175 140 111 4930 295 13997 5259 366 274 92 36251 221979 1044
internal_count=504806 384573 120233 80027 18213 2300 1292 952 15913 153 121 799 606 240 162594 539 156 61814 20935 20909 19307 101 193 126 65900 29325 40879 19975 3648 36575 3627 2782 383 10032 19282 6866 559 5285 96694 3166 6307 5263 1085 387 324 96628 5876 5400 470 175 140 111 4930 295 13997 5259 366 274 92 36251 221979 1044
cat_boundaries=0 1 2 3 4 5 6 7 9 10 11 12 13 14 15 16 17 18
cat_threshold=49 153438720 17 16777728 1 16384 68 545151004 1 33 268566532 1 538968084 537935872 1064960 2768912 540672 16384
is_linear=0
shrinkage=0.05


Tree=95
num_leaves=63
num_cat=15
split_feature=1 7 7 20 0 17 18 0 10 10 0 7 3 0 13 20 0 1 13 17 20 17 12 3 0 10 10 3 0 8 18 3 20 20 1 3 7 10 0 10 10 10 18 7 17 20 3 0 4 1 7 3 20 15 18 15 18 4 0 10 10 1
split_gain=2.6946e+07 1.10073e+07 9.78868e+06 8.7871e+06 7.0049e+06 4.94738e+06 5.81595e+06 5.05538e+06 4.6031e+06 1.17802e+07 1.1485e+07 5.24248e+06 5.38918e+06 5.00219e+06 4.52842e+06 4.45914e+06 4.18775e+06 4.05312e+06 5.22587e+06 6.08841e+06 3.98367e+06 3.95037e+06 3.93825e+06 5.40878e+06 7.62749e+06 5.61084e+06 7.19647e+06 5.36891e+06 5.14247e+06 3.93482e+06 4.64895e+06 3.9038e+06 4.17596e+06 4.41e+06 3.75446e+06 8.12742e+06 3.60526e+06 7.74758e+06 3.54012e+06 6.68887e+06 4.2346e+06 5.96274e+06 1.39263e+07 1.57153e+07 6.69066e+06 3.42467e+06 4.50633e+06 3.3654e+06 8.76652e+06 1.53986e+07 9.63552e+06 9.33861e+06 7.45575e+06 8.26368e+06 6.67146e+06 6.90095e+06 6.61121e+06 9.12226e+06 6.01741e+06 1.13467e+07 7.91342e+06 1.4324e+07
threshold=0 2012.5000000000002 2010.5000000000002 1346.1552428929265 1 170.43500000000003 428.0800000000001 2 5.5000000000000009 4.5000000000000009 3 2015.5000000000002 5470.869381340538 4 98.500000000000014 4990.3547654076292 5 6 239.50000000000003 17.010000000000002 3343.4136040308244 652.19000000000017 47.500000000000007 2870.0713595857619 7 5.5000000000000009 4.5000000000000009 4500.0473101299594 8 4.5000000000000009 1625.2092857142864 5833.4745046068419 3749.3432519861094 4501.1082227991183 9 3600.0489955903977 2014.5000000000002 2.5000000000000004 10 1.0000000180025095e-35 5.5000000000000009 4.5000000000000009 43.957142857142735 2014.5000000000002 16.005000000000006 3065.361988127981 3600.0489955903977 11 461.02500000000003 12 2007.5000000000002 1616.0996792483809 3900.6392308260497 17.950000000000003 1864.097142857142 22.450000000000003 436.14785714285671 138.61000000000004 13 1.0000000180025095e-35 4.5000000000000009 14
decision_type=1 2 2 2 9 2 2 9 2 2 9 2 2 9 2 2 9 1 2 2 2 2 2 2 9 2 2 2 9 2 2 2 2 2 1 2 2 2 9 2 2 2 2 2 2 2 2 9 2 1 2 2 2 2 2 2 2 2 9 2 2 1
left_child=2 -2 47 -4 -5 6 31 -8 9 -7 11 -11 21 -10 15 -3 -12 18 19 -9 -20 -13 23 38 27 26 -26 -25 -27 30 -23 -6 -33 -34 -18 -36 37 -21 39 -16 41 44 -43 -44 -41 46 -24 48 49 50 51 54 53 -52 -1 -56 57 -55 59 -50 -60 -62
right_child=1 14 3 4 5 8 7 17 13 10 16 12 -14 -15 22 -17 34 -19 20 36 -22 29 45 24 25 28 -28 -29 -30 -31 -32 32 33 -35 35 -37 -38 -39 -40 40 -42 42 43 -45 -46 -47 -48 -49 58 -51 52 -53 -54 56 55 -57 -58 -59 60 -61 61 -63
leaf_value=4.166439471030186 -0.42108214569747227 -0.2862348219536916 15.596665902836964 0.053933241808487464 1.4144365574466109 1.132677036964673 1.1183068184002602 2.3842613135197364 6.6908216763853892 -11.270256399872011 1.5033757411710329 5.1595416210793168 19.740610038757325 1.7561203878815039 -2.7585089692944109 -23.331648656300136 -0.45622043280584484 3.5364468681558052 5.4675683165431028 15.360627697650569 -11.713814485990085 -5.8821473995844524 -0.27679260240928183 -0.60888973389133993 2.6356511796565361 -7.5405768737782557 8.6048339195332968 -18.492404500273771 1.5669524546189251 -3.5770720911979677 -34.480577143916378 -16.469934688914908 27.686993269486862 4.9740901211525674 -2.3127341125317673 -15.780656366314449 9.3448309391931783 42.970622936884567 0.22938390862632627 4.6029338911620306 -1.7000191541576606 -1.2823801829209251 34.175664652787248 8.389740780347914 -0.13195412744170962 -3.9415950911332609 -23.456205785842172 -0.014407161387910483 21.398794527053834 -0.37438265123869541 1.891274777506337 -8.4264793554069239 3.3923671340520403 18.34367844997308 3.6932189214797249 43.764920221675531 14.991688112968948 58.046457912610926 1.1906879835030495 -5.9775421003641735 0.96206269468520489 -14.33023543570374
leaf_weight=1257 221830 46343 104 13901 16247 23909 1028 129 602 413 1428 74 25 3394 740 21 1321 1141 250 166 39 30 13790 1749 3689 219 585 43 474 125 27 22 22 748 545 141 153 30 89695 1430 545 248 77 254 1560 682 21 44685 40 2021 99 148 226 39 21 22 274 23 4038 704 415 234
leaf_count=1257 221830 46343 104 13901 16247 23909 1028 129 602 413 1428 74 25 3394 740 21 1321 1141 250 166 39 30 13790 1749 3689 219 585 43 474 125 27 22 22 748 545 141 153 30 89695 1430 545 248 77 254 1560 682 21 44685 40 2021 99 148 226 39 21 22 274 23 4038 704 415 234
internal_value=0.0123547 -0.192193 0.665445 1.07442 1.0515 1.31787 1.93569 3.99101 0.933041 0.70677 -1.75945 -7.57652 -2.41727 2.52067 0.120898 -0.296673 -0.56049 5.50407 8.34796 11.6659 3.14897 -4.58112 0.288084 0.398371 1.76479 2.77042 3.45268 -1.03225 -1.39738 -8.54162 -19.4288 1.58153 5.00934 5.62303 -2.02912 -5.00792 15.0967 19.5866 0.30069 1.61452 2.40504 3.0319 7.67615 14.3883 2.13256 -0.482834 -0.312038 0.167871 1.01873 2.75598 5.73034 3.47409 10.7596 14.5872 4.82892 24.195 18.328 33.0721 -0.300486 -4.44594 0.366254 -4.75763
internal_weight=504255 383995 120260 66014 65910 52009 19975 2936 32034 28038 4129 694 281 3996 162165 46364 3435 1908 767 478 289 256 115801 101308 6759 4967 4274 1792 693 182 57 17039 792 770 2007 686 349 196 94549 4854 4114 3569 579 331 2990 14493 13811 54246 9561 4130 2109 1448 661 435 1300 43 336 62 5431 744 4687 649
internal_count=504255 383995 120260 66014 65910 52009 19975 2936 32034 28038 4129 694 281 3996 162165 46364 3435 1908 767 478 289 256 115801 101308 6759 4967 4274 1792 693 182 57 17039 792 770 2007 686 349 196 94549 4854 4114 3569 579 331 2990 14493 13811 54246 9561 4130 2109 1448 661 435 1300 43 336 62 5431 744 4687 649
cat_boundaries=0 1 3 4 5 6 7 8 9 10 11 12 13 14 15 16
cat_threshold=49 3771727892 1 50336576 8194 16785408 33603648 16 839489600 16793600 33 539508736 17909760 16 16384 33
is_linear=0
shrinkage=0.05


Tree=96
num_leaves=63
num_cat=20
split_feature=1 0 2 10 10 0 1 0 0 0 20 3 1 3 0 0 3 0 10 0 19 12 19 21 3 20 3 19 13 19 19 0 10 10 0 19 3 0 17 12 17 13 1 0 13 0 10 10 19 19 1 19 17 18 6 18 17 13 17 20 19 19
split_gain=2.43194e+07 7.85583e+06 6.51099e+06 6.34502e+06 2.40049e+07 1.74922e+07 1.51772e+07 2.99375e+07 1.10346e+07 6.06938e+06 5.76569e+06 5.75411e+06 4.15754e+06 8.35953e+06 4.11304e+06 3.82757e+06 5.37558e+06 3.7114e+06 7.09393e+06 1.27449e+07 8.83202e+06 5.85691e+06 5.01297e+06 5.1569e+06 4.07992e+06 3.63729e+06 3.77549e+06 3.1902e+06 4.97221e+06 4.25666e+06 3.52736e+06 2.96412e+06 6.19236e+06 1.20339e+07 2.06245e+07 8.40514e+06 7.89219e+06 3.45232e+06 3.47562e+06 4.46649e+06 2.96941e+06 3.49882e+06 2.96029e+06 7.70615e+06 5.12673e+06 2.92332e+06 1.24246e+07 3.65711e+07 1.68001e+07 6.79627e+06 5.05811e+06 5.51202e+06 8.72968e+06 5.45579e+06 4.9567e+06 4.28014e+06 4.03845e+06 3.72958e+06 3.79157e+06 5.1368e+06 3.72362e+06 3.47257e+06
threshold=0 1 2 5.5000000000000009 4.5000000000000009 3 4 5 6 7 1300.0225903614462 2593.7228879249046 8 4000.0000000000009 9 10 4628.4457362818657 11 1.0000000180025095e-35 12 424.49050000000005 3.5000000000000004 622.81283333333351 2.5000000000000004 4172.1826972747822 5469.7708618331062 4981.5572559041984 367.44116666666673 96.500000000000014 106.27716666666669 2910.4181666666673 13 5.5000000000000009 4.5000000000000009 14 380.12250000000006 1919.3951353138928 15 60.315000000000005 17.500000000000004 101.82000000000001 38.500000000000007 16 17 200.50000000000003 18 2.5000000000000004 3.5000000000000004 449.39200000000011 476.49666666666673 19 467.4206666666667 477.72500000000008 196.82428571428571 3.5000000000000004 397.10214285714227 598.92000000000019 317.50000000000006 116.71000000000002 3824.8560737548437 424.49050000000005 1598.3803333333335
decision_type=1 9 1 2 2 9 1 9 9 9 2 2 1 2 9 9 2 9 2 9 2 2 2 2 2 2 2 2 2 2 2 9 2 2 9 2 2 9 2 2 2 2 1 9 2 9 2 2 2 2 1 2 2 2 2 2 2 2 2 2 2 2
left_child=1 -1 11 4 17 6 8 -8 -6 -5 -9 42 13 -4 -13 -10 -17 18 19 20 -3 -22 -23 -24 -19 -11 -27 29 -29 -12 -30 32 33 -14 35 40 -34 -38 39 -39 -35 -42 43 -2 -45 46 49 48 -48 -20 51 56 53 -53 -50 -54 -47 58 -55 -60 -49 -56
right_child=2 3 12 9 5 -7 7 10 15 25 27 14 31 -15 -16 16 -18 24 45 -21 21 22 23 -25 -26 26 -28 28 30 -31 -32 -33 36 34 -36 -37 37 38 -40 -41 41 -43 -44 44 -46 50 47 60 54 -51 -52 52 55 57 61 -57 -58 -59 59 -61 -62 -63
leaf_value=-0.1150186913262173 2.2654842729330684 1.407306741397828 -0.016251834538116201 5.0962241188398725 1.3864537448710514 0.55783414594779923 3.0033382419811487 -3.2509661481831524 -3.1189914696044561 1.3435267080237248 -23.392062015874046 -0.32170944842985094 -0.27822330796131933 -29.530649407704672 2.209411857153003 -5.8877140695643879 -19.644857517222771 0.59942402949274343 0.95910964692554401 2.2285211142358654 -8.4191231498011838 25.540468180425389 10.602497940283296 34.745694096883135 1.7560710710079619 22.85286802019392 5.0180314730680911 -20.887741107410857 -15.463335568840439 -4.3932731565944652 -8.4139410233436447 -0.64474443882524302 -0.85313476732392979 3.5960807681384717 0.96822286199338636 30.193662507923285 -0.72427183229266312 -19.785586178590332 -5.0900405672997637 -6.6558160152435306 19.945751354920453 8.874450781633632 -0.11703845740687831 1.1066988793092087 -0.38669866651266227 1.7420589158942352 -0.070018902669350305 0.47818722013403614 9.0447556590395308 -6.7454762085339759 0.66848886720981127 -3.1689006643945525 -17.886663146813714 20.486413604418438 19.943676958978177 3.3978181389674251 -7.3598369472139469 28.355206555586598 10.973085158128997 -14.082147142161496 -7.911538872874754 41.552815465927125
leaf_weight=27219 4815 200 66358 1435 1481 4234 499 185 877 7120 35 2342 38425 24 5106 265 97 45919 446 3492 27 97 282 24 9142 35 195 207 370 187 341 107925 3718 198 4023 49 254 114 447 150 87 397 123180 8459 17924 3016 192 191 112 799 8792 55 24 90 264 1490 127 39 185 23 430 20
leaf_count=27219 4815 200 66358 1435 1481 4234 499 185 877 7120 35 2342 38425 24 5106 265 97 45919 446 3492 27 97 282 24 9142 35 195 207 370 187 341 107925 3718 198 4023 49 254 114 447 150 87 397 123180 8459 17924 3016 192 191 112 799 8792 55 24 90 264 1490 127 39 185 23 430 20
internal_value=0.0117317 0.632175 -0.182591 0.850754 0.717518 -1.75724 -3.907 -7.43039 -1.52569 2.12958 -11.3528 0.0586436 -0.358313 -0.0269185 1.41604 -4.98986 -9.31665 1.00533 1.5813 3.43514 9.93027 14.1254 15.6358 12.4961 0.791323 1.54134 7.73203 -12.7672 -14.0679 -7.38858 -12.0824 -0.499488 -0.171881 0.0153793 2.38847 10.0539 -1.89886 -5.92786 -7.66876 -12.3255 8.75434 10.8645 -0.00684441 0.428138 0.0920842 1.11332 -0.477575 3.13079 12.0676 -3.98544 1.39472 2.65552 4.78224 11.4323 17.9525 3.06042 1.37428 13.8153 11.9124 8.20255 -5.33112 21.4654
internal_weight=504255 120260 383995 93041 84256 8778 4544 1824 2720 8785 1325 161826 222169 66382 7448 1239 362 75478 20417 4122 630 430 403 306 55061 7350 230 1140 918 222 711 155787 47862 43179 4754 731 4683 965 711 264 682 484 154378 31198 26383 16295 2454 1209 588 1245 13841 5049 1906 392 396 1514 3143 337 298 208 621 284
internal_count=504255 120260 383995 93041 84256 8778 4544 1824 2720 8785 1325 161826 222169 66382 7448 1239 362 75478 20417 4122 630 430 403 306 55061 7350 230 1140 918 222 711 155787 47862 43179 4754 731 4683 965 711 264 682 484 154378 31198 26383 16295 2454 1209 588 1245 13841 5049 1906 392 396 1514 3143 337 298 208 621 284
cat_boundaries=0 1 3 4 5 6 7 8 9 10 11 12 13 14 15 16 17 18 20 21 22
cat_threshold=49 3771728916 1 1 268509442 33 268435458 73728 134225928 130 437041242 268435712 84482 16384 543841420 18432 4195460 64 539236424 1 16384 16
is_linear=0
shrinkage=0.05


Tree=97
num_leaves=63
num_cat=5
split_feature=1 7 7 20 2 1 17 19 3 13 20 3 13 3 10 10 1 3 19 7 3 19 17 7 13 20 15 20 7 17 3 6 10 17 10 3 13 16 13 20 3 19 6 20 13 7 20 20 21 7 3 19 17 3 15 3 19 13 10 19 1 3
split_gain=2.19502e+07 9.84094e+06 8.84189e+06 5.90416e+06 4.67453e+06 4.70336e+06 4.14607e+06 5.97662e+06 5.48498e+06 7.29026e+06 4.69064e+06 3.24091e+06 5.9126e+06 3.15969e+06 3.10237e+06 8.98993e+06 3.49787e+06 7.46024e+06 4.45972e+06 3.84815e+06 8.07852e+06 4.9486e+06 3.64614e+06 4.27989e+06 3.06903e+06 2.86049e+06 3.82032e+06 2.79787e+06 2.71159e+06 2.7051e+06 6.75131e+06 7.03283e+06 3.01574e+06 2.85949e+06 2.68957e+06 2.62615e+06 2.56669e+06 2.78405e+06 2.41137e+06 2.40794e+06 5.9995e+06 9.79876e+06 2.49103e+06 4.37217e+06 2.39703e+06 2.30586e+06 2.73872e+06 2.29953e+06 2.28894e+06 2.93772e+06 4.58076e+06 4.36884e+06 3.85897e+06 2.42928e+06 2.74045e+06 5.35557e+06 3.75693e+06 2.73966e+06 3.74723e+06 2.25153e+06 2.22822e+06 7.18276e+06
threshold=0 2012.5000000000002 2008.5000000000002 1146.440316283994 1 2 170.43500000000003 440.56816666666674 5833.4745046068419 18.500000000000004 3749.3432519861094 3750.0000000000009 249.50000000000003 1888.8572916287501 5.5000000000000009 4.5000000000000009 3 4172.1826972747822 1156.6081666666669 2017.5000000000002 3267.977079231146 1770.3483333333336 528.04500000000007 2018.5000000000002 120.50000000000001 5229.0057692225555 13.450000000000001 2980.0949553835444 2005.5000000000002 1.2050000000000003 4000.0000000000009 5.5000000000000009 1.5000000000000002 174.50500000000002 5.5000000000000009 1199.9868236120874 235.50000000000003 32.95000000000001 134.50000000000003 3209.0769230769233 2980.9585434173673 2079.3128333333339 16.500000000000004 3824.8560737548437 112.50000000000001 2011.5000000000002 4501.1082227991183 3343.4136040308244 1.5000000000000002 2015.5000000000002 2400.004260758416 49.518666666666682 6.0050000000000008 4500.0473101299594 24.350000000000005 4172.1826972747822 31.298333333333336 250.50000000000003 1.5000000000000002 4.2446666666666664 4 3904.2033643443924
decision_type=1 2 2 2 1 1 2 2 2 2 2 2 2 2 2 2 1 2 2 2 2 2 2 2 2 2 2 2 2 2 2 2 2 2 2 2 2 2 2 2 2 2 2 2 2 2 2 2 2 2 2 2 2 2 2 2 2 2 2 2 1 2
left_child=2 28 29 -4 5 13 7 8 35 -10 -11 -7 -13 -3 15 39 18 19 -17 20 47 -22 23 -21 -23 60 -27 -24 -2 -1 -31 33 -33 -32 -9 -5 -15 -38 -30 -8 41 42 -41 -44 -43 -12 -47 -18 49 -37 51 -51 53 54 -52 57 -57 -56 -59 -54 61 -6
right_child=1 4 3 6 25 11 14 34 9 10 45 12 -14 36 -16 16 17 -19 -20 22 21 24 27 -25 -26 26 -28 -29 38 30 31 32 -34 -35 -36 48 37 -39 -40 40 -42 44 43 -45 -46 46 -48 -49 -50 50 52 -53 59 -55 55 56 -58 58 -60 -61 -62 -63
leaf_value=1.7471386029986242 -0.66097464209369527 0.49408914875356857 14.397411304197195 14.229625105857929 0.31054150263927238 0.088806219458799657 0.381319440320736 2.6516456808743447 33.536904733831236 -18.960727382841565 18.822617116467708 -21.503883673928001 10.742416054861886 2.1847003809847698 1.6500016727861055 -2.6604672260607556 -1.4103990883425519 -15.116857739781913 1.1173853398293778 2.8865182132874097 -4.5003163198062355 -31.808508036213539 2.8061298189441799 21.77189422077603 -13.713612136989832 -28.994027748107911 -0.16220523957852964 -7.6878883312657935 -0.53689287324883084 -0.064582496234929607 -15.922460526227951 10.57596358886132 -11.771321678161621 -42.659573154449468 7.2246945472976325 0.64838997509578822 0.513846170071527 8.7050469295033874 -0.12902041739096867 -0.85597440178329887 1.0566598791588617 8.8390097723238998 -1.090620118600351 29.753372402191161 24.375020661354068 22.682381896972657 3.9156083762388434 -8.9587943977061322 -0.20407589781498015 20.022312966847824 6.6603204221597743 4.9621686585076894 11.191631567919696 0.32535515421560329 0.95567796524418025 6.4655699528753763 31.417462333224037 -28.438486777544025 -0.49796942273775741 0.93399217159826442 -0.24536117935236043 -26.502266952514653
leaf_weight=2093 65150 17484 81 37 27606 36409 19591 4379 22 21 29 44 21 6802 6284 1187 2095 113 2285 90 140 31 184 45 96 20 27 97 56904 38117 20 26 36 20 347 12872 4853 106 99776 185 17109 36 27 20 80 20 695 106 3947 59 784 262 54 380 304 48 22 20 30 5734 68768 25
leaf_count=2093 65150 17484 81 37 27606 36409 19591 4379 22 21 29 44 21 6802 6284 1187 2095 113 2285 90 140 31 184 45 96 20 27 97 56904 38117 20 26 36 20 347 12872 4853 106 99776 185 17109 36 27 20 80 20 695 106 3947 59 784 262 54 380 304 48 22 20 30 5734 68768 25
internal_value=0.0111583 -0.173457 0.600606 0.905092 0.122583 0.447788 0.891408 1.35505 1.05061 5.15945 4.34337 0.0688731 -11.0858 0.920028 0.611495 0.461531 -1.25829 -2.50586 -0.173679 -2.02043 -2.77027 -10.9836 2.42818 9.18164 -18.1305 -0.0990135 -12.4311 -0.81636 -0.38988 -0.00310982 -0.0989593 -12.9454 -2.39988 -29.291 2.98742 0.918911 1.55401 0.688935 -0.277154 0.76183 1.18886 7.68814 1.75545 12.0345 19.5535 5.00114 4.44055 -1.77393 0.898822 1.11046 1.88319 7.73023 1.62873 3.81214 4.90897 1.67063 14.3076 -0.8282 -11.6742 1.02969 -0.093001 0.286178
internal_weight=504255 383995 120260 79948 162165 65719 79867 30066 25340 787 765 36474 65 29245 49801 43517 6469 2997 3472 2884 2468 267 416 135 127 96446 47 281 221830 40312 38219 102 62 40 4726 24553 11761 4959 156680 37048 17457 348 232 47 116 744 715 2201 24516 20569 7697 321 7376 1588 1208 424 70 354 50 5788 96399 27631
internal_count=504255 383995 120260 79948 162165 65719 79867 30066 25340 787 765 36474 65 29245 49801 43517 6469 2997 3472 2884 2468 267 416 135 127 96446 47 281 221830 40312 38219 102 62 40 4726 24553 11761 4959 156680 37048 17457 348 232 47 116 744 715 2201 24516 20569 7697 321 7376 1588 1208 424 70 354 50 5788 96399 27631
cat_boundaries=0 1 2 3 4 5
cat_threshold=49 1 68 33 130
is_linear=0
shrinkage=0.05


Tree=98
num_leaves=63
num_cat=14
split_feature=1 7 7 3 20 0 20 0 3 20 0 0 18 18 2 1 0 18 10 15 4 7 20 19 20 6 3 3 4 20 13 3 20 13 3 20 15 20 0 7 0 3 19 20 10 0 19 21 13 18 16 10 7 13 10 10 10 0 1 19 0 13
split_gain=1.98101e+07 8.88142e+06 8.10326e+06 7.86905e+06 1.00534e+07 7.39362e+06 6.28861e+06 5.75784e+06 7.2838e+06 7.08706e+06 4.44902e+06 4.29528e+06 4.8752e+06 5.72778e+06 4.21878e+06 4.24479e+06 4.10928e+06 3.63131e+06 3.27435e+06 3.42599e+06 3.45322e+06 3.26847e+06 6.11066e+06 3.0997e+06 3.38639e+06 3.08702e+06 3.59172e+06 2.92492e+06 8.16983e+06 2.90725e+06 4.27819e+06 3.95095e+06 3.75807e+06 2.89147e+06 2.92402e+06 2.58159e+06 3.44784e+06 2.54948e+06 2.49036e+06 2.44721e+06 2.3454e+06 2.3389e+06 2.33606e+06 2.29705e+06 2.29118e+06 2.23758e+07 8.38328e+06 5.20606e+06 3.03648e+06 2.80845e+06 2.38731e+06 2.26461e+06 2.26157e+06 2.17626e+06 2.06301e+06 5.05694e+06 4.3722e+06 7.06511e+06 6.04357e+06 1.44995e+07 7.34988e+06 5.50194e+06
threshold=0 2012.5000000000002 2012.5000000000002 1644.7595531177933 1578.4560009048018 1 5469.7708618331062 2 2372.6448168027196 2225.6247237495331 3 4 8.4000000000000075 1.9000000000000004 5 6 7 895.73214285714278 1.5000000000000002 24.950000000000003 110.21000000000002 2018.5000000000002 2867.2189680627957 1353.0101666666667 2818.4868421052638 5.5000000000000009 3487.2195577335215 3750.0000000000009 0.30500000000000005 3343.4136040308244 294.50000000000006 2066.3076879164314 2065.7216436495364 235.50000000000003 1735.0035642999719 5229.0057692225555 13.450000000000001 3007.6825888012204 8 2005.5000000000002 9 3158.1210901774289 4.2446666666666664 2505.4020647934699 1.0000000180025095e-35 10 622.81283333333351 2.5000000000000004 32.500000000000007 1973.0392857142861 0.15000000000000005 5.5000000000000009 2003.5000000000002 134.50000000000003 3.5000000000000004 5.5000000000000009 4.5000000000000009 11 12 39.560166666666674 13 114.50000000000001
decision_type=1 2 2 2 2 9 2 9 2 2 9 9 2 2 1 1 9 2 2 2 2 2 2 2 2 2 2 2 2 2 2 2 2 2 2 2 2 2 9 2 9 2 2 2 2 9 2 2 2 2 2 2 2 2 2 2 2 9 1 2 9 2
left_child=2 39 6 5 -5 -4 10 -6 11 18 -1 12 13 -9 15 27 17 -8 25 20 -20 54 -23 24 -7 26 -10 -3 -29 30 32 -31 -14 34 -17 38 -37 -13 42 -2 -36 -24 -16 -32 45 46 50 48 -48 52 -12 -18 -50 -41 -11 56 -56 -58 60 -60 -59 -61
right_child=1 14 3 4 7 23 16 8 9 21 44 37 29 -15 35 33 51 -19 19 -21 -22 22 41 -25 -26 -27 -28 28 -30 31 43 -33 -34 -35 40 36 -38 -39 -40 53 -42 -43 -44 -45 -46 -47 47 -49 49 -51 -52 -53 -54 -55 55 -57 57 58 59 61 -62 -63
leaf_value=-0.28000851015175693 -0.62792591047186352 0.084365909996923227 -0.091769271507495795 18.606543091565005 0.058971066301255981 17.458501923711676 25.6471473347057 6.7951829250042257 9.5300426292419438 1.2797584393041879 15.197408558772162 1.4240943776698209 31.895550002157691 39.385926137651722 2.3334105145514266 0.6970307399708463 2.2784264589538146 6.8017672925698953 30.214613031304403 -1.8531223690509799 9.2006017376394844 24.122138295029149 10.200004327171728 11.355690441077407 41.15297744750977 11.722193193276723 -14.046677578347071 5.8798741149902343 -29.678224678039552 -7.3970500272417823 -4.8067967151133519 10.94339804898609 11.805178978677461 0.28897847498654389 -0.35403039168853029 -27.544326400756837 -0.1540949238671197 19.698941469192505 -0.2328674949232119 -0.51004823070094185 2.3335165225409571 2.22283761029425 0.23305309447865727 14.733162684667679 0.35337964830017426 0.64491582346490295 -9.9383842032888676 30.866615559504584 -8.622088537216186 26.546344457353868 33.583917430530896 12.929594915884515 9.0002826820747028 -0.12256939664062053 0.76260595625220384 2.0695535200542645 1.347674182089065 -9.6876283015375559 2.1142266550234385 -21.539246589660646 0.0044603716559618355 -9.1635637475475438
leaf_weight=30767 65150 36409 113 81 12783 38 44 26 30 21746 26 417 28 28 1408 9256 658 61 46 20 34 33 95 66 25 75 35 35 30 63 53 55 138 12256 926 20 27 20 72841 56904 6807 2804 22150 21 31163 6064 23 26 20 21 55 54 203 99776 5097 3509 1348 220 266 125 1318 319
leaf_count=30767 65150 36409 113 81 12783 38 44 26 30 21746 26 417 28 28 1408 9256 658 61 46 20 34 33 95 66 25 75 35 35 30 63 53 55 138 12256 926 20 27 20 72841 56904 6807 2804 22150 21 31163 6064 23 26 20 21 55 54 203 99776 5097 3509 1348 220 266 125 1318 319
internal_value=0.0106002 -0.164784 0.570576 1.04831 1.00549 10.0431 0.217978 0.977395 1.28625 1.18185 0.165868 5.86573 9.46014 23.6941 0.116453 0.425399 4.57868 13.4207 9.74609 16.6563 21.2837 1.12612 2.72779 17.5664 26.8611 4.81023 -3.16511 0.0654294 -10.5316 7.57737 10.7368 1.15146 15.1939 0.874027 1.2966 -0.0940641 -11.8095 2.2099 -0.0883522 -0.370386 2.01425 2.48425 0.358434 0.738327 0.530639 1.38949 13.0945 9.50866 7.42886 9.06594 27.6821 3.04349 7.4198 -0.263296 0.987787 0.467446 -0.179257 -1.51426 -3.22207 -7.01833 -1.43555 -12.6477
internal_weight=504255 383995 120260 51075 50833 242 69185 50752 37969 37120 68368 849 412 54 162165 65719 817 105 240 100 80 36880 2932 129 63 140 65 36474 65 358 240 118 166 29245 16989 96446 47 437 96399 221830 7733 2899 23558 74 37601 6438 374 293 267 244 81 712 223 156680 33948 12202 8693 3596 2248 710 1538 444
internal_count=504255 383995 120260 51075 50833 242 69185 50752 37969 37120 68368 849 412 54 162165 65719 817 105 240 100 80 36880 2932 129 63 140 65 36474 65 358 240 118 166 29245 16989 96446 47 437 96399 221830 7733 2899 23558 74 37601 6438 374 293 267 244 81 712 223 156680 33948 12202 8693 3596 2248 710 1538 444
cat_boundaries=0 1 2 4 6 7 8 9 10 11 12 13 14 15 16
cat_threshold=49 1107296256 3771727956 1 3770954778 1 336130 1 138 1124073472 139096072 2148042754 16384 167825416 33 2
is_linear=0
shrinkage=0.05


Tree=99
num_leaves=63
num_cat=15
split_feature=1 7 7 0 17 18 0 3 4 11 0 0 0 4 1 0 2 1 18 17 4 3 1 3 5 7 3 7 4 1 3 18 3 21 7 0 3 17 3 18 4 0 3 16 13 3 17 13 4 0 7 3 17 18 7 7 12 7 15 16 9 13
split_gain=1.78768e+07 8.01567e+06 7.50886e+06 5.436e+06 4.19042e+06 4.41192e+06 5.17613e+06 4.48018e+06 4.37591e+06 5.62557e+06 7.46483e+06 5.57042e+06 3.83872e+06 4.19243e+06 1.10033e+07 8.52e+06 3.8077e+06 3.83126e+06 3.74685e+06 6.18632e+06 1.73784e+07 4.45231e+06 3.62549e+06 5.15795e+06 3.95143e+06 3.3277e+06 3.18716e+06 2.77504e+06 2.67074e+06 2.6632e+06 2.63974e+06 7.60641e+06 2.6027e+06 2.58462e+06 4.38007e+06 5.78234e+06 2.0004e+07 8.83457e+06 4.59035e+06 3.74711e+06 4.38488e+06 3.22761e+06 9.40426e+06 4.02752e+06 2.94904e+06 2.55111e+06 2.43928e+06 2.42534e+06 2.38387e+06 2.97108e+06 2.99149e+06 5.68328e+06 5.767e+06 4.37783e+06 2.61543e+06 2.37332e+06 5.8785e+06 2.30315e+06 3.33498e+06 3.17897e+06 2.52045e+06 2.30132e+06
threshold=0 2012.5000000000002 2007.5000000000002 1 110.63500000000001 167.26428571428573 2 5833.4745046068419 58.515000000000008 1.0000000180025095e-35 3 4 5 265.80500000000006 6 7 8 9 916.61785714285713 517.0200000000001 8.9050000000000029 2439.0652173913049 10 2279.1554194469331 1.0000000180025095e-35 2015.5000000000002 1769.8694283200996 2015.5000000000002 22.120000000000005 11 3750.0000000000009 3.3571428571428656 1400.0005632980058 1.5000000000000002 2015.5000000000002 12 3207.3745910625325 3.5050000000000003 4628.4457362818657 61.282142857142894 10.785000000000002 13 3530.0651334834361 0.65000000000000002 202.50000000000003 3904.2033643443924 7596.5350000000008 232.50000000000003 6.0050000000000008 14 2011.5000000000002 2784.7630142627772 6.0050000000000008 8.4000000000000075 2012.5000000000002 2015.5000000000002 29.500000000000004 2009.5000000000002 18.250000000000004 4.7500000000000009 17.500000000000004 200.50000000000003
decision_type=1 2 2 9 2 2 9 2 2 2 9 9 9 2 1 9 1 1 2 2 2 2 1 2 2 2 2 2 2 1 2 2 2 2 2 9 2 2 2 2 2 9 2 2 2 2 2 2 2 9 2 2 2 2 2 2 2 2 2 2 2 2
left_child=2 -2 -1 -4 5 7 22 33 11 -10 -11 18 13 -12 -15 25 17 27 -6 20 -20 -22 23 24 57 26 -16 -3 -25 -13 -19 45 -21 34 48 36 37 -36 39 -38 -41 42 55 -44 -39 -32 -34 -40 -5 50 -50 52 53 -52 -54 -35 -57 58 -7 60 -60 -29
right_child=1 16 3 4 8 6 -8 -9 9 10 12 29 -14 14 15 -17 -18 30 19 32 21 -23 -24 28 -26 -27 -28 61 -30 -31 31 -33 46 41 35 -37 38 44 47 40 -42 -43 43 -45 -46 -47 -48 -49 49 -51 51 -53 54 -55 -56 56 -58 -59 59 -61 -62 -63
leaf_value=-0.088604181885702751 -0.35186633759275743 1.3698201089938606 0.022095886465334776 -0.45080044744452596 2.7978697227624556 3.7447270075480144 0.91183035785823885 4.7703663797282116 0.86854257595915785 -9.4095379385968752 0.95147086961110383 1.356742883255259 0.8839407732801704 -0.22699205520789367 -1.0984210135936736 -1.2715375808507143 -0.08936212952815499 0.080147612027263365 60.897704238891606 20.299854407991685 21.086826070579324 -2.977685981243849 0.22865232488903395 8.5280291316318237 31.711396884918216 -4.7732263666088306 -14.54806126354514 1.1529931928408306 3.4807177817425856 -3.8866753947756352 -9.6704606555757078 -33.118381268045177 5.3856966198819904 1.0728244270364575 15.188784695024552 1.1739675194839994 4.4230847960561688 56.776644526720048 1.5225412799028462 8.7048627219110166 36.18109509110451 0.35964683729139696 -7.1209695473313337 -30.033357163992793 29.62410099029541 14.975183977399553 -12.481181104183198 -6.544099778257884 1.4372010802369248 0.7383727455258704 16.708037668863934 2.5835581539571288 16.781434903144838 -5.7374078656945917 36.311323641041916 2.8806809091567995 -23.408500284761999 5.4345934656547747 42.607052071889242 6.8963996036486197 18.109958738372438 -0.077975890317936072
leaf_weight=33895 221830 13141 18219 3116 1008 39 2237 816 33029 222 1477 1939 3722 2210 50 471 96446 36409 20 28 37 40 532 298 22 177 370 6131 2175 267 21 23 426 302 95 2543 841 20 329 53 20 2611 34 44 20 21 20 130 612 5015 45 280 40 42 30 50 37 141 21 22 21 9973
leaf_count=33895 221830 13141 18219 3116 1008 39 2237 816 33029 222 1477 1939 3722 2210 50 471 96446 36409 20 28 37 40 532 298 22 177 370 6131 2175 267 21 23 426 302 95 2543 841 20 329 53 20 2611 34 44 20 21 20 130 612 5015 45 280 40 42 30 50 37 141 21 22 21 9973
internal_value=0.0100639 -0.156543 0.542014 0.78957 0.994607 1.55075 2.78168 1.15485 0.718262 0.570604 -0.56063 2.34612 -0.317416 -1.25767 -2.25689 -6.39534 0.110636 0.404144 4.60188 7.86714 19.3717 8.58578 4.04529 4.78307 11.4164 -10.3502 -12.9469 0.830359 4.08893 0.707438 0.062158 -10.005 5.51283 0.973948 1.27754 2.64702 5.08954 23.4885 3.31754 5.3663 16.2326 -0.33107 -4.11251 -20.0459 43.2004 2.65236 4.58449 -0.762128 0.673211 1.25079 3.65859 6.85328 14.4681 5.87231 25.1514 -1.02336 -8.29978 9.58648 15.2701 22.2934 30.3585 0.39067
internal_weight=504255 383995 120260 86365 68146 22633 5508 17125 45513 41728 8699 3785 8477 4755 3278 1068 162165 65719 1579 571 97 77 3271 2739 266 597 420 29245 2473 2206 36474 65 474 16309 13231 4051 1508 135 1373 914 73 3078 467 78 40 42 446 459 9180 6064 1049 437 157 87 70 389 87 244 103 64 42 16104
internal_count=504255 383995 120260 86365 68146 22633 5508 17125 45513 41728 8699 3785 8477 4755 3278 1068 162165 65719 1579 571 97 77 3271 2739 266 597 420 29245 2473 2206 36474 65 474 16309 13231 4051 1508 135 1373 914 73 3078 467 78 40 42 446 459 9180 6064 1049 437 157 87 70 389 87 244 103 64 42 16104
cat_boundaries=0 1 3 4 5 6 7 8 9 10 11 12 13 14 15 16
cat_threshold=49 3771728916 1 402759690 2 16867336 268514048 33 73728 1 68 17 33 168034818 327680 264194
is_linear=0
shrinkage=0.05


Tree=100
num_leaves=63
num_cat=16
split_feature=20 7 1 1 7 0 20 3 1 3 0 3 20 7 1 7 20 17 0 1 3 19 19 3 0 17 0 20 13 15 7 18 3 0 19 10 10 19 0 20 1 7 20 18 0 0 15 8 19 3 3 3 20 17 19 17 13 7 10 0 3 17
split_gain=1.47749e+07 5.08066e+06 9.64307e+06 5.88304e+06 9.7246e+06 4.96157e+06 6.6092e+06 5.00535e+06 4.65596e+06 7.07813e+06 5.77373e+06 1.02553e+07 5.18703e+06 4.59606e+06 5.51148e+06 5.90856e+06 4.02885e+06 3.90396e+06 5.68617e+06 1.14891e+07 6.5652e+06 5.11677e+06 6.13567e+06 4.44547e+06 3.75813e+06 3.44388e+06 6.87969e+06 3.4438e+06 3.43979e+06 3.43966e+06 3.4395e+06 5.05841e+06 3.37621e+06 5.44026e+06 3.4322e+06 3.37382e+06 9.72099e+06 7.62813e+06 3.37347e+06 3.10078e+06 3.05551e+06 3.03279e+06 5.36454e+06 3.20243e+06 2.98824e+06 2.94516e+06 2.86767e+06 3.2785e+06 2.77889e+06 2.77145e+06 2.74906e+06 2.73348e+06 2.74111e+06 2.6505e+06 3.28084e+06 1.33792e+07 1.55119e+07 8.33929e+06 8.8362e+06 7.52846e+06 6.95202e+06 5.71972e+06
threshold=1838.8550135501357 2016.5000000000002 0 1 2008.5000000000002 2 3600.0489955903977 3750.0000000000009 3 1888.8572916287501 4 2667.2795652755995 2700.0186567164187 2006.5000000000002 5 2009.5000000000002 5469.7708618331062 375.00500000000005 6 7 3158.1210901774289 673.12800000000004 178.23666666666668 3530.0651334834361 8 4.5150000000000006 9 2002.1355204632964 118.50000000000001 22.250000000000004 2015.5000000000002 18.27571428571429 5833.4745046068419 10 26.645000000000003 5.5000000000000009 4.5000000000000009 373.70283333333333 11 3065.361988127981 12 2012.5000000000002 2505.4020647934699 1.9000000000000004 13 14 21.450000000000003 5.5000000000000009 713.89833333333343 2870.0713595857619 1362.1472497883931 5833.4745046068419 5846.5037224942653 4709.4500000000007 954.82150000000013 574.42000000000019 327.50000000000006 2015.5000000000002 5.5000000000000009 15 2819.4827892043118 149.05000000000004
decision_type=2 2 1 1 2 9 2 2 1 2 9 2 2 2 1 2 2 2 9 1 2 2 2 2 9 2 9 2 2 2 2 2 2 9 2 2 2 2 9 2 1 2 2 2 9 9 2 2 2 2 2 2 2 2 2 2 2 2 2 9 2 2
left_child=13 2 27 32 35 25 7 41 9 -3 -11 39 -13 -1 15 -15 24 18 19 21 -20 22 -16 29 28 26 -6 -2 30 -24 -8 -32 -4 44 -35 36 38 -38 -5 -12 -21 42 49 -44 -34 -10 -9 -48 -37 -7 -47 53 -53 54 59 56 57 58 -56 60 61 -27
right_child=1 8 3 4 5 6 16 46 45 10 11 12 -14 14 17 -17 -18 -19 20 40 -22 -23 23 -25 -26 51 -28 -29 -30 -31 31 -33 33 34 -36 48 37 -39 -40 -41 -42 -43 43 -45 -46 50 47 -49 -50 -51 -52 52 -54 -55 55 -57 -58 -59 -60 -61 -62 -63
leaf_value=-0.44503269126618694 -2.4758373900063781 18.243743285536766 0.59861723444121939 -6.3221718822906459 -5.4139370698199478 -0.19386433993075017 0.19320641349827061 -1.0289996958562058 -1.1609925827802263 0.15076724663794283 20.348131177617219 9.7496097696770185 1.8578458734667103 5.4122832686473412 -2.1540207300867356 32.191131904602052 -20.272146998814176 -0.26761657089700919 0.044395015197484039 1.9801914535064662 -11.754576713755981 5.9817360013272802 23.200424189180943 6.3964069760364035 -7.0162945254319382 8.6343053180978906 5.286034898672785 -12.511745839252086 -3.0906401652842761 48.536026782081244 29.483024730001176 1.3151555860364761 -5.1207823473137699 28.982656847862973 7.9890488688642165 -1.7874860175392209 1.5140878365256569 -20.293864644620871 -1.4526366164188773 8.1335770754851122 0.039952238225494513 0.27833363401719896 -0.090489973886957717 -5.3021613876384448 2.7440730725900391 9.7779650056218532 -29.220742634364537 -8.1608128189653542 9.9565648126602184 -11.267885808777391 0.65699424328575384 -0.0028103783726692202 -25.0661385345459 -1.5154281759055499 9.7121777717633684 1.5366267446144524 47.088912074319246 -7.8850778679052995 41.081445968627932 1.3939526554252082 -7.3381405885420996 -2.2094353959593973
leaf_weight=107250 151 64 50102 492 531 6421 198 137 2409 4764 87 213 9267 117 28 25 35 124662 134027 3517 118 463 37 23 431 161 200 197 832 21 28 37 144 21 267 136 55 148 1293 129 4790 18220 424 967 558 83 21 154 80 57 17666 24 20 904 220 2702 29 60 25 7084 509 497
leaf_count=107250 151 64 50102 492 531 6421 198 137 2409 4764 87 213 9267 117 28 25 35 124662 134027 3517 118 463 37 23 431 161 200 197 832 21 28 37 144 21 267 136 55 148 1293 129 4790 18220 424 967 558 83 21 154 80 57 17666 24 20 904 220 2702 29 60 25 7084 509 497
internal_value=-0.00957848 0.451434 0.261598 0.29266 -0.137342 0.036848 -0.338033 -0.151235 0.969085 1.65131 1.57902 2.27827 2.03516 -0.168446 -0.0576885 9.46063 -3.49948 -0.0630887 0.115177 1.33985 0.0340136 8.13406 18.0227 24.9974 -3.11478 0.844911 -2.4882 -7.92923 -1.50133 32.3737 3.46935 13.449 0.655623 3.54722 9.20038 -3.37264 -4.01747 -14.3853 -2.83838 13.0533 0.8628 -0.0759474 -0.896255 -3.71356 1.08151 0.476477 -6.44671 -10.688 2.56216 -0.291305 0.699253 1.04474 -11.3952 1.08964 1.29829 2.70361 12.1443 8.82167 12.9131 0.781193 -2.9253 0.44382
internal_weight=504332 129254 94572 94224 43132 40928 27962 26401 34682 14524 14460 9696 9480 375078 267828 142 1561 267686 143024 8879 134145 572 109 81 1526 12966 731 348 1095 58 263 65 51092 990 288 2204 1988 203 1785 216 8307 26089 7869 1391 702 20158 312 175 216 6478 17749 12235 44 12191 11287 3036 334 305 245 8251 1167 658
internal_count=504332 129254 94572 94224 43132 40928 27962 26401 34682 14524 14460 9696 9480 375078 267828 142 1561 267686 143024 8879 134145 572 109 81 1526 12966 731 348 1095 58 263 65 51092 990 288 2204 1988 203 1785 216 8307 26089 7869 1391 702 20158 312 175 216 6478 17749 12235 44 12191 11287 3036 334 305 245 8251 1167 658
cat_boundaries=0 1 2 4 5 7 8 9 10 11 13 14 15 16 17 18 19
cat_threshold=2 37 271140992 1 17 3788636160 1 1 2695168 16 588252418 18560 1 402894848 3222296576 136 268476416 2552240258 65536
is_linear=0
shrinkage=0.05


Tree=101
num_leaves=63
num_cat=7
split_feature=1 3 13 1 4 19 1 18 4 19 17 4 18 10 1 10 10 17 4 10 17 3 4 16 4 3 9 3 6 14 1 4 6 13 3 6 18 17 3 4 17 17 10 4 17 4 1 19 3 17 2 16 14 17 4 4 6 17 19 17 13 18
split_gain=1.34746e+07 4.6611e+06 4.27291e+06 4.17082e+06 4.10445e+06 3.86733e+06 3.71757e+06 3.26011e+06 3.12947e+06 3.1568e+06 2.68034e+06 2.60879e+06 7.90972e+06 4.16687e+06 4.07757e+06 4.72898e+06 3.69951e+06 5.98651e+06 1.63768e+07 5.4091e+06 3.60844e+06 4.36425e+06 6.00573e+06 3.28638e+06 3.45381e+06 3.12376e+06 2.96176e+06 2.95081e+06 4.33631e+06 3.48436e+06 2.82303e+06 2.74917e+06 2.74124e+06 2.69914e+06 2.86601e+06 2.60235e+06 2.50209e+06 2.48646e+06 2.86322e+06 5.2275e+06 2.52612e+06 2.49768e+06 2.45938e+06 3.09149e+06 2.37091e+06 2.91209e+06 2.16615e+06 3.2672e+06 5.59208e+06 3.36921e+06 3.36247e+06 2.65543e+06 2.11065e+06 2.09764e+06 2.08121e+06 2.07805e+06 2.06989e+06 2.06649e+06 3.69978e+06 2.05736e+06 2.7048e+06 2.00307e+06
threshold=0 4000.0000000000009 92.500000000000014 1 20.005000000000006 11.361166666666668 2 38.515714285714296 75.29000000000002 71.27233333333335 82.825000000000017 461.02500000000003 594.31357142857144 3.5000000000000004 3 1.0000000180025095e-35 5.5000000000000009 459.29500000000007 7.8050000000000006 4.5000000000000009 450.17500000000001 3904.2033643443924 332.56500000000005 9.1500000000000004 104.40500000000002 4371.0287820196727 20.500000000000004 2784.7630142627772 1.5000000000000002 23.850000000000005 4 238.01500000000001 2.5000000000000004 26.500000000000004 3487.2195577335215 2.5000000000000004 958.34571428571428 4.0050000000000008 2626.6259354325598 9.3050000000000015 22.205000000000005 13.505000000000003 4.5000000000000009 1090.1000000000001 1981.7350000000001 2729.9550000000004 5 974.92200000000003 4086.4962359785382 5567.2350000000015 6 3.9500000000000006 24.950000000000003 6.0050000000000008 565.62000000000012 40.890000000000008 10.500000000000002 812.21000000000015 2026.9346666666668 517.0200000000001 342.50000000000006 1251.6071428571474
decision_type=1 2 2 1 2 2 1 2 2 2 2 2 2 2 1 2 2 2 2 2 2 2 2 2 2 2 2 2 2 2 1 2 2 2 2 2 2 2 2 2 2 2 2 2 2 2 1 2 2 2 1 2 2 2 2 2 2 2 2 2 2 2
left_child=3 2 6 11 7 -4 -2 -5 9 -3 -11 12 -1 27 15 35 19 18 -18 20 -17 23 -23 -22 36 -15 -27 -13 33 30 -30 32 -19 34 -29 -14 -25 -7 54 40 41 -40 -10 -44 -32 -46 47 48 -31 59 51 -50 -37 55 -39 -41 -28 58 -34 60 -49 -35
right_child=1 8 5 4 -6 37 -8 -9 42 10 -12 13 14 25 -16 16 17 31 -20 -21 21 22 -24 24 -26 26 56 28 29 46 44 -33 57 61 -36 52 -38 38 39 53 -42 -43 43 -45 45 -47 -48 49 50 -51 -52 -53 -54 -55 -56 -57 -58 -59 -60 -61 -62 -63
leaf_value=0.2597740906017364 0.032473392891186371 1.7250166691992999 0.53882662588682073 1.1230634438928055 0.67502995287455358 -0.9940880454119857 -0.65239411371649658 3.5744387275192637 3.0404327592490343 -17.187025972005241 -2.1898621763150721 -0.010754021699079817 1.6501192296402796 -0.64479588954788314 0.22046971123608627 -0.94385435974056076 49.510374761104586 -0.86677912456729411 7.097251999894465 -4.4924854246060271 2.0647870086024152 36.915335841800861 -0.54814218521118174 6.720005189180374 4.9946804873706885 -2.1597784907980397 -19.168201924206919 -5.0305687222480771 0.64951222660214836 1.8003370344931005 -3.5782594505142664 -1.0764366549342428 5.2553168574968971 1.7756875739098081 -27.041749844664619 0.62786118558474957 29.403528373472156 -0.012583895006941001 -2.9254155025994244 0.38395158131917317 -6.886869883628302 10.985682496360758 6.5834744122832323 23.508511724695566 -31.877546265125275 -8.4108921026572201 0.88203602852232688 6.6759364371375085 -34.061540098190306 -0.69587629402385043 -2.5831185229713958 -9.8281385696851302 11.123897395708411 1.316276264858558 -0.31218013755487706 -19.134666786193847 -4.4373724681575126 4.2884525019943327 21.941166825294495 3.8190028448251541 21.95314860959207 -3.47006660074593
leaf_weight=40194 27936 486 24039 3232 30339 7958 68193 2337 743 43 97 17595 140 13143 1830 594 25 211 254 364 920 23 20 20 121 176 57 50 229 1071 94 335 99 306 21 56 31 154067 121 30 307 44 172 32 20 39 2765 443 20 323 63 26 331 6726 92933 25 41 612 50 1280 31 449
leaf_count=40194 27936 486 24039 3232 30339 7958 68193 2337 743 43 97 17595 140 13143 1830 594 25 211 254 364 920 23 20 20 121 176 57 50 229 1071 94 335 99 306 21 56 31 154067 121 30 307 44 172 32 20 39 2765 443 20 323 63 26 331 6726 92933 25 41 612 50 1280 31 449
internal_value=-0.00911432 -0.153829 -0.165006 0.452427 0.903807 -0.0681472 -0.45343 2.15177 2.56235 -0.180672 -6.79613 0.260466 0.513218 -0.0450122 2.20092 3.05481 2.42753 4.24895 10.8977 1.04732 2.2136 3.86604 19.4905 3.2508 9.59457 -0.754952 -6.03884 0.338684 1.18908 1.62885 -3.00183 2.82966 4.1759 -2.22047 -11.5409 7.49182 20.508 -0.123793 -0.0965536 0.882607 -4.20524 0.784211 4.37558 9.23838 -7.98731 -16.3657 1.92259 2.79468 0.702256 3.99689 -10.0871 -20.3644 9.60509 1.23675 -0.125306 -8.48815 -13.0053 5.57407 10.8546 4.86107 7.67508 -1.34397
internal_weight=504332 383952 382379 120380 35908 286250 96129 5569 1573 626 140 84472 46230 38242 6036 4206 3679 1586 279 2093 1729 1135 43 1092 172 13417 274 24825 7230 6404 382 1307 972 826 71 527 51 262211 254253 7253 472 165 947 204 153 59 6022 3257 1180 2077 109 46 387 6781 247000 55 98 761 149 1754 474 755
internal_count=504332 383952 382379 120380 35908 286250 96129 5569 1573 626 140 84472 46230 38242 6036 4206 3679 1586 279 2093 1729 1135 43 1092 172 13417 274 24825 7230 6404 382 1307 972 826 71 527 51 262211 254253 7253 472 165 947 204 153 59 6022 3257 1180 2077 109 46 387 6781 247000 55 98 761 149 1754 474 755
cat_boundaries=0 1 2 3 4 5 6 7
cat_threshold=49 48 130 16 32 16 1
is_linear=0
shrinkage=0.05


Tree=102
num_leaves=63
num_cat=11
split_feature=20 7 7 17 0 0 0 4 12 4 0 10 10 0 20 19 4 20 15 17 0 19 18 8 19 20 14 0 6 20 20 15 7 6 7 20 18 0 0 0 18 17 6 18 12 12 4 4 15 12 4 10 10 17 6 19 4 7 7 6 6 0
split_gain=1.20609e+07 4.63273e+06 4.29345e+06 3.51449e+06 5.35803e+06 3.18987e+06 3.06662e+06 3.2057e+06 2.72869e+06 2.42078e+06 2.20968e+06 4.32264e+06 8.00609e+06 1.25289e+07 4.97586e+06 4.04494e+06 4.80154e+06 4.98065e+06 3.97261e+06 3.87832e+06 3.13466e+06 2.30167e+06 3.75244e+06 4.27282e+06 3.50442e+06 4.24507e+06 2.9984e+06 2.7913e+06 2.33806e+06 2.28053e+06 2.16796e+06 4.82597e+06 2.53464e+06 3.10763e+06 2.16701e+06 2.61345e+06 2.19108e+06 2.16066e+06 2.1485e+06 2.14312e+06 8.67677e+06 4.13273e+06 3.85648e+06 5.45843e+06 2.38569e+06 2.05194e+06 2.02046e+06 1.97757e+06 1.94206e+06 2.23993e+06 1.92224e+06 1.89387e+06 4.58092e+06 1.7618e+06 1.74101e+06 3.14666e+06 3.19397e+06 8.90122e+06 2.80357e+06 2.11838e+06 1.72797e+06 1.72363e+06
threshold=1838.8550135501357 2016.5000000000002 2006.5000000000002 375.00500000000005 0 1 2 0.30500000000000005 24.500000000000004 1526.5700000000004 3 5.5000000000000009 4.5000000000000009 4 4501.1082227991183 554.98800000000017 116.40500000000002 5469.7708618331062 23.150000000000002 1541.7950000000003 5 66.217500000000015 1307.0357142857147 9.5000000000000018 467.4206666666667 3065.361988127981 32.550000000000004 6 1.5000000000000002 4000.0000000000009 4792.6836324509404 20.950000000000003 2011.5000000000002 24.500000000000004 2015.5000000000002 2281.7772687706679 876.45000000000039 7 8 9 1223.9321428571429 1154.9350000000002 1.5000000000000002 3046.536428571429 21.500000000000004 3.5000000000000004 1266.6950000000004 152.14500000000001 19.350000000000005 33.500000000000007 8.9050000000000029 5.5000000000000009 4.5000000000000009 2643.1000000000004 3.5000000000000004 996.00450000000001 7.8050000000000006 2012.5000000000002 2015.5000000000002 15.500000000000002 26.500000000000004 10
decision_type=2 2 2 2 9 9 9 2 2 2 9 2 2 9 2 2 2 2 2 2 9 2 2 2 2 2 2 9 2 2 2 2 2 2 2 2 2 9 9 9 2 2 2 2 2 2 2 2 2 2 2 2 2 2 2 2 2 2 2 2 2 9
left_child=2 6 -1 4 51 9 7 -2 -9 39 11 12 -8 21 20 29 17 19 47 54 46 -14 24 27 25 -23 34 60 -27 -13 -12 32 45 -34 35 -26 -37 -31 -33 40 50 42 -42 -44 -43 -32 -15 -16 -30 -50 -3 52 -4 -25 -17 -56 57 -57 59 -58 -24 -6
right_child=1 5 3 -5 61 -7 10 8 -10 -11 30 15 13 14 18 16 -18 -19 -20 -21 -22 22 23 53 26 28 -28 -29 48 37 31 38 33 -35 -36 36 -38 -39 -40 -41 41 44 43 -45 -46 -47 -48 -49 49 -51 -52 -53 -54 -55 55 56 58 -59 -60 -61 -62 -63
leaf_value=-0.41952029512818956 1.034339463710785 10.799984641660725 1.4755668956448618 -0.23923195676191181 0.25834091566574896 0.40680963688044153 0.074543404367100483 26.910502039591474 6.7384838982632296 0.20647117624732825 0.37769078639059084 -0.5490575241004676 0.2475783883176487 10.973674745559693 9.8866316300851338 3.4273699744032067 1.0402744970360529 28.361830487458604 -17.961212626370518 0.55158375025826156 0.21749850957053291 -0.88713682313734188 -1.8850978429778751 6.1619893243594568 -8.0975636305841245 5.6882379697716763 -4.6563348362888153 -9.3582785569972113 -18.887690811321654 -1.7139025798173457 -1.6546421573497356 1.7416123821751548 1.9428232413786426 20.106158111492793 -2.9260320340172719 -21.338609893039123 -11.38415073821178 6.8175272383246313 -2.9667163390051901 1.4166707766123317 36.952059803009035 0.29386680032077589 2.6292523170128845 34.757178592681889 11.35421716115054 8.0084330050332344 -0.74798533961458036 -10.857171773910522 -3.6925207665472324 -16.429127251427129 1.4487546115306356 3.3116203047317323 -2.3428402639024677 -0.98161302875235412 4.4194030377727289 6.9157159889445587 8.4820951977166636 47.190101536460546 -7.5959446362086709 21.952376956206102 -14.297467795411746 -0.10543852230875449
leaf_weight=107250 84 57 6984 124671 55513 16808 37371 30 38 3587 43150 2500 232 120 27 218 1725 23 66 347 2740 383 429 128 148 23 221 247 58 113 64 414 1254 24 59 118 104 205 560 12402 25 76 39 20 136 388 53 20 99 53 1532 1045 885 265 208 34 116 23 21 39 30 78730
leaf_count=107250 84 57 6984 124671 55513 16808 37371 30 38 3587 43150 2500 232 120 27 218 1725 23 66 347 2740 383 429 128 148 23 221 247 58 113 64 414 1254 24 59 118 104 205 560 12402 25 76 39 20 136 388 53 20 99 53 1532 1045 885 265 208 34 116 23 21 39 30 78730
internal_value=-0.00865748 0.407866 -0.152194 -0.0451449 0.12388 0.902172 0.226592 7.10038 15.6379 1.367 0.214751 -0.0202986 -0.190119 -1.94909 0.243634 1.29002 2.65274 5.35586 -10.05 4.82988 0.643776 -4.4877 -4.97119 -2.83358 -6.82683 -4.12457 -9.38774 -5.15964 -9.44618 -0.0417621 0.463653 1.83714 3.42209 2.28392 -11.8251 -13.2442 -16.6753 3.94641 -0.978013 1.65933 3.23118 11.1081 20.4939 13.5201 7.38919 6.64021 6.97922 1.05948 -11.1038 -8.13357 1.7842 1.31024 1.04612 1.34506 7.08264 8.88955 12.8801 23.1668 9.54858 11.8714 -2.63887 0.0450019
internal_weight=504332 129254 375078 267828 143157 34682 94572 152 68 17874 94420 48566 42994 5623 3026 5572 2754 1029 113 1006 2913 2597 2365 1099 1266 616 650 706 233 2818 45854 2704 1730 1278 429 370 222 318 974 14287 1885 296 84 59 212 452 173 47 210 152 1589 8914 7869 393 659 441 233 57 176 155 459 134243
internal_count=504332 129254 375078 267828 143157 34682 94572 152 68 17874 94420 48566 42994 5623 3026 5572 2754 1029 113 1006 2913 2597 2365 1099 1266 616 650 706 233 2818 45854 2704 1730 1278 429 370 222 318 974 14287 1885 296 84 59 212 452 173 47 210 152 1589 8914 7869 393 659 441 233 57 176 155 459 134243
cat_boundaries=0 1 2 3 4 5 6 7 8 9 10 11
cat_threshold=11083776 168125230 524288 3503632442 268509184 1048592 268500992 4263936 16777984 8192 675698954
is_linear=0
shrinkage=0.05


Tree=103
num_leaves=63
num_cat=17
split_feature=1 7 0 3 1 20 2 10 10 0 1 0 0 1 0 10 1 15 19 17 19 20 1 1 4 20 3 10 0 10 0 7 0 7 17 7 13 3 0 20 21 3 17 7 7 17 20 3 14 13 4 6 17 15 17 3 20 20 7 19 6 7
split_gain=1.16523e+07 7.89131e+06 6.30849e+06 7.2642e+06 9.45722e+06 9.85841e+06 5.51306e+06 4.08479e+06 1.52014e+07 2.57344e+07 1.60723e+07 9.82739e+06 9.65464e+06 7.57408e+06 5.68312e+06 9.70814e+06 1.41206e+07 8.649e+06 5.5829e+06 5.14568e+06 1.06983e+07 1.69219e+07 5.0596e+06 4.87648e+06 4.64224e+06 4.54551e+06 4.19032e+06 4.17828e+06 8.6437e+06 7.12074e+06 1.50943e+07 9.65589e+06 9.60086e+06 8.45081e+06 7.40236e+06 6.22887e+06 5.73924e+06 4.01476e+06 5.13413e+06 3.96664e+06 3.93526e+06 3.93061e+06 3.75664e+06 3.66174e+06 4.68663e+06 3.61631e+06 3.58094e+06 3.54603e+06 3.44849e+06 4.00693e+06 3.64058e+06 3.36958e+06 3.31473e+06 3.2784e+06 3.17542e+06 3.17391e+06 3.17304e+06 3.12741e+06 3.06638e+06 3.04349e+06 3.01728e+06 2.92002e+06
threshold=0 2015.5000000000002 1 2593.7228879249046 2 3271.8972491814698 3 5.5000000000000009 4.5000000000000009 4 5 6 7 8 9 1.0000000180025095e-35 10 21.350000000000005 325.98433333333338 459.29500000000007 588.57050000000015 2302.6551113320688 11 12 657.0100000000001 3343.4136040308244 3207.3745910625325 2.5000000000000004 13 3.5000000000000004 14 2011.5000000000002 15 2008.5000000000002 359.8300000000001 2011.5000000000002 297.50000000000006 2476.7546290360606 16 2589.2934923515691 2.5000000000000004 1686.6704729814053 2467.6650000000004 2006.5000000000002 2014.5000000000002 5.0050000000000008 4092.4176710918609 1100.0000171572108 25.450000000000003 182.50000000000003 3.0050000000000003 1.5000000000000002 5.0050000000000008 22.350000000000005 4709.4500000000007 1656.6609783845281 2668.9288511288119 2105.8163348239118 2003.5000000000002 467.4206666666667 5.5000000000000009 2008.5000000000002
decision_type=1 2 9 2 1 2 1 2 2 9 1 9 9 1 9 2 1 2 2 2 2 2 1 1 2 2 2 2 9 2 9 2 9 2 2 2 2 2 9 2 2 2 2 2 2 2 2 2 2 2 2 2 2 2 2 2 2 2 2 2 2 2
left_child=1 7 3 4 55 -6 37 8 14 10 11 -10 13 19 15 16 17 -1 -19 20 25 -22 -12 -16 43 -9 46 28 -17 30 31 33 -31 36 -35 -30 41 -2 52 45 -41 53 -13 47 -45 -5 -25 -20 49 -42 -51 -21 -39 -29 -53 -3 -26 -24 -55 -33 -49 -8
right_child=6 2 -4 39 5 -7 61 12 9 -11 22 42 -14 -15 23 27 -18 18 24 51 21 -23 57 26 56 -27 -28 29 35 32 -32 59 -34 34 -36 -37 -38 38 -40 40 48 -43 -44 44 -46 -47 -48 60 -50 50 -52 54 -54 58 -56 -57 -58 -59 -60 -61 -62 -63
leaf_value=2.5496392735576894 -0.014373646789805704 22.51993718147278 0.61701471063004565 17.749959571899907 33.919493745935377 9.0703798908740279 -0.65280635448182822 6.6479640078723881 -15.551734246987209 -0.1990595546283708 -0.47862142566116406 -3.6521002938500846 0.2521560507601624 1.5835925882122539 0.57832310460974179 0.60768275346827128 0.75493406513088746 -1.4338383758222903 30.304764165878296 -4.3562292901418544 13.437738301963297 55.068158766428638 -4.3819734086121782 -0.083091142268076679 4.5989493933054488 -16.210527077087988 -2.7639835342481058 -4.2611745918498327 -7.1819067241764873 1.2277144025759195 1.3192965676763262 -1.0173230724202262 -5.9990584506053635 5.3062549732625488 33.074572173754376 0.052968747837870735 27.683020658750792 -5.5742914717527308 1.935198775603173 1.5807530496297741 -2.8057595748205983 -11.165315171011857 -10.698859407558281 22.670409239144718 -1.6024794107133691 4.4171081387112086 -17.968137935229713 -0.73866730848948159 -0.28262627477829277 -34.331457515999126 -6.5736984051409229 7.4916339666628788 -0.092419314169125757 -3.1930955019864169 -1.0740079028518112 3.3003762773055954 17.155515846743512 -16.557134080366655 17.677106787941675 10.145446988704558 13.905904521661647 -0.22894621526585951
leaf_weight=455 128338 22 31289 62 58 128 59589 133 449 10805 1323 527 11679 2125 35543 4343 1635 77 20 93 131 30 1286 60530 202 26 1503 34 714 2148 2174 162 574 32 96 510 37 318 5768 6324 60 28 295 207 22 283 28 60 195 27 21 545 2076 22 135 910 67 55 88 98 85 127733
leaf_count=455 128338 22 31289 62 58 128 59589 133 449 10805 1323 527 11679 2125 35543 4343 1635 77 20 93 131 30 1286 60530 202 26 1503 34 714 2148 2174 162 574 32 96 510 37 318 5768 6324 60 28 295 207 22 283 28 60 195 27 21 545 2076 22 135 910 67 55 88 98 85 127733
internal_value=-0.00822786 0.313661 0.939532 2.18344 5.92766 15.9609 -0.187664 0.13905 0.0466429 -1.4624 -4.91836 -9.53869 0.922087 3.34228 0.246145 1.19205 3.8061 7.9082 11.3099 6.71615 12.1097 21.195 -2.68656 0.1114 12.7899 2.9101 -0.156061 0.524248 -0.441104 1.5026 3.28685 10.2578 -0.313755 16.015 26.1325 -4.1336 9.81866 0.0540103 1.12927 1.58617 1.31405 5.97575 -6.10676 16.2469 20.3385 6.81316 -0.0913606 10.5683 -4.25233 -11.4198 -22.1874 4.57027 -0.817174 9.30873 5.7911 3.7142 7.72642 -4.8452 13.5031 3.19018 7.84608 -0.36378
internal_weight=504332 180510 39379 8090 1118 186 323822 141131 126234 14740 3935 1271 14897 3218 111494 13890 2830 1195 740 1093 320 161 2664 97604 663 159 62061 11060 5567 5493 2771 597 2722 337 128 1224 209 136500 8162 6972 6627 172 822 394 229 345 60558 165 303 108 48 773 2394 144 680 932 269 1341 110 260 145 187322
internal_count=504332 180510 39379 8090 1118 186 323822 141131 126234 14740 3935 1271 14897 3218 111494 13890 2830 1195 740 1093 320 161 2664 97604 663 159 62061 11060 5567 5493 2771 597 2722 337 128 1224 209 136500 8162 6972 6627 172 822 394 229 345 60558 165 303 108 48 773 2394 144 680 932 269 1341 110 260 145 187322
cat_boundaries=0 1 2 3 4 5 6 7 8 9 10 11 12 13 14 15 16 17
cat_threshold=177 134635522 160 1 536944896 16 65536 134307840 16 83968 16 33 33 67584 16384 67584 436516874
is_linear=0
shrinkage=0.05


Tree=104
num_leaves=63
num_cat=7
split_feature=1 7 2 10 10 20 1 3 17 1 7 20 17 15 3 3 4 21 1 10 13 7 1 13 7 18 7 3 9 3 4 20 4 10 13 4 18 10 10 20 9 20 3 13 1 20 20 3 14 20 13 3 20 13 20 3 3 20 4 18 16 10
split_gain=1.05142e+07 7.12311e+06 4.97571e+06 3.68769e+06 1.37285e+07 4.69094e+06 4.16611e+06 4.37391e+06 5.66508e+06 5.31376e+06 1.74792e+07 9.50232e+06 6.88876e+06 5.81315e+06 3.62411e+06 3.52858e+06 3.47439e+06 4.21235e+06 3.91554e+06 4.73864e+06 7.23562e+06 2.63532e+06 2.61586e+06 5.88487e+06 3.96189e+06 2.57198e+06 2.55549e+06 2.51845e+06 3.98478e+06 2.40749e+06 5.0558e+06 2.24149e+06 5.4277e+06 4.0966e+06 2.246e+06 2.19979e+06 5.5528e+06 4.6592e+06 3.82237e+06 2.30859e+06 3.55382e+06 2.15472e+06 2.22511e+06 2.14704e+06 2.10103e+06 4.37681e+06 4.37603e+06 3.32591e+06 2.09487e+06 2.087e+06 2.07342e+06 2.00793e+06 2.64479e+06 1.96561e+06 2.77469e+06 5.43766e+06 4.88142e+06 3.2355e+06 2.56061e+06 4.39855e+06 2.36866e+06 2.00621e+06
threshold=0 2015.5000000000002 1 5.5000000000000009 4.5000000000000009 5229.0057692225555 2 1498.5128217068718 32.205000000000005 3 2008.5000000000002 3161.1678463094036 238.24000000000004 18.750000000000004 2476.7546290360606 4981.5572559041984 5.5550000000000006 1.5000000000000002 4 1.0000000180025095e-35 210.50000000000003 2008.5000000000002 5 198.50000000000003 2009.5000000000002 2.857142857142859 2006.5000000000002 4782.7513255980266 13.500000000000002 4628.4457362818657 630.0100000000001 3209.0769230769233 3.0050000000000003 2.5000000000000004 292.50000000000006 80.110000000000028 68.714285714285737 4.5000000000000009 5.5000000000000009 1787.5803546659383 17.500000000000004 779.76166014737464 757.50872595252645 166.50000000000003 6 4990.3547654076292 3489.0433262110359 3600.0489955903977 33.650000000000013 2092.2258833249689 192.50000000000003 3600.0489955903977 3824.8560737548437 92.500000000000014 2549.1546543786994 2870.0713595857619 2506.6491761407019 4792.6836324509404 1.0050000000000001 66.272857142861312 2.6500000000000008 5.5000000000000009
decision_type=1 2 1 2 2 2 1 2 2 1 2 2 2 2 2 2 2 2 1 2 2 2 1 2 2 2 2 2 2 2 2 2 2 2 2 2 2 2 2 2 2 2 2 2 1 2 2 2 2 2 2 2 2 2 2 2 2 2 2 2 2 2
left_child=2 3 14 4 26 -5 -6 -8 -9 13 -11 -12 -13 -10 22 -14 17 -3 19 20 -19 49 23 24 -1 -26 31 28 -7 -15 -31 -2 -33 34 -34 36 39 51 50 40 -16 -28 -43 -27 46 -46 -18 -48 -21 -4 -39 52 -37 54 55 -23 60 61 -57 -60 -56 -58
right_child=1 16 21 5 6 27 7 8 9 10 11 12 15 29 35 -17 44 18 -20 48 -22 53 -24 -25 25 43 41 -29 -30 30 -32 32 33 -35 -36 37 -38 38 -40 -41 -42 42 -44 -45 45 -47 47 -49 -50 -51 -52 -53 -54 -55 56 58 57 -59 59 -61 -62 -63
leaf_value=0.22890000670518829 -0.094523235839074293 3.0289903619016938 -0.60486067184249936 0.78869449021815319 0.7923121869616121 35.579081944056917 -0.77563606783651162 0.84112883894396939 1.4169679458609075 -16.506398379501455 -2.4975230407126041 -31.594206885444493 -7.0994491849021006 -2.9376782549658618 1.2029444830758234 -26.442503103843105 20.210421476056499 -4.6717192063566122 0.95691018041572529 5.6492509502917532 -32.938586568832399 -0.35649756789066211 -0.13991031203789958 -0.078300520530040316 17.403221770695279 0.90040003445127503 8.4479548553386365 5.6094830432740777 4.7771608392397562 -20.309181456360967 -1.0572799630361061 6.5733288299672452 -16.067728332571082 -34.127626084089279 3.1082593000852148 0.53252713186772926 -3.8168340470157305 12.429388721727989 1.0738443726047273 0.92893667263869328 26.848365566947248 13.780425748517438 0.38200619589783424 2.9556840533407245 0.54914506565822507 -16.212825021376979 20.799483069506561 1.3307132780976403 -10.957984176388493 -6.340906380107568 5.5876706498102928 2.866111831955704 -7.5234500124769399 -0.041084908427626035 -9.2151635618472749 -23.175888609886172 0.0718294342889296 -20.046549164165153 6.7179515653186375 -16.20326028442383 8.1607276008242646 -6.6513174327850342
leaf_weight=4048 35005 3386 59430 14754 1904 21 6311 1000 1036 277 2855 38 253 903 35 26 31 61 630 64 36 55551 97758 21005 28 1993 83 101 21 64 73 49 37 20 26 2622 715 142 446 2599 22 31 76243 3506 27448 39 22 7635 27 159 503 972 106 70611 297 32 988 22 36 50 21 125
leaf_count=4048 35005 3386 59430 14754 1904 21 6311 1000 1036 277 2855 38 253 903 35 26 31 61 630 64 36 55551 97758 21005 28 1993 83 101 21 64 73 49 37 20 26 2622 715 142 446 2599 22 31 76243 3506 27448 39 22 7635 27 159 503 972 106 70611 297 32 988 22 36 50 21 125
internal_value=-0.00782971 0.297936 -0.178278 0.132041 0.0442405 0.876045 -1.38983 -1.7128 -2.62184 -3.24863 -4.44838 -3.40942 -11.6222 -1.22805 0.0513169 -8.90203 0.892563 2.25107 -0.969016 -7.09635 -15.1625 -0.345591 -0.013655 0.389876 1.41734 2.28775 0.233831 9.88838 20.1781 -3.8747 -10.0509 -0.119046 -6.62235 -14.4126 -8.15383 1.07292 0.0943451 1.76146 4.63291 1.14724 11.1012 0.396213 0.387452 2.21079 0.730199 0.525171 1.46065 1.38665 0.72183 -0.620166 7.09391 0.914773 0.219502 -0.217499 -0.435572 -0.379273 -2.59257 -1.05857 -11.1012 -6.60833 -8.0677 -0.683241
internal_weight=504332 180510 323822 141131 126234 14897 14740 12836 6525 5525 3449 3172 317 2076 136500 279 39379 4204 818 188 97 187322 128338 30580 9575 5527 111494 143 42 1040 137 35137 132 83 63 8162 3371 4791 1091 2656 57 76357 76274 5499 35175 27487 7688 7657 91 59589 645 3700 2728 127733 57122 55669 1453 1135 118 86 318 1113
internal_count=504332 180510 323822 141131 126234 14897 14740 12836 6525 5525 3449 3172 317 2076 136500 279 39379 4204 818 188 97 187322 128338 30580 9575 5527 111494 143 42 1040 137 35137 132 83 63 8162 3371 4791 1091 2656 57 76357 76274 5499 35175 27487 7688 7657 91 59589 645 3700 2728 127733 57122 55669 1453 1135 118 86 318 1113
cat_boundaries=0 1 2 3 4 5 6 7
cat_threshold=78 1 32 1 16 64 1
is_linear=0
shrinkage=0.05


Tree=105
num_leaves=63
num_cat=10
split_feature=1 7 0 3 20 20 19 20 0 20 4 0 4 20 0 3 1 3 12 15 13 15 6 3 14 1 3 7 7 18 18 1 4 3 15 3 14 4 7 13 20 3 20 8 20 0 3 3 20 13 15 1 3 15 12 3 16 20 12 3 18 4
split_gain=1.13045e+07 7.6507e+06 6.25482e+06 7.78436e+06 6.57363e+06 5.21814e+06 4.97015e+06 4.02906e+06 3.75909e+06 6.00775e+06 3.72115e+06 3.76696e+06 3.71352e+06 3.48999e+06 7.08628e+06 3.34131e+06 4.86569e+06 3.24738e+06 3.49746e+06 3.10197e+06 4.90846e+06 3.49246e+06 3.02451e+06 3.00227e+06 2.96484e+06 2.94244e+06 3.35089e+06 3.68098e+06 3.61484e+06 2.72574e+06 3.16364e+06 2.68942e+06 4.08914e+06 3.87484e+06 4.66409e+06 2.61706e+06 2.59939e+06 2.57393e+06 5.32175e+06 2.5709e+06 3.66208e+06 2.53331e+06 2.47356e+06 2.27908e+06 3.53805e+06 2.20906e+06 2.63339e+06 2.23542e+06 3.74083e+06 2.08788e+06 2.08109e+06 2.26936e+06 2.5753e+06 5.29636e+06 5.93159e+06 1.02623e+07 4.37889e+06 2.58033e+06 2.63876e+06 2.83154e+06 4.50039e+06 2.52684e+06
threshold=0 2008.5000000000002 1 4628.4457362818657 3343.4136040308244 1115.7051053329822 3.7213333333333338 5846.5037224942653 2 2253.2515689623401 52.010000000000012 3 2.8050000000000006 1718.3165638192688 4 1820.0042775665404 5 3336.2827255565417 38.500000000000007 23.350000000000005 108.50000000000001 21.750000000000004 8.5000000000000018 1919.3951353138928 29.350000000000005 6 1700.0197676540358 2005.5000000000002 2006.5000000000002 81.810000000000016 84.442857142857136 7 9467.4300000000021 5833.4745046068419 14.750000000000002 4500.0473101299594 32.050000000000004 2.4750000000000005 2017.5000000000002 206.50000000000003 1994.9435098110962 1442.7505144806125 5846.5037224942653 10.500000000000002 4000.0000000000009 8 5833.4745046068419 4782.7513255980266 3900.6392308260497 152.50000000000003 18.550000000000004 9 2226.4494685553996 20.950000000000003 21.500000000000004 5833.4745046068419 26.750000000000004 3900.6392308260497 24.500000000000004 3530.0651334834361 1.9000000000000004 3.5050000000000003
decision_type=1 2 9 2 2 2 2 2 9 2 2 9 2 2 9 2 1 2 2 2 2 2 2 2 2 1 2 2 2 2 2 1 2 2 2 2 2 2 2 2 2 2 2 2 2 9 2 2 2 2 2 1 2 2 2 2 2 2 2 2 2 2
left_child=5 13 6 7 -5 -1 8 -4 9 19 11 42 15 -2 -15 -8 -17 -18 -19 21 -21 -3 -22 -11 -6 -16 27 -27 -28 37 -31 32 33 -14 -35 -25 -26 38 -13 -29 -41 -42 -7 -39 -45 46 -12 -47 -49 -38 -10 52 56 54 55 -54 61 58 -55 60 -60 -52
right_child=1 2 3 4 24 10 12 -9 50 23 45 29 31 14 25 16 17 18 -20 20 22 -23 -24 35 36 26 28 39 -30 30 -32 -33 -34 34 -36 -37 49 43 -40 40 41 -43 -44 44 -46 47 -48 48 -50 -51 51 -53 53 57 -56 -57 -58 -59 59 -61 -62 -63
leaf_value=23.245232347341911 -0.30690749324124561 17.326210774444952 -0.045122827827758588 -36.551332300359554 4.5461706185952213 0.25051773205479061 0.40825519483669903 -18.68316023396007 0.4379898952156725 20.175858879089358 -0.95554465803376254 2.9935469867613564 0.8363587545072072 -5.4527945702431282 0.23888082721903323 0.13556325015768192 -4.2822293438339925 -19.730381537136967 -0.31538545384126554 0.09200799942016602 15.530754025777183 -3.7147350813213147 39.01145262718201 1.161256282157598 -24.952394368913442 -4.7654337318170645 -9.0737383004641057 0.38110256783220153 -2.2918902829195753 19.801980366053122 3.7164557828237492 0.1943927534574254 22.88192163194929 6.1155345058441171 -24.664209749922158 16.904785689285823 -13.725071447651562 1.0364970561809614 27.307288385474166 1.2407415208063628 11.591810277792124 33.47912600278854 8.1163729408412308 -0.15236862531884482 -14.813154705762864 0.45492867477209686 6.717817458407632 19.823340756552561 1.5018287554498901 4.1811148198666395 4.8134661702265653 1.1391055565078847 7.1703465209557464 -2.9732076967121071 2.9971949262751476 48.725457827250167 31.697545241788035 -5.3895250572399664 15.805326445145267 -1.6699293288062602 -1.3605885260303816 22.204548160235088
leaf_weight=26 152611 41 229786 22 39 3372 1452 29 2432 24 3096 1047 26500 973 2715 747 794 73 34 20 24 38 32 461 27 168 277 151 676 31 2190 45818 21 20 32 28 41 1522 23 57 39 20 103 131 60 18650 116 28 5582 27 161 1189 39 133 90 24 20 132 105 85 60 24
leaf_count=26 152611 41 229786 22 39 3372 1452 29 2432 24 3096 1047 26500 973 2715 747 794 73 34 20 24 38 32 461 27 168 277 151 676 31 2190 45818 21 20 32 28 41 1522 23 57 39 20 103 131 60 18650 116 28 5582 27 161 1189 39 133 90 24 20 132 105 85 60 24
internal_value=-0.000540004 -0.0661619 0.0778272 -0.0550514 -11.2204 0.853439 0.456663 -0.0474747 1.95773 5.43518 0.837482 1.75312 0.354082 -0.349807 -1.63959 -1.34056 -2.88138 -5.32506 -13.5611 14.143 21.3545 7.20525 28.9483 2.91012 -7.06158 -0.720266 -2.5847 1.03296 -4.26311 2.62944 3.94097 0.426651 0.826735 0.809602 -12.8258 2.06273 -11.8269 1.59221 3.51618 4.68139 10.2792 19.0112 0.482276 0.390426 -4.75785 0.554877 -0.676319 0.717869 1.59327 -6.61526 1.42556 2.59726 4.51841 3.06576 11.234 23.0009 9.47233 0.63908 2.71682 5.74392 9.56318 7.06961
internal_weight=504288 468311 310624 229971 156 35977 80653 229815 5162 668 35951 8479 75491 157687 5076 3100 1648 901 107 155 76 79 56 513 134 4103 1388 435 953 5004 2221 72391 26573 26552 52 489 95 2783 1070 267 116 59 3475 1713 191 27472 3212 24260 5610 68 4494 2062 873 668 153 63 205 515 383 250 165 185
internal_count=504288 468311 310624 229971 156 35977 80653 229815 5162 668 35951 8479 75491 157687 5076 3100 1648 901 107 155 76 79 56 513 134 4103 1388 435 953 5004 2221 72391 26573 26552 52 489 95 2783 1070 267 116 59 3475 1713 191 27472 3212 24260 5610 68 4494 2062 873 668 153 63 205 515 383 250 165 185
cat_boundaries=0 1 2 3 4 5 6 7 8 9 10
cat_threshold=1 539973644 540672 1119977992 3222300674 52 100 80 134217730 96
is_linear=0
shrinkage=0.05


Tree=106
num_leaves=63
num_cat=17
split_feature=1 7 19 20 0 20 9 2 2 4 0 0 20 3 20 3 9 4 10 19 1 10 1 10 0 7 7 20 1 15 20 3 0 4 19 7 1 3 3 20 19 7 10 1 0 4 19 7 3 20 0 19 14 20 4 15 4 1 19 3 10 0
split_gain=1.02024e+07 7.03829e+06 4.75552e+06 4.70937e+06 4.36931e+06 5.63387e+06 4.39365e+06 5.31517e+06 4.1208e+06 3.35834e+06 3.40598e+06 2.90935e+06 6.8515e+06 4.46134e+06 3.75035e+06 2.67577e+06 2.63584e+06 2.36301e+06 4.81198e+06 3.79909e+06 4.44021e+06 3.49863e+06 8.89326e+06 7.4053e+06 2.79084e+07 9.63813e+06 7.62372e+06 1.00027e+07 7.1179e+06 6.26547e+06 4.14639e+06 3.96151e+06 3.82069e+06 3.77259e+06 3.5308e+06 3.85142e+06 3.28626e+06 6.07801e+06 3.02192e+06 2.91428e+06 1.12389e+07 2.69999e+06 2.65602e+06 5.23775e+06 4.97964e+06 3.34305e+06 4.2373e+06 2.65141e+06 2.35986e+06 4.6309e+06 2.4424e+06 4.01442e+06 3.28447e+06 2.72911e+06 4.26573e+06 6.70326e+06 2.39217e+06 2.32639e+06 4.5706e+06 3.27014e+06 2.25217e+06 4.30144e+06
threshold=0 2011.5000000000002 3.7213333333333338 1115.7051053329822 1 2023.3249596634193 14.500000000000002 2 3 52.010000000000012 4 5 5846.5037224942653 4628.4457362818657 3415.5617713651791 1919.3951353138928 8.5000000000000018 590.73000000000013 3.5000000000000004 544.57400000000018 6 5.5000000000000009 7 4.5000000000000009 8 2015.5000000000002 2012.5000000000002 2818.4868421052638 9 10.050000000000002 2023.3249596634193 1593.1157772210506 10 11.410000000000002 13.806666666666667 2014.5000000000002 11 3336.2827255565417 2187.5862658914652 4990.3547654076292 2910.4181666666673 2018.5000000000002 4.5000000000000009 12 13 1090.1000000000001 3923.8378333333344 2014.5000000000002 3487.2195577335215 1838.8550135501357 14 1109.3031666666668 23.550000000000004 3343.4136040308244 0.70500000000000018 24.850000000000005 243.40500000000003 15 178.23666666666668 1525.0002183693621 2.5000000000000004 16
decision_type=1 2 2 2 9 2 2 1 1 2 9 9 2 2 2 2 2 2 2 2 1 2 1 2 9 2 2 2 1 2 2 2 9 2 2 2 1 2 2 2 2 2 2 1 9 2 2 2 2 2 9 2 2 2 2 2 2 1 2 2 2 9
left_child=3 -2 4 -1 5 6 7 -3 -8 10 -5 17 13 48 -15 -7 -16 19 39 21 -21 23 34 60 25 26 -25 29 32 -28 -31 -24 -26 -33 35 -23 -20 42 -32 57 -41 -30 -38 44 -44 46 -46 -34 -13 -50 51 -51 -53 54 55 -52 -56 58 -19 -60 -4 -62
right_child=1 2 11 9 -6 15 8 -9 -10 -11 -12 12 -14 14 16 -17 -18 18 36 20 -22 22 31 24 28 -27 27 -29 41 30 38 33 47 -35 -36 -37 37 -39 -40 40 -42 -43 43 -45 45 -47 -48 -49 49 50 53 52 -54 -55 56 -57 -58 -59 59 -61 61 -63
leaf_value=22.082970604529972 -0.25085319653335281 21.195636940002444 -0.0119643698476 0.26550892715157881 0.98299358055541031 18.618797556559244 9.767582043734464 -9.8963869730631515 38.25745808919271 0.52713318695032552 2.3838707446515923 -0.052798257735452631 -23.529456193985482 -29.153099899291995 6.2203681599010121 2.4847565420069793 -10.605143946484674 -20.286149368683496 -0.17672874965613916 3.2851621940549558 0.25741754575875614 16.728018300988701 0.30379409476262315 2.555040496265566 -5.6710815166546542 5.2137810510326563 5.4444043668111171 4.9918761538940934 -3.3446425853917994 32.29606860399246 8.7106982027942479 -5.9569975811527049 6.4819148402990301 -1.6463462853180091 1.4471982523487608 3.7082509747736014 0.34274332741856095 -7.3082480149697195 25.479411762520886 41.879979686737066 -5.105515210287912 5.5617695675446441 0.60178166917580533 -10.089425487760103 -4.2069672910473015 -9.3225417817778453 20.178840736720872 1.4642067569663231 -20.964496163527173 0.09524105478253142 1.1836791628882999 -29.098245296478275 -5.3182910496333866 1.412386651523124 0.33871254096625419 41.13382922581264 10.377227858574161 0.020284033010864008 18.328256667893509 1.4758379748877988 7.9253991383511879 0.72140576123257505
leaf_weight=26 241320 28 19751 2888 7110 27 22 27 30 27472 5591 147008 31 20 33 533 79 24 4224 2624 2258 89 979 111 122 762 45 115 1311 120 44 913 430 1143 694 157 1235 511 69 20 35 91 849 202 79 272 23 679 24 2086 21 20 53 3564 164 21 93 9452 29 3901 201 12433
leaf_count=26 241320 28 19751 2888 7110 27 22 27 30 27472 5591 147008 31 20 33 533 79 24 4224 2624 2258 89 979 111 122 762 45 115 1311 120 44 913 430 1143 694 157 1235 511 69 20 35 91 849 202 79 272 23 679 24 2086 21 20 53 3564 164 21 93 9452 29 3901 201 12433
internal_value=-0.000516717 -0.0628578 0.137002 0.810767 1.35205 5.19345 15.784 5.93228 26.204 0.795608 1.66547 0.0938962 -0.0256615 -0.0209068 -9.20906 3.26265 -5.64763 0.371406 -0.0686979 0.574825 1.89204 0.415093 -0.993146 0.569369 2.628 8.69314 14.1261 17.3943 -0.320041 22.5247 25.8235 -2.30644 2.44387 -3.56056 3.2372 8.41865 -1.09337 -2.30658 18.95 0.494223 11.9801 -2.74696 -1.3544 -2.82526 -1.53044 -6.26033 1.29179 3.37928 -0.0129825 0.955133 1.04249 -0.306667 -11.8333 1.79268 6.38561 21.1588 3.97133 0.4471 1.46365 1.60019 0.321519 0.842861
internal_weight=504288 468311 226991 35977 7777 667 107 55 52 35951 8479 219214 153217 153186 132 560 112 65997 20856 45141 4882 40259 3975 36284 3899 1266 504 393 2633 278 233 3035 1231 2056 940 246 7395 3171 113 13461 55 1402 2660 1425 1223 374 102 1109 153054 6046 6022 2159 73 3863 299 42 257 13406 3954 3930 32385 12634
internal_count=504288 468311 226991 35977 7777 667 107 55 52 35951 8479 219214 153217 153186 132 560 112 65997 20856 45141 4882 40259 3975 36284 3899 1266 504 393 2633 278 233 3035 1231 2056 940 246 7395 3171 113 13461 55 1402 2660 1425 1223 374 102 1109 153054 6046 6022 2159 73 3863 299 42 257 13406 3954 3930 32385 12634
cat_boundaries=0 1 2 3 4 5 6 7 8 9 10 11 12 13 14 15 16 17
cat_threshold=1 540672 1 1 46236168 3110924 152 130 18432 76 2170880 102 24 69640 2952790336 144 2097152
is_linear=0
shrinkage=0.05


Tree=107
num_leaves=63
num_cat=13
split_feature=1 7 0 10 10 10 0 1 0 0 0 3 0 10 10 7 7 3 7 18 17 13 18 13 3 7 7 15 3 3 4 18 4 3 3 4 18 17 18 0 0 7 3 3 6 0 18 7 7 0 4 17 13 18 3 21 21 21 15 17 1 3
split_gain=9.46588e+06 4.64423e+06 4.14996e+06 4.83996e+06 7.83936e+06 5.81358e+06 9.44057e+06 9.96445e+06 2.40634e+07 1.01148e+07 7.79026e+06 4.49613e+06 4.19671e+06 1.55389e+07 2.59913e+07 1.51143e+07 1.07827e+07 9.18694e+06 5.62383e+06 4.57413e+06 5.07374e+06 4.16845e+06 4.10875e+06 4.0003e+06 3.80524e+06 4.18309e+06 3.75333e+06 3.72773e+06 4.47517e+06 3.70829e+06 3.69025e+06 3.59307e+06 4.607e+06 4.68038e+06 3.56113e+06 4.91708e+06 5.17954e+06 3.47813e+06 4.08488e+06 3.44088e+06 3.41801e+06 3.34691e+06 3.22672e+06 3.15993e+06 3.0299e+06 2.94392e+06 2.90661e+06 2.89593e+06 3.55972e+06 2.72246e+06 2.76966e+06 3.06043e+06 3.81124e+06 2.78707e+06 2.71435e+06 2.62449e+06 2.61488e+06 3.21935e+06 2.60806e+06 2.58185e+06 3.7951e+06 4.01206e+06
threshold=0 2011.5000000000002 1 3.5000000000000004 5.5000000000000009 4.5000000000000009 2 3 4 5 6 993.90738378684819 7 2.5000000000000004 1.0000000180025095e-35 2011.5000000000002 2014.5000000000002 1995.9682429870286 2011.5000000000002 2082.6442857142861 612.07000000000016 206.50000000000003 498.72142857143018 281.50000000000006 1431.2509292975271 2015.5000000000002 2010.5000000000002 21.950000000000003 4628.4457362818657 3600.0489955903977 630.0100000000001 12.460000000000004 2.0050000000000003 1888.8572916287501 3487.2195577335215 77.950000000000017 266.16999999999996 74.810000000000016 179.78214285714287 8 9 2003.5000000000002 4981.5572559041984 5833.4745046068419 4.5000000000000009 10 397.10214285714227 2011.5000000000002 2010.5000000000002 11 2547.7150000000006 1871.0700000000004 323.50000000000006 2143.5714285714294 1371.1691601496093 2.5000000000000004 2.5000000000000004 30.500000000000004 22.250000000000004 116.71000000000002 12 3530.0651334834361
decision_type=1 2 9 2 2 2 9 1 9 9 9 2 9 2 2 2 2 2 2 2 2 2 2 2 2 2 2 2 2 2 2 2 2 2 2 2 2 2 2 9 9 2 2 2 2 9 2 2 2 9 2 2 2 2 2 2 2 2 2 2 1 2
left_child=2 -2 43 12 5 10 7 9 24 42 47 -6 13 14 16 17 19 23 -16 20 21 -4 -17 41 -9 -26 -14 -11 -29 -19 -24 -3 33 39 -34 36 40 -27 -39 -33 -36 -15 -7 -1 -25 -13 -30 48 -5 50 51 -12 -53 -54 -28 -22 59 -58 -43 60 61 -56
right_child=1 31 3 4 11 6 -8 8 -10 27 49 45 26 15 18 22 -18 29 -20 -21 55 -23 30 44 25 37 54 28 46 -31 -32 32 34 -35 35 -37 -38 38 -40 -41 -42 58 -44 -45 -46 -47 -48 -49 -50 -51 -52 52 53 -55 56 -57 57 -59 -60 -61 -62 -63
leaf_value=-0.12808871303918054 -0.29030276139530109 0.72520773192253896 23.069783221104348 -6.248872757663853 9.0123152755479765 1.0885069776051597 0.63626451439643672 -3.7592860529945877 3.0967472169325165 -1.970570923294872 -0.79011771881606807 2.9458130554264388 0.29227899962951143 -10.121849458867855 -6.8809101196567966 -1.3941358373181689 -1.3000394152324708 38.013377811062718 -0.18652169129412946 36.493193914890291 4.0870006062767725 9.0492985513475208 24.806592762470245 11.023590087890625 -12.677647600182965 -23.480041122436525 18.280725094546444 -4.2698197813882377 -20.014721505208449 17.265862961971401 4.1164273312597564 1.8935885249383071 -0.015723135584196985 -6.4045666491883928 -7.9207800359561533 2.8917999214501613 -13.120437549070997 12.490582272500703 -6.3054145624749207 -2.8344875838626655 1.6799099407517613 -1.6070852710354715 8.8615095247489375 16.984539922078451 37.029704566796617 0.66422958497686013 -7.0116197352608047 -1.86353451710517 -21.465013042227792 0.88403409786470266 -3.60495135104919 1.4916978206230986 23.007483758926394 4.6708873504816095 10.298405572637282 20.567581748962404 -1.7139215876252276 17.610924140973523 15.073608653744063 0.81693278609186137 1.1800864343626778 2.7795607678178236
leaf_weight=30843 197926 18185 129 304 187 1364 3207 237 541 1096 2115 1812 25915 22 633 225 183 62 622 20 176 90 32 21 777 25 23 482 88 33 66 628 162990 529 106 2205 91 33 233 965 452 31 148 27 24 6407 84 381 44 9754 689 322 40 43 188 28 1057 22 96 18141 7936 3153
leaf_count=30843 197926 18185 129 304 187 1364 3207 237 541 1096 2115 1812 25915 22 633 225 183 62 622 20 176 90 32 21 777 25 23 482 88 33 66 628 162990 529 106 2205 91 33 233 965 452 31 148 27 24 6407 84 381 44 9754 689 322 40 43 188 28 1057 22 96 18141 7936 3153
internal_value=-0.000490379 -0.121683 0.386702 0.559387 0.0471823 -0.448947 -1.49178 -2.82356 -5.75385 -1.15276 0.184352 1.34605 0.823833 2.82827 0.587968 9.76012 8.9099 18.067 -3.56305 13.1276 12.0228 17.3079 2.3276 11.8287 -9.4186 -10.7626 0.734657 -3.73186 -6.74056 30.8063 10.8724 0.0575953 -0.0146844 -2.32966 0.014936 1.76586 -2.05956 -5.64939 -3.97358 -0.97647 -0.255721 7.88299 1.83721 -0.113085 24.8935 1.17163 -13.6644 -4.80937 -8.17275 0.468533 -0.793239 -0.0276289 3.95426 13.5078 1.11053 6.34904 1.09758 -1.3199 11.0019 1.18625 1.78035 3.19309
internal_weight=504288 384077 120211 89341 30413 22007 8315 5108 1846 3262 13692 8406 58928 2493 1881 612 626 289 1255 443 423 219 323 194 1305 1068 56435 1750 654 95 98 186151 167966 2122 165844 2854 649 291 266 1593 558 149 1512 30870 45 8219 172 729 348 12963 3209 2520 405 83 30520 204 30497 1079 127 29418 11277 3341
internal_count=504288 384077 120211 89341 30413 22007 8315 5108 1846 3262 13692 8406 58928 2493 1881 612 626 289 1255 443 423 219 323 194 1305 1068 56435 1750 654 95 98 186151 167966 2122 165844 2854 649 291 266 1593 558 149 1512 30870 45 8219 172 729 348 12963 3209 2520 405 83 30520 204 30497 1079 127 29418 11277 3341
cat_boundaries=0 1 3 4 5 6 7 8 9 10 11 12 13 14
cat_threshold=49 3770679376 1 285287170 33 73984 73728 134234112 16384 2567008704 18878528 151019528 268443656 1
is_linear=0
shrinkage=0.05


Tree=108
num_leaves=63
num_cat=6
split_feature=1 17 2 7 10 10 10 1 18 1 3 20 7 18 20 12 3 3 3 12 7 10 10 19 3 19 7 2 20 14 6 19 19 3 19 14 8 7 7 3 17 7 20 14 3 20 18 17 12 18 19 7 1 8 8 20 17 20 7 21 20 3
split_gain=8.64171e+06 4.96321e+06 4.42242e+06 3.5349e+06 3.41993e+06 7.90951e+06 6.88154e+06 3.24284e+06 2.97927e+06 2.92841e+06 1.13947e+07 3.81879e+06 1.23672e+07 3.10291e+06 3.64885e+06 3.99715e+06 5.93694e+06 2.53246e+06 2.37432e+06 4.50559e+06 2.24617e+06 2.32916e+06 5.94113e+06 2.68702e+06 2.2241e+06 2.16511e+06 4.44196e+06 3.88513e+06 3.62823e+06 2.31466e+06 2.17501e+06 2.09954e+06 2.78491e+06 2.71156e+06 2.59995e+06 2.02196e+06 2.95285e+06 2.09409e+06 1.99782e+06 3.69208e+06 1.97514e+06 1.94434e+06 2.35415e+06 2.45808e+06 2.17449e+06 2.15875e+06 1.90283e+06 2.58147e+06 1.89388e+06 1.86209e+06 1.76111e+06 1.74489e+06 1.73913e+06 2.9357e+06 3.1368e+06 3.54345e+06 1.7216e+06 1.71932e+06 1.71905e+06 3.47989e+06 3.32876e+06 2.51741e+06
threshold=0 24.865000000000006 1 2017.5000000000002 3.5000000000000004 5.5000000000000009 4.5000000000000009 2 66.272857142861312 3 3336.2827255565417 1628.8940523670856 2008.5000000000002 1251.6071428571474 3676.7253487126823 23.500000000000004 5470.869381340538 4628.4457362818657 5833.4745046068419 3.5000000000000004 2012.5000000000002 4.5000000000000009 5.5000000000000009 7.1925000000000008 4000.0000000000009 4.2446666666666664 2015.5000000000002 4 4269.790630326007 29.550000000000004 7.5000000000000009 178.23666666666668 84.780833333333348 2336.9791367048933 1416.9150000000002 22.250000000000004 4.5000000000000009 2010.5000000000002 2015.5000000000002 2819.4827892043118 319.02000000000004 2008.5000000000002 4000.0000000000009 30.650000000000002 896.562377632672 865.65584319944412 12.460000000000004 6.0050000000000008 31.500000000000004 16.432857142857149 2189.0825000000004 2005.5000000000002 5 4.5000000000000009 9.5000000000000018 3900.6392308260497 145.71000000000004 2668.9288511288119 2012.5000000000002 2.5000000000000004 2505.4020647934699 3158.1210901774289
decision_type=1 2 1 2 2 2 2 1 2 1 2 2 2 2 2 2 2 2 2 2 2 2 2 2 2 2 2 1 2 2 2 2 2 2 2 2 2 2 2 2 2 2 2 2 2 2 2 2 2 2 2 2 1 2 2 2 2 2 2 2 2 2
left_child=1 8 7 4 41 6 -6 20 18 13 11 -11 56 14 -8 16 -16 -17 -1 -20 -2 46 31 -24 51 26 29 30 -27 35 -28 32 -23 -33 -35 -21 37 -37 39 -34 -19 42 -3 -44 -43 -46 -22 57 -49 -30 -12 -4 53 -10 58 -56 -13 -48 -55 60 61 -60
right_child=2 3 24 -5 5 -7 9 -9 52 10 50 12 -14 -15 15 17 -18 40 19 25 21 22 23 -25 -26 28 27 -29 49 -31 -32 33 38 34 -36 36 -38 -39 -40 -41 -42 44 43 -45 45 -47 47 48 -50 -51 -52 -53 -54 54 55 -57 -58 -59 59 -61 -62 -63
leaf_value=0.49252184280292149 0.060612992300756667 -0.0072567245586826401 -0.67750904371201393 0.91651857419963023 -0.054417057916793889 0.69665714443773608 -0.25295413208981515 -0.19620210976102925 0.53568791096581703 -0.87419104114733548 -7.3881389686185077 -0.8457068806602841 -2.1522257463664847 0.83605514332276509 -2.694869626734159 -5.2071908553925965 19.589423659353546 -19.328259068897793 26.800413894653321 11.344720088281939 1.9052697330118669 2.1371929213044725 6.5728552901966353 -0.29961563351900938 2.7651933048614583 -20.596167439069941 -6.3985547657670647 20.835648277577235 -3.0413483360121329 8.3276318092346191 14.730331615039283 1.1432867339905617 14.39360219627619 3.6153898242091347 13.096885658572702 0.39387087821960454 1.2268064543785471 -18.628636105855307 4.8530540203866188 -2.5900216722488403 -7.020166745928468 16.189891416376287 -3.18390695254008 -24.047380883693695 15.781340822966204 0.45949983898628394 -1.4030423948015924 0.84531847628804724 -0.14776491145857704 6.7805109787590894 -14.121487905462104 -0.25671903634834126 0.94937495005759986 3.3642016167320641 2.7867546799442287 -5.007532430564364 -15.909312854980938 -7.9924219571310902 30.72348916576459 -10.2038709443191 6.5140447037322122 7.1282676315307612
leaf_weight=26855 42709 32413 29210 13560 20451 15436 1411 64495 1267 6749 234 21 3516 2430 317 287 33 70 20 31 1831 621 148 3647 585 22 29 68 124 100 21 2114 160 484 85 23 165 39 391 40 61 22 48 20 23 48018 312 8878 10454 79 166 157346 3926 839 675 186 196 145 26 29 607 20
leaf_count=26855 42709 32413 29210 13560 20451 15436 1411 64495 1267 6749 234 21 3516 2430 317 287 33 70 20 31 1831 621 148 3647 585 22 29 68 124 100 21 2114 160 484 85 23 165 39 391 40 61 22 48 20 23 48018 312 8878 10454 79 166 157346 3926 839 675 186 196 145 26 29 607 20
internal_value=-0.000463653 0.276587 -0.15509 0.147772 0.0687544 -0.249994 -0.656552 0.0613036 0.8098 -1.45148 -1.89828 -1.58397 -2.86719 -0.3916 -1.76247 -4.5358 -0.593779 -7.83654 0.568542 3.40006 0.291894 0.629004 1.37636 -0.0315983 -0.312952 2.73243 4.64289 13.056 -1.30926 1.86987 2.47558 2.74817 4.47534 1.96794 5.03178 -0.633133 -2.26888 -11.5719 6.93218 10.9969 -13.597 0.27208 -0.0267537 -9.32022 0.474032 0.466835 0.363178 0.220494 0.308297 0.780952 -10.1825 -0.322604 1.68808 2.47347 3.51457 1.10297 -14.4515 -3.49376 4.87972 6.74412 7.49679 20.4647
internal_weight=504288 180633 323655 145482 131922 51378 35942 136514 35151 15491 10882 10482 3733 4609 2179 768 350 418 27576 721 72019 29310 7690 3795 187141 701 476 118 225 358 50 3895 1212 2683 569 258 227 62 591 200 131 80544 32481 68 48063 48041 21620 19789 19332 203 400 186556 7575 3649 2382 861 217 457 1521 682 653 46
internal_count=504288 180633 323655 145482 131922 51378 35942 136514 35151 15491 10882 10482 3733 4609 2179 768 350 418 27576 721 72019 29310 7690 3795 187141 701 476 118 225 358 50 3895 1212 2683 569 258 227 62 591 200 131 80544 32481 68 48063 48041 21620 19789 19332 203 400 186556 7575 3649 2382 861 217 457 1521 682 653 46
cat_boundaries=0 1 2 3 4 5 6
cat_threshold=177 1 68 33 1 17
is_linear=0
shrinkage=0.05


Tree=109
num_leaves=63
num_cat=9
split_feature=1 7 3 0 20 0 20 3 20 20 19 0 20 3 15 13 4 4 0 3 1 3 12 15 1 3 15 4 4 19 7 1 0 20 19 18 13 14 7 19 20 14 7 18 12 20 15 3 3 7 15 12 18 3 4 3 4 14 3 18 18 4
split_gain=7.99993e+06 5.74849e+06 5.26438e+06 8.56624e+06 5.63055e+06 5.00535e+06 6.70337e+06 4.8907e+06 6.09674e+06 4.25894e+06 3.96236e+06 3.03461e+06 4.0677e+06 4.05126e+06 3.05071e+06 5.28669e+06 2.97641e+06 2.904e+06 3.08402e+06 2.85627e+06 3.46879e+06 3.28742e+06 3.21257e+06 2.83917e+06 2.74459e+06 4.60068e+06 4.82743e+06 2.68691e+06 2.61946e+06 9.9113e+06 7.94517e+06 5.84753e+06 1.09892e+07 7.50022e+06 1.43834e+07 1.15402e+07 8.1925e+06 1.05663e+07 6.28758e+06 5.42043e+06 4.93204e+06 5.66845e+06 4.02432e+06 3.80884e+06 4.07518e+06 3.56432e+06 4.63013e+06 3.04656e+06 5.86049e+06 2.61829e+06 2.55756e+06 4.35799e+06 2.53495e+06 5.71512e+06 3.60815e+06 2.46728e+06 2.4413e+06 3.14983e+06 2.33888e+06 2.33676e+06 2.97237e+06 2.41288e+06
threshold=0 2006.5000000000002 1616.0996792483809 1 2092.2258833249689 2 5846.5037224942653 4628.4457362818657 3343.4136040308244 1115.7051053329822 3.7213333333333338 3 2253.2515689623401 1888.8572916287501 23.350000000000005 172.50000000000003 2.8050000000000006 52.010000000000012 4 1629.2412929626068 5 3336.2827255565417 38.500000000000007 21.750000000000004 6 5833.4745046068419 14.750000000000002 9467.4300000000021 461.02500000000003 440.56816666666674 2013.5000000000002 7 8 3415.5617713651791 1266.9316666666671 436.14785714285671 295.50000000000006 28.650000000000002 2008.5000000000002 1483.6605000000006 1593.583093678832 34.050000000000004 2011.5000000000002 2026.9807142857148 26.500000000000004 3161.1678463094036 23.150000000000002 2550.1108647450114 1871.1319950904133 2004.5000000000002 21.550000000000004 32.500000000000007 375.92714285714294 4000.0000000000009 1809.6500000000003 1919.3951353138928 20.005000000000006 29.650000000000002 3487.2195577335215 81.810000000000016 84.442857142857136 4.5050000000000008
decision_type=1 2 2 9 2 9 2 2 2 2 2 9 2 2 2 2 2 2 9 2 1 2 2 2 1 2 2 2 2 2 2 1 9 2 2 2 2 2 2 2 2 2 2 2 2 2 2 2 2 2 2 2 2 2 2 2 2 2 2 2 2 2
left_child=9 2 -2 -4 -5 10 7 -7 -9 -1 11 12 13 -3 23 -16 19 18 59 -12 -21 -22 -23 -15 25 27 -27 28 29 -18 31 32 33 34 35 47 39 -38 40 50 41 -37 -40 -41 -45 -32 -47 48 -31 -6 -35 -52 53 -30 -55 -14 -10 -58 -48 61 -61 -11
right_child=1 5 3 4 49 6 -8 8 56 17 16 -13 55 14 15 -17 24 -19 -20 20 21 22 -24 -25 -26 26 -28 -29 52 30 45 -33 -34 36 -36 38 37 -39 42 43 -42 -43 -44 44 -46 46 58 -49 -50 -51 51 -53 -54 54 -56 -57 57 -59 -60 60 -62 -63
leaf_value=20.947280542667098 -0.32386962790043916 -4.626981695555151 0.68501959678499347 -4.1389288961596096 -28.207865789958408 -0.062039942435054687 -22.269770229563996 -33.359541511535646 -15.208978489637374 3.2137499769683497 0.40086295679766643 1.1813044621669373 18.190344619750977 17.221256405598407 13.782649948120119 44.199274826049809 0.61471819485355239 0.45387173594507257 0.55996409765137267 -0.11190112971387621 -3.4195725315148664 -18.562815573035856 0.044654168802149161 -2.9511188622676965 0.11176262359288787 5.3733435916900634 -25.757734463431621 17.81720999012823 -1.5768511288630294 23.791064205876104 2.1953189081902322 0.11468249880876775 1.6163404530391359 -16.635004615783693 54.695669664655419 7.1643303814388464 50.407335777282718 5.7070513480748888 19.157046162763383 25.951084228515626 -0.80747344855751324 35.674783567948779 2.193159139294957 11.209291163086892 -15.198850123087565 -10.091791075215196 8.5308166195948925 15.687187776565551 59.500989770889284 -11.227756862690052 -9.9973068565130241 12.203331869329725 0.24006282156093273 -28.09082856655121 -1.4685839200019837 1.7701814582895161 16.595296478271486 -5.4835106819016595 -5.3852707165938156 19.435757365226749 3.5658587719536734 0.020751871462452047
leaf_weight=26 103811 32 1107 1279 28 268905 34 22 40 1071 1678 5449 24 37 50 20 18770 27472 4268 921 979 73 34 33 52585 20 33 23 606 27 578 378 560 42 21 84 20 39 187 25 161 22 43 48 21 165 72 20 20 120 60 35 8283 35 20 489 21 70 52 30 1788 1322
leaf_count=26 103811 32 1107 1279 28 268905 34 22 40 1071 1678 5449 24 37 50 20 18770 27472 4268 921 979 73 34 33 52585 20 33 23 606 27 578 378 560 42 21 84 20 39 187 25 161 22 43 48 21 165 72 20 20 120 60 35 8283 35 20 489 21 70 52 30 1788 1322
internal_value=-0.000439724 -0.0556432 -0.378832 -2.63049 -5.17108 0.0393077 -0.0699275 -0.0671248 -9.00401 0.717957 0.355774 1.58392 4.70078 11.4236 15.0923 22.4731 0.268964 0.703526 1.51241 -1.12154 -2.39437 -4.28953 -12.6502 7.71142 0.330658 0.708156 -14.0102 0.734035 0.721108 1.02084 3.86521 5.74784 7.18086 10.6836 14.065 12.5522 4.23096 20.8597 9.9262 -0.0162111 4.70654 13.0816 15.9855 9.23029 3.17203 -0.0715876 -4.6054 32.0317 38.9868 -14.4402 -6.36053 -1.81812 0.00227168 -2.97749 -18.41 2.53838 -4.91377 -0.388401 2.69504 2.47055 3.82774 1.4498
internal_weight=504288 468311 106345 2534 1427 361966 269092 269058 153 35977 92874 6134 685 172 140 70 86740 35951 8479 3685 2007 1086 107 70 83055 30470 53 30417 30394 21450 2680 1813 1435 875 585 564 290 59 497 231 267 106 230 94 69 867 289 67 47 148 137 95 8944 661 55 513 131 91 124 4211 1818 2393
internal_count=504288 468311 106345 2534 1427 361966 269092 269058 153 35977 92874 6134 685 172 140 70 86740 35951 8479 3685 2007 1086 107 70 83055 30470 53 30417 30394 21450 2680 1813 1435 875 585 564 290 59 497 231 267 106 230 94 69 867 289 67 47 148 137 95 8944 661 55 513 131 91 124 4211 1818 2393
cat_boundaries=0 1 2 3 4 5 6 7 8 9
cat_threshold=1 572690444 548362252 540672 151007554 52 80 16 81920
is_linear=0
shrinkage=0.05


Tree=110
num_leaves=63
num_cat=16
split_feature=1 17 0 19 12 0 1 0 10 19 17 10 1 10 10 0 19 0 15 19 10 1 10 0 0 1 19 17 9 9 17 19 13 0 6 9 16 17 13 4 15 17 16 6 18 18 4 18 18 6 15 4 13 4 4 0 4 15 1 1 17 4
split_gain=7.6617e+06 3.50408e+06 3.76592e+06 3.66126e+06 3.46594e+06 4.09918e+06 2.90709e+06 3.06269e+06 3.16246e+06 5.25e+06 3.39989e+06 2.84268e+06 5.78794e+06 7.00172e+06 8.09349e+06 8.44819e+06 1.04991e+07 7.46425e+06 7.04941e+06 6.69106e+06 4.49075e+06 1.54165e+07 1.21962e+07 1.10723e+07 9.14747e+06 7.02531e+06 4.85397e+06 4.88416e+06 4.69873e+06 8.23533e+06 9.15967e+06 3.82023e+06 3.68918e+06 2.91025e+06 3.07191e+06 2.87549e+06 2.82977e+06 3.75437e+06 5.09123e+06 3.00078e+06 2.7801e+06 3.67229e+06 7.72938e+06 3.01164e+06 2.77653e+06 3.42178e+06 4.76749e+06 3.06721e+06 2.77497e+06 3.09756e+06 2.75082e+06 2.91866e+06 5.24005e+06 3.06641e+06 2.57209e+06 2.46862e+06 2.44136e+06 2.42874e+06 2.91071e+06 2.41338e+06 2.39875e+06 3.12893e+06
threshold=0 24.865000000000006 1 51.81666666666667 14.500000000000002 2 3 4 1.5000000000000002 17.113166666666668 1.5050000000000003 3.5000000000000004 5 1.0000000180025095e-35 2.5000000000000004 6 424.49050000000005 7 21.250000000000004 393.88000000000005 5.5000000000000009 8 4.5000000000000009 9 10 11 566.14666666666676 1501.4500000000003 13.500000000000002 6.5000000000000009 2467.6650000000004 424.49050000000005 28.500000000000004 12 1.0000000180025095e-35 16.500000000000004 9.8500000000000032 726.0150000000001 281.50000000000006 58.515000000000008 22.150000000000002 199.80500000000004 2.1500000000000008 1.5000000000000002 436.14785714285671 2143.5714285714294 3575.3050000000007 1472.5535714285718 444.74000000000007 1.5000000000000002 15.850000000000003 3.0050000000000003 158.50000000000003 30.005000000000006 332.56500000000005 13 37.905000000000008 18.250000000000004 14 15 1021.3250000000002 319.24500000000006
decision_type=1 2 9 2 2 9 1 9 2 2 2 2 1 2 2 9 2 9 2 2 2 1 2 9 9 1 2 2 2 2 2 2 2 9 2 2 2 2 2 2 2 2 2 2 2 2 2 2 2 2 2 2 2 2 2 9 2 2 1 1 2 2
left_child=1 3 11 -1 59 6 7 8 -6 10 57 12 13 18 17 16 -16 31 -3 -20 21 -13 24 -24 32 26 -22 50 29 -26 -31 -15 -23 34 -30 -34 37 39 60 -18 48 42 -42 -43 -21 47 -47 -46 -17 -50 -28 52 -52 -53 -33 -5 -55 -10 -59 -2 61 -39
right_child=4 2 -4 55 5 -7 -8 -9 9 -11 -12 20 -14 14 15 40 36 -19 19 44 25 22 23 -25 28 -27 27 -29 33 30 -32 54 35 -35 -36 -37 -38 38 -40 -41 41 43 -44 -45 45 46 -48 -49 49 -51 51 53 -54 56 -56 -57 -58 58 -60 -61 -62 -63
leaf_value=0.48223614836440654 -0.50977759550031598 2.0737568781874458 -0.099401935551203635 0.052452697550336269 -0.39295077054511485 -0.1353052216369818 -0.0060061754195988373 0.49154883137266303 -0.90301683471753058 26.516877050399781 0.31566796481938053 0.6332689311810531 0.39552883691181284 0.76218228888202022 -0.91145129105637945 -4.0053668902417412 31.335772317031338 1.2247623098528997 0.38928029737974468 23.326618755947461 0.62858006129724486 15.447541081768771 -8.9255172313477953 0.36406386246880329 -0.31042543537056955 0.10281986326939448 1.7608573327843962 2.5842353371852322 18.839058877803662 -6.073914277130303 -23.66575333365688 -12.420004728081031 5.5385479674615326 -3.2962437300500853 1.3578666968040229 -0.62045109688909983 21.04997611175413 -18.986631887930411 21.164553183601015 13.413594432671866 4.6544893700702517 16.788494824000768 39.569267862776059 1.1511108044942375 9.8623937701699376 32.7400319486051 10.193242404609919 -3.0493976026211147 -4.9643644949919743 3.0505403349712905 7.016083231839267 2.7532698162321778 42.378031330108648 28.754669545997274 -4.1828958072589293 2.3195368126678528 11.372565122871748 8.747645507540021 1.7514833321055723 0.025243614479503823 6.6348996213613418 5.8255670507748931
leaf_weight=15989 72722 1038 47348 1534 656 201408 41044 36903 130 25 544 9629 22067 385 189 259 29 3332 190 44 638 60 1173 448 304 3987 91 475 27 235 108 109 393 462 363 366 92 27 42 120 51 35 23 256 348 37 64 53 142 798 22 106 20 22 726 5668 247 473 242 29686 78 24
leaf_count=15989 72722 1038 47348 1534 656 201408 41044 36903 130 25 544 9629 22067 385 189 259 29 3332 190 44 638 60 1173 448 304 3987 91 475 27 235 108 109 393 462 363 366 92 27 42 120 51 35 23 256 348 37 64 53 142 798 22 106 20 22 726 5668 247 473 242 29686 78 24
internal_value=0.00345708 0.351664 0.219788 0.903876 -0.105659 -0.015027 0.287702 0.59694 2.46441 3.80745 3.39872 0.523579 0.823134 1.93168 1.19608 3.71273 8.701 -0.000871496 4.72781 8.47089 0.0464948 -0.445427 -3.07613 -6.41095 -0.75733 1.23665 4.00011 6.22903 -3.06952 -6.30238 -11.613 -3.33099 3.46974 -0.650548 2.5039 2.5686 13.3218 11.0999 6.04449 16.9018 1.7292 5.56097 15.5064 3.0319 11.2832 10.2276 18.453 8.15585 0.577149 1.83978 9.63706 11.3558 23.8551 9.95593 -5.25816 1.83995 12.7941 5.38354 6.52655 -0.354733 1.12168 -7.3103
internal_weight=504106 120273 97082 23191 383833 281425 80017 38973 2070 1414 1389 49734 30558 8491 6717 2165 601 4552 1774 736 19176 13568 3939 1621 2318 5608 1621 983 1499 647 343 1220 819 852 390 759 412 320 171 149 1564 365 74 291 546 502 101 401 1199 940 508 417 42 375 835 7202 269 845 715 102408 129 51
internal_count=504106 120273 97082 23191 383833 281425 80017 38973 2070 1414 1389 49734 30558 8491 6717 2165 601 4552 1774 736 19176 13568 3939 1621 2318 5608 1621 983 1499 647 343 1220 819 852 390 759 412 320 171 149 1564 365 74 291 546 502 101 401 1199 940 508 417 42 375 835 7202 269 845 715 102408 129 51
cat_boundaries=0 1 2 4 5 6 7 8 9 10 11 12 13 14 16 17 18
cat_threshold=49 52686400 552490124 1 68 538968068 16 16384 16384 33 73728 16844800 16 8192 553687632 1 64 76
is_linear=0
shrinkage=0.05


Tree=111
num_leaves=63
num_cat=11
split_feature=7 1 3 0 20 0 3 0 20 20 0 4 7 20 3 18 14 14 13 13 20 3 19 13 0 7 20 0 9 6 17 4 14 0 18 3 6 4 17 1 20 1 4 11 7 3 17 20 17 7 4 12 20 1 4 20 15 12 3 8 13 13
split_gain=7.31058e+06 5.46921e+06 5.89767e+06 5.98178e+06 5.53743e+06 3.45304e+06 5.11305e+06 4.36972e+06 3.30306e+06 3.17088e+06 4.51822e+06 3.85656e+06 3.15849e+06 4.17868e+06 3.02561e+06 3.13283e+06 2.93835e+06 2.63583e+06 2.51508e+06 2.46838e+06 3.45232e+06 3.65982e+06 3.32983e+06 3.13718e+06 3.17237e+06 2.73586e+06 2.4969e+06 4.11137e+06 3.4119e+06 3.13315e+06 2.46125e+06 3.64186e+06 4.49445e+06 2.39932e+06 2.34372e+06 5.20383e+06 2.98228e+06 3.29278e+06 2.50374e+06 3.14075e+06 4.65582e+06 2.33675e+06 2.32898e+06 1.94775e+07 9.84848e+06 4.42347e+06 4.00578e+06 3.66796e+06 2.64579e+06 2.29618e+06 3.1146e+06 2.29117e+06 2.27141e+06 2.2687e+06 2.14896e+06 2.11924e+06 4.08451e+06 5.33731e+06 2.11683e+06 2.08586e+06 2.03072e+06 4.26807e+06
threshold=2012.5000000000002 0 1644.7595531177933 1 1578.4560009048018 2 2506.6491761407019 3 2440.9698029269407 5469.7708618331062 4 40.890000000000008 2018.5000000000002 3065.361988127981 3336.2827255565417 6.4857142857142884 27.050000000000004 23.550000000000004 245.50000000000003 330.50000000000006 3108.6198219573416 3487.2195577335215 860.53333333333353 100.50000000000001 5 2016.5000000000002 2440.9698029269407 6 5.5000000000000009 9.5000000000000018 139.00500000000002 75.29000000000002 23.250000000000004 7 2.857142857142859 3487.2195577335215 11.500000000000002 1.0050000000000001 1.905 8 2023.3249596634193 9 65.010000000000019 1.0000000180025095e-35 2015.5000000000002 3487.2195577335215 15.005000000000001 1919.6241036627098 43.605000000000011 2013.5000000000002 113.27000000000002 36.500000000000007 3824.8560737548437 10 7.8050000000000006 3108.6198219573416 19.750000000000004 27.500000000000004 3408.994814838808 9.5000000000000018 202.50000000000003 180.50000000000003
decision_type=2 1 2 9 2 9 2 9 2 2 9 2 2 2 2 2 2 2 2 2 2 2 2 2 9 2 2 9 2 2 2 2 2 9 2 2 2 2 2 1 2 1 2 2 2 2 2 2 2 2 2 2 2 1 2 2 2 2 2 2 2 2
left_child=9 2 3 -2 -4 -6 7 17 14 41 11 -11 -10 -14 33 -16 18 -7 -17 23 21 -21 25 26 34 -22 58 28 -28 -30 -5 -32 -33 -8 35 38 -37 -38 39 40 -25 -1 46 45 47 48 -36 -45 -44 -35 -51 54 -42 60 -18 56 59 -58 -3 -19 61 -26
right_child=1 19 4 30 5 6 8 -9 12 10 -12 -13 13 -15 15 16 51 55 -20 20 22 -23 -24 24 53 -27 27 -29 29 -31 31 32 -34 49 42 36 37 -39 -40 -41 52 -43 43 44 -46 -47 -48 -49 -50 50 -52 -53 -54 -55 -56 -57 57 -59 -60 -61 -62 -63
leaf_value=-0.46501191435934131 -0.51016242445007831 -0.1100780196400359 14.038306320487678 26.964923945665504 -0.047405732897935933 21.331756231519911 1.4698630491555749 2.0345882768976664 0.55385103426738602 24.934730136755743 0.62103214415921681 6.4452206743439451 14.919703617691994 1.9983808375320349 14.430614864124971 -2.6560949588644096 -16.200314536961642 14.437483468166619 -25.075303823297673 -0.34164436049551755 -7.6912825446023989 -15.48788542509079 -18.859404290689007 33.418389875238596 0.67365546523937792 -0.39926830382092193 3.2772639216798725 -0.81511351385672204 -7.6798247488645401 -25.883979947750387 -5.0590436002482546 8.8094860428717094 37.720695753097537 0.6054512677874716 1.0933010406105248 1.0805113042433432 -4.1177601293281274 -25.203926142056787 1.0729687539584791 3.70982523898526 11.48536512275632 -0.10082213470442276 -3.915171504456513 36.253119541469374 6.0127026744674303 6.3179333466476297 -3.0101252505943523 18.147280486237328 0.43929611682843461 27.620530488755971 10.638503955028675 11.634154622147724 -1.6589500598418407 0.095723160795618933 1.444936559200287 3.2079825156075614 9.9573034537465954 40.474201685449351 -13.180221293626293 0.72159183185834153 0.2053349309269796 3.222505241375504
leaf_weight=54169 111 45446 77 40 14047 36 108 1053 31946 33 637 194 64 2800 34 29 22 43 22 13658 216 40 37 22 7966 318 66 1483 260 26 23 41 20 35 2092 254 81 24 260 400 209 235588 451 38 214 266 831 106 1540 36 108 41 39 73375 80 175 38 23 31 78 10537 2069
leaf_count=54169 111 45446 77 40 14047 36 108 1053 31946 33 637 194 64 2800 34 29 22 43 22 13658 216 40 37 22 7966 318 66 1483 260 26 23 41 20 35 2092 254 81 24 260 400 209 235588 451 38 214 266 831 106 1540 36 108 41 39 73375 80 175 38 23 31 78 10537 2069
internal_value=0.00328734 0.225447 0.676357 8.5792 0.64 0.619698 0.874316 3.78872 0.755265 -0.159907 2.86461 8.74776 0.696457 2.28713 4.73025 0.430464 -2.02317 8.22759 -12.3271 0.0833962 -0.544662 -0.385873 -4.35391 0.143919 0.301605 -3.34885 -0.191951 -2.00022 -6.77745 -9.33475 15.5063 11.8958 18.2886 8.14611 1.34153 3.26374 -1.84953 -8.93746 5.23758 6.85369 10.9677 -0.168926 0.896545 1.98061 12.8155 0.262004 -0.0732906 22.9252 -0.547075 11.4523 14.884 1.65167 9.41832 0.225869 -2.3609 7.13663 10.9142 21.4637 -0.118987 5.59583 0.689793 1.19917
internal_weight=504106 213485 51130 235 50895 50818 36771 1446 35325 290621 864 227 34810 2864 515 228 194 393 51 162355 14269 13698 571 148086 100774 534 47312 1835 352 286 124 84 61 287 6827 1289 359 105 930 670 270 289757 5538 2615 358 2257 2923 144 1991 179 144 143 248 93947 102 357 182 61 45477 121 20572 10035
internal_count=504106 213485 51130 235 50895 50818 36771 1446 35325 290621 864 227 34810 2864 515 228 194 393 51 162355 14269 13698 571 148086 100774 534 47312 1835 352 286 124 84 61 287 6827 1289 359 105 930 670 270 289757 5538 2615 358 2257 2923 144 1991 179 144 143 248 93947 102 357 182 61 45477 121 20572 10035
cat_boundaries=0 1 2 4 5 6 7 8 9 10 11 12
cat_threshold=49 1107296256 3780116564 1 270338 1258291714 539508740 805574978 268439808 64 8 64
is_linear=0
shrinkage=0.05


Tree=112
num_leaves=63
num_cat=7
split_feature=7 0 4 0 3 20 14 20 0 4 10 10 18 20 7 20 17 3 20 20 18 4 3 8 3 10 0 17 18 18 3 18 3 0 4 0 10 10 7 20 17 15 0 10 20 16 19 4 14 12 20 4 3 20 9 10 15 20 20 20 16 10
split_gain=6.5983e+06 3.67271e+06 3.6931e+06 3.53748e+06 2.8767e+06 3.81641e+06 4.2079e+06 2.86244e+06 4.07717e+06 3.48055e+06 2.58023e+06 5.27273e+06 3.72486e+06 5.24214e+06 3.78586e+06 4.88826e+06 3.63823e+06 3.03424e+06 2.85049e+06 2.0761e+06 3.59076e+06 3.51709e+06 1.99203e+06 1.92576e+06 1.91205e+06 1.88006e+06 3.94445e+06 3.54988e+06 5.66722e+06 5.47357e+06 5.95584e+06 2.73301e+06 2.98782e+06 2.71861e+06 3.10568e+06 2.5824e+06 7.6023e+06 1.73502e+07 1.03018e+07 9.0013e+06 4.70948e+06 4.04543e+06 3.47325e+06 3.12718e+06 2.5308e+06 2.40854e+06 3.59961e+06 3.26226e+06 2.62591e+06 2.40168e+06 2.20948e+06 1.9898e+06 3.98754e+06 3.01751e+06 2.64836e+06 3.84116e+06 3.60054e+06 2.2484e+06 2.20515e+06 2.10259e+06 1.88648e+06 1.87692e+06
threshold=2012.5000000000002 0 1036.7750000000003 1 3530.0651334834361 2369.7975522815182 30.250000000000004 5469.7708618331062 2 40.890000000000008 5.5000000000000009 4.5000000000000009 1864.097142857142 1994.9435098110962 2013.5000000000002 3007.6825888012204 1541.7950000000003 5470.869381340538 5229.0057692225555 1100.0024698676154 97.514285714286004 1.5050000000000003 814.69378470209324 4.5000000000000009 3336.2827255565417 1.0000000180025095e-35 3 1.2050000000000003 1.9000000000000004 5.262857142856884 2819.4827892043118 571.94285714285763 4981.5572559041984 4 0.90500000000000014 5 5.5000000000000009 4.5000000000000009 2015.5000000000002 3065.361988127981 19.060000000000006 16.850000000000005 6 4.5000000000000009 5229.0057692225555 14.950000000000001 16.267166666666672 27.005000000000006 28.250000000000004 28.500000000000004 3676.7253487126823 0.90500000000000014 2130.7475790510211 2253.2515689623401 26.500000000000004 5.5000000000000009 24.350000000000005 1919.6241036627098 3535.4039992962066 3343.4136040308244 1.4500000000000002 2.5000000000000004
decision_type=2 9 2 9 2 2 2 2 9 2 2 2 2 2 2 2 2 2 2 2 2 2 2 2 2 2 9 2 2 2 2 2 2 9 2 9 2 2 2 2 2 2 9 2 2 2 2 2 2 2 2 2 2 2 2 2 2 2 2 2 2 2
left_child=7 2 3 10 -3 6 -6 23 9 -9 11 12 -2 -14 -15 -16 17 -12 -13 20 22 -22 -5 -1 -17 26 27 28 60 30 -30 32 33 34 -29 36 37 40 39 -39 45 -40 -38 -37 50 -27 48 -48 -47 -41 -42 53 59 -45 58 -56 -57 -54 -55 -53 -21 -50
right_child=1 4 -4 19 5 -7 -8 8 -10 -11 16 18 13 14 15 24 -18 -19 -20 25 21 -23 -24 -25 -26 35 -28 31 29 -31 -32 -33 -34 -35 -36 43 42 38 41 49 44 -43 -44 51 -46 46 47 -49 61 -51 -52 52 57 54 55 56 -58 -59 -60 -61 -62 -63
leaf_value=-0.35070293786215306 1.4420653889746236 -0.004034104723472107 -0.14618353284824981 5.5710238863809565 -20.574215733727744 0.78183769656151769 5.2218184814453128 23.687993472995181 0.59046046412341191 6.1229595580973575 6.3812665815257681 -3.4218651044982327 1.8426546850339141 -3.8250673037308918 34.05057216882706 16.938805610902847 0.84895139177773926 -9.558764319266043 12.326800270080568 -6.3908738759256183 -10.577579918626236 0.55197892739925636 2.133601889217442 -0.07313353935139584 2.5759765521900078 2.4756830435440493 0.56128709657020526 -10.934645423895502 -3.7830355314108042 -6.0984328089479627 -34.097163067307584 9.6731558546690017 -11.312789951324463 -2.647335814009828 2.4081107052397139 0.67801389221877972 5.2931939834501689 19.493419077320208 -10.724930319675181 -7.3146452951431273 -0.057979361781609645 5.1584856389423939 -3.7222018433600441 -1.4989486354024246 -7.3026998954628581 1.5349277204500056 26.167694362004596 1.6327287435531617 26.161524818057103 8.0841438293457042 2.7308889521986579 0.42867324634166293 -9.8361766160802659 7.8538635471418736 -0.21191081227482977 37.490036506652835 10.279126461090581 -1.9757155466124467 0.12305066338614434 -12.654403008184126 8.6755124137515107 5.021825081961496
leaf_weight=91182 4392 129977 16114 546 43 14902 25 33 637 194 808 680 239 26 32 62 669 31 30 31 73 2572 1848 198575 37 1304 4110 47 26 179 43 56 75 1077 605 17948 113 266 43 40 4370 592 919 435 109 159 42 20 21 69 848 3279 94 134 37 20 31 2826 296 31 63 21
leaf_count=91182 4392 129977 16114 546 43 14902 25 33 637 194 808 680 239 26 32 62 669 31 30 31 73 2572 1848 198575 37 1304 4110 47 26 179 43 56 75 1077 605 17948 113 266 43 40 4370 592 919 435 109 159 42 20 21 69 848 3279 94 134 37 20 31 2826 296 31 63 21
internal_value=0.00312892 0.214188 0.515749 0.719311 0.0715554 0.727909 -11.0904 -0.151912 2.72174 8.31037 1.76457 1.26456 1.86082 6.50525 13.6031 17.0621 3.59926 5.7923 -2.75643 0.557561 1.51463 0.244812 2.91758 -0.16048 11.5709 0.438265 -0.354349 -2.05658 -6.74771 -10.7103 -22.6744 -1.20507 -1.54276 -1.11896 1.42444 0.585122 1.31473 1.84317 7.96349 14.5346 0.946522 4.08292 -2.71983 0.325037 0.237738 3.35603 7.72092 18.2532 4.47216 2.43321 0.395252 -0.556485 -0.881965 1.57126 4.14952 12.0524 20.9501 -2.22876 2.53219 0.306143 3.70681 15.5917
internal_weight=504106 213485 68538 52424 144947 14970 68 290621 864 227 7006 5498 4788 396 157 131 1508 839 710 45418 5039 2645 2394 289757 99 40379 6312 2202 342 248 69 1860 1804 1729 652 34067 8936 7904 1010 375 6894 635 1032 25131 5327 1567 263 62 201 109 5218 7183 6230 953 518 88 51 2920 430 3310 94 42
internal_count=504106 213485 68538 52424 144947 14970 68 290621 864 227 7006 5498 4788 396 157 131 1508 839 710 45418 5039 2645 2394 289757 99 40379 6312 2202 342 248 69 1860 1804 1729 652 34067 8936 7904 1010 375 6894 635 1032 25131 5327 1567 263 62 201 109 5218 7183 6230 953 518 88 51 2920 430 3310 94 42
cat_boundaries=0 1 2 3 4 5 6 7
cat_threshold=682586118 8921088 1258291714 136593408 134479872 136331268 134217732
is_linear=0
shrinkage=0.05


Tree=113
num_leaves=63
num_cat=13
split_feature=1 7 4 0 11 0 4 1 3 19 0 1 0 4 21 17 18 3 7 7 18 3 7 0 20 18 18 20 20 2 4 13 20 0 1 1 7 3 20 4 7 6 7 19 19 20 4 18 20 20 20 7 6 3 4 3 12 7 3 1 17 16
split_gain=6.33402e+06 4.42522e+06 3.99091e+06 7.03008e+06 5.51138e+06 9.58836e+06 7.44878e+06 8.96102e+06 6.83536e+06 6.20708e+06 5.01958e+06 4.99398e+06 4.92815e+06 1.09587e+07 7.83711e+06 4.8647e+06 6.47483e+06 4.84371e+06 1.01451e+07 2.04989e+07 4.97534e+06 5.96126e+06 4.82152e+06 4.81737e+06 4.80178e+06 4.4529e+06 4.23799e+06 4.21342e+06 3.99112e+06 3.56908e+06 3.48813e+06 3.45494e+06 3.3735e+06 3.05464e+06 3.79627e+06 3.03723e+06 3.03719e+06 8.71211e+06 5.83434e+06 5.82866e+06 5.06741e+06 4.63649e+06 4.02951e+06 3.86217e+06 9.06419e+06 5.90866e+06 5.35269e+06 3.78656e+06 9.16489e+06 4.54643e+06 6.00807e+06 4.78322e+06 3.97933e+06 3.37716e+06 3.31651e+06 3.14158e+06 2.88638e+06 2.8505e+06 5.65884e+06 4.65649e+06 5.63548e+06 4.26446e+06
threshold=0 2017.5000000000002 54.110000000000007 1 1.0000000180025095e-35 2 265.80500000000006 3 1326.9312353299549 588.57050000000015 4 5 6 835.45500000000004 1.5000000000000002 152.21000000000004 179.78214285714287 2920.4711966842933 2007.5000000000002 2014.5000000000002 895.73214285714278 3904.2033643443924 2008.5000000000002 7 1974.8037944361051 81.810000000000016 618.85857142857162 3161.1678463094036 1838.8550135501357 8 835.45500000000004 70.500000000000014 2225.6247237495331 9 10 11 2004.5000000000002 1671.4551326991498 1750.0183598531216 1142.8750000000002 2005.5000000000002 11.500000000000002 2007.5000000000002 1061.4945000000005 1240.1503333333337 4269.790630326007 874.64000000000021 787.56000000000029 3600.0489955903977 3676.7253487126823 2743.3444444444444 2015.5000000000002 6.5000000000000009 3904.2033643443924 553.86000000000013 3828.1534090909095 33.500000000000007 2015.5000000000002 3750.0000000000009 12 17.010000000000002 0.15000000000000005
decision_type=1 2 2 9 2 9 2 1 2 2 9 1 9 2 2 2 2 2 2 2 2 2 2 9 2 2 2 2 2 1 2 2 2 9 1 1 2 2 2 2 2 2 2 2 2 2 2 2 2 2 2 2 2 2 2 2 2 2 2 1 2 2
left_child=1 2 3 25 10 6 9 23 -9 27 11 12 13 14 -4 17 -17 18 -14 -20 28 -22 -10 -8 31 57 -26 -6 -19 33 -24 -16 -23 34 -2 -27 -18 40 42 41 -38 43 -39 45 -45 53 56 48 -41 50 -49 52 -52 -40 -42 -43 -46 -1 59 -59 61 -61
right_child=29 -3 4 -5 5 -7 7 8 22 -11 -12 -13 15 -15 24 16 36 20 19 -21 21 32 30 -25 26 35 -28 -29 -30 -31 -32 -33 -34 -35 -36 -37 37 38 39 47 54 55 -44 44 46 -47 -48 49 -50 -51 51 -53 -54 -55 -56 -57 -58 58 -60 60 -62 -63
leaf_value=0.49928606750389354 1.183643117802009 1.0144639635414372 1.2528887696876811 0.14944041285073997 -1.1505010968467844 -0.052077724914789791 -9.0638114758064408 -1.4957826447641749 -12.79194840859018 2.1119176858370472 0.038934008851888573 0.26695002454476424 5.7743928507488214 -4.0156617064129074 -6.2812533160050714 -10.899753217805516 -1.1151023445463686 13.855155944824219 54.83394082917107 8.7302352323924026 27.020420605097065 -1.2273235575906163 -2.9157268473781923 -0.044704957123071799 8.4225350847784082 -0.52779693369408553 28.325010999043783 -8.2933824576464765 -3.6986003945679431 -0.27119448559704529 -8.1192363061585038 8.7730794021245604 14.34023758871802 -0.099039516019166815 0.13055472407091498 3.3690683514460056 6.3190871728956708 8.8689453401873202 -1.2575111129332448 2.378568479575609 17.68135870579216 -4.5294562955239881 32.242239276222563 39.744511718750005 21.143752255159267 -27.768616104125979 -13.546068915453825 2.4507076984498561 43.536938113258003 1.7504844822661974 48.082100459507537 4.5964350859324137 17.977836476201599 16.828851665769303 40.7121545791626 -19.569505604637996 -0.75353417573151771 3.2668444177688096 0.45323725538530057 16.709366691377429 32.276293468475345 -0.33208707724848102
leaf_weight=7385 11587 16742 1430 29695 847 17999 153 712 327 1388 82837 7927 259 856 48 88 378 38 36 73 39 87 540 1627 53 581 54 273 219 187179 798 185 58 92022 32690 3748 80 93 330 38 54 152 23 20 34 20 33 82 21 554 21 24 23 28 22 45 27 361 877 90 34 62
leaf_count=7385 11587 16742 1430 29695 847 17999 153 712 327 1388 82837 7927 259 856 48 88 378 38 36 73 39 87 540 1627 53 581 54 273 219 187179 798 185 58 92022 32690 3748 80 93 330 38 54 152 23 20 34 20 33 82 21 554 21 24 23 28 22 45 27 361 877 90 34 62
internal_value=0.00297255 0.240145 0.161058 0.575853 0.0142885 -0.652663 -2.27107 -3.57281 -5.57252 -0.122498 0.184948 1.07664 2.21519 0.626589 2.8752 3.59951 2.38756 6.92479 11.16 23.9571 3.3906 9.66714 -7.34932 -0.866248 9.69842 1.53836 18.4668 -2.89158 -1.1031 -0.129467 -6.01917 5.67176 4.9997 0.0651585 0.406346 2.85263 2.94384 3.83379 2.71267 1.85061 15.1025 -1.48307 13.5033 1.11234 9.17905 -1.32048 2.67576 4.86097 17.0282 3.84127 11.5632 22.5519 32.3458 0.157065 24.3482 -7.965 11.4515 0.89424 2.94251 6.93354 13.1666 9.75825
internal_weight=504106 180628 163886 42833 121053 24664 6665 4157 2377 2508 96389 13552 5625 2626 1770 2999 2190 809 368 109 441 184 1665 1780 340 13138 107 1120 257 323478 1338 233 145 136299 44277 4329 2102 1724 1568 1452 156 689 116 492 114 378 94 763 59 704 150 68 44 358 76 197 61 8809 1424 547 186 152
internal_count=504106 180628 163886 42833 121053 24664 6665 4157 2377 2508 96389 13552 5625 2626 1770 2999 2190 809 368 109 441 184 1665 1780 340 13138 107 1120 257 323478 1338 233 145 136299 44277 4329 2102 1724 1568 1452 156 689 116 492 114 378 94 763 59 704 150 68 44 358 76 197 61 8809 1424 547 186 152
cat_boundaries=0 1 2 3 4 5 6 7 8 9 11 12 13 14
cat_threshold=177 1208576002 134308098 33 82944 16 16384 2 1 553262124 1 64 32 160
is_linear=0
shrinkage=0.05


Tree=114
num_leaves=63
num_cat=13
split_feature=7 1 3 0 20 0 3 0 20 18 17 10 6 4 7 20 17 18 20 0 4 20 7 3 0 16 17 18 18 17 4 0 10 0 20 18 3 1 14 4 1 10 3 4 3 15 3 0 10 7 18 10 0 0 10 7 17 4 3 20 18 7
split_gain=5.86244e+06 4.41273e+06 5.28397e+06 5.32557e+06 4.91592e+06 2.9912e+06 4.55001e+06 5.53269e+06 3.37936e+06 2.96689e+06 5.72818e+06 2.77197e+06 2.76977e+06 2.70754e+06 2.6625e+06 2.99701e+06 2.59754e+06 2.84822e+06 2.5704e+06 3.69576e+06 3.11505e+06 2.55287e+06 2.40988e+06 2.12971e+06 2.76651e+06 2.36659e+06 3.60417e+06 2.21551e+06 2.09787e+06 2.785e+06 2.03811e+06 2.74716e+06 3.99429e+06 3.45689e+06 2.24977e+06 3.21602e+06 2.93758e+06 2.70313e+06 2.26653e+06 2.53837e+06 2.18197e+06 3.12317e+06 6.00943e+06 2.60155e+06 3.36944e+06 2.75971e+06 2.62292e+06 2.26693e+06 9.42068e+06 8.5548e+06 2.99356e+06 2.84626e+06 3.59067e+06 2.47005e+06 1.23734e+07 6.28754e+06 3.82621e+06 2.13561e+06 4.63805e+06 4.4252e+06 3.00548e+06 2.58859e+06
threshold=2012.5000000000002 0 1644.7595531177933 1 1578.4560009048018 2 2550.1108647450114 3 2505.4020647934699 17.27142857142859 1.0050000000000001 2.5000000000000004 13.500000000000002 630.0100000000001 2018.5000000000002 3065.361988127981 10.705000000000002 46.071428571428591 5469.7708618331062 4 40.890000000000008 3343.4136040308244 2013.5000000000002 3336.2827255565417 5 0.75000000000000011 47.010000000000012 4.3035714285711695 1625.2092857142864 1768.7200000000003 425.00500000000005 6 1.0000000180025095e-35 7 2065.7216436495364 3.3571428571428656 2400.004260758416 8 31.450000000000003 4.0050000000000008 9 5.5000000000000009 2667.2795652755995 174.41000000000005 2157.2256546625208 15.550000000000002 3104.7188819842099 10 4.5000000000000009 2015.5000000000002 389.8357142857144 3.5000000000000004 11 12 2.5000000000000004 2016.5000000000002 25.805000000000003 2.4750000000000005 3158.1210901774289 2668.9288511288119 1.114285714285715 2015.5000000000002
decision_type=2 1 2 9 2 9 2 9 2 2 2 2 2 2 2 2 2 2 2 9 2 2 2 2 9 2 2 2 2 2 2 9 2 9 2 2 2 1 2 2 1 2 2 2 2 2 2 9 2 2 2 2 9 9 2 2 2 2 2 2 2 2
left_child=18 2 3 -2 -4 -6 7 -7 23 10 22 -5 -13 16 -10 -16 -11 -18 -1 20 -20 -12 -9 24 -8 -26 -27 -25 -15 -30 31 32 33 34 35 -3 37 -36 -38 -40 43 47 -43 44 -34 46 -46 48 -42 50 -50 53 -53 54 56 -56 -49 58 -33 -60 -61 -62
right_child=1 30 4 11 5 6 8 9 14 13 21 12 -14 28 15 -17 17 -19 19 -21 -22 -23 -24 27 25 26 -28 -29 29 -31 -32 57 40 -35 36 -37 38 -39 39 -41 41 42 -44 -45 45 -47 -48 51 49 -51 -52 52 -54 -55 55 -57 -58 -59 59 60 61 -63
leaf_value=-0.15143712517596661 -0.48791719665212085 11.251113059564874 13.196405574253626 28.750913484634893 -0.067618965868303613 1.2437596811617997 -0.094591593409549132 -7.6024237559391912 0.46446263535113008 -11.233861806474884 37.4571635392996 6.8263848957088262 27.463896560668946 3.5804930984973908 13.408931973105982 1.8277141924272717 20.253585712726302 2.9533648018645393 22.450051333687526 0.55103869602153255 5.8328711864874538 16.051372896830241 11.951010012626648 12.750548570296345 6.1382297702396622 28.451930451393128 8.3113857746124271 -0.90500489003480755 29.578946740538989 10.028989369528635 -0.13430378738894178 -0.56287978589956333 3.7494618825534118 1.4030937184153438 -13.582209058783272 -1.5653866730103303 0.41546168777142994 -4.1434312202203811 -23.767583974202477 -3.9473335523264752 0.91644227789700783 -0.052062429481710804 -7.8751188108199077 0.27188151928121035 -0.25752388480163757 1.6698071542243438 -10.994346586216329 1.406639885902405 15.560474832911991 3.5057479899575661 35.085779563240386 -9.9198988001958455 -0.63608336825187006 0.87468023423143981 5.7318339131095195 34.205902701235836 -21.439126523335776 0.17378026537868999 -24.092664522738072 3.9777322092298735 -3.0461286739427216 -20.434993432697496
leaf_weight=289757 111 54 77 31 14047 1193 119 26 31478 29 26 72 21 52 57 2799 26 280 33 637 194 30 40 34 170 36 58 235 27 56 68076 5788 2365 799 122 523 322 257 21 70 1975 1810 284 1960 168 1825 86 144 134 248 23 103 1391 2312 33 47 21 71211 37 59 49 38
leaf_count=289757 111 54 77 31 14047 1193 119 26 31478 29 26 72 21 52 57 2799 26 280 33 637 194 30 40 34 170 36 58 235 27 56 68076 5788 2365 799 122 523 322 257 21 70 1975 1810 284 1960 168 1825 86 144 134 248 23 103 1391 2312 33 47 21 71211 37 59 49 38
internal_value=0.00282255 0.201765 0.60679 8.08716 0.57237 0.553242 0.790222 3.2528 0.664806 7.15947 14.2279 14.6233 11.4865 5.47701 0.597088 2.05885 3.06792 4.42332 -0.143317 2.5798 7.90054 25.9898 4.24814 4.23078 6.62566 9.30595 16.0248 0.820976 11.4551 16.3886 0.0741702 0.224711 0.797973 -1.20703 -2.72077 -0.365922 -4.47071 -7.64947 -1.55364 -8.52124 1.08968 0.563419 -1.11307 1.78656 2.45862 0.990197 -3.89283 1.11018 2.33116 9.28766 18.4209 0.386129 -1.34679 1.40014 6.07515 22.4603 -1.501 0.0976084 -0.810665 -8.64772 -4.73359 -10.6413
internal_weight=504106 213485 51130 235 50895 50818 36771 1785 34986 592 122 124 93 470 34334 2856 335 306 290621 864 227 56 66 652 383 264 94 269 135 83 162355 94279 17097 2168 1369 577 792 379 413 91 14929 8525 2094 6404 4444 2079 254 6431 2380 405 157 4051 1494 2557 245 80 165 77182 5971 183 146 87
internal_count=504106 213485 51130 235 50895 50818 36771 1785 34986 592 122 124 93 470 34334 2856 335 306 290621 864 227 56 66 652 383 264 94 269 135 83 162355 94279 17097 2168 1369 577 792 379 413 91 14929 8525 2094 6404 4444 2079 254 6431 2380 405 157 4051 1494 2557 245 80 165 77182 5971 183 146 87
cat_boundaries=0 1 2 4 5 6 7 8 9 10 11 12 13 14
cat_threshold=49 1107296256 3780116564 1 33787912 1258291714 4096 539582724 538984448 64 192 540672 2097152 2097152
is_linear=0
shrinkage=0.05


Tree=115
num_leaves=63
num_cat=4
split_feature=1 7 12 1 10 10 20 3 4 10 10 1 3 7 15 20 12 20 3 10 4 3 20 18 4 18 17 3 4 19 17 15 20 10 13 13 14 14 4 19 7 17 20 17 19 3 20 17 7 1 20 3 6 17 19 20 7 7 19 7 15 14
split_gain=5.48869e+06 3.76487e+06 3.27327e+06 3.35894e+06 2.92197e+06 6.92721e+06 6.0191e+06 2.92852e+06 2.78591e+06 4.86189e+06 6.9821e+06 3.02279e+06 4.04976e+06 3.26988e+06 2.70326e+06 4.32551e+06 3.49595e+06 2.70271e+06 7.19031e+06 2.99195e+06 2.91114e+06 2.69584e+06 3.98204e+06 2.6625e+06 2.51955e+06 3.09859e+06 2.69013e+06 2.49624e+06 2.79226e+06 2.48196e+06 2.74601e+06 2.39178e+06 2.26489e+06 2.2754e+06 2.23493e+06 2.22964e+06 2.2012e+06 2.21736e+06 2.05738e+06 2.39575e+06 2.002e+06 2.38248e+06 2.59223e+06 1.96445e+06 1.95088e+06 2.81036e+06 3.12807e+06 3.86251e+06 3.15177e+06 2.03498e+06 3.90223e+06 3.1342e+06 2.07726e+06 1.97062e+06 2.02132e+06 3.54624e+06 3.21143e+06 1.9317e+06 1.8884e+06 1.98436e+06 1.98326e+06 1.8845e+06
threshold=0 2016.5000000000002 20.500000000000004 1 4.5000000000000009 5.5000000000000009 2302.6551113320688 2870.0713595857619 56.215000000000011 4.5000000000000009 5.5000000000000009 2 1260.4066711619555 2004.5000000000002 12.550000000000002 5469.7708618331062 13.500000000000002 2253.2515689623401 1900.0009152684763 5.5000000000000009 4.995000000000001 1538.6742199739797 1644.5808232931729 94.882857142857105 10.005000000000001 3.3571428571428656 10.705000000000002 3267.977079231146 6.6050000000000013 71.27233333333335 199.80500000000004 15.15 1537.6767421920151 3.5000000000000004 4.5000000000000009 327.50000000000006 25.150000000000002 29.850000000000005 3.5050000000000003 174.23033333333336 2012.5000000000002 1626.825 3676.7253487126823 99.325000000000003 3.7213333333333338 4981.5572559041984 1994.9435098110962 3.5050000000000003 2018.5000000000002 3 2105.8163348239118 1888.8572916287501 8.5000000000000018 1125.3500000000001 1861.7524999999998 2916.9675990675996 2018.5000000000002 2008.5000000000002 204.53483333333335 2009.5000000000002 17.650000000000002 30.650000000000002
decision_type=1 2 2 1 2 2 2 2 2 2 2 1 2 2 2 2 2 2 2 2 2 2 2 2 2 2 2 2 2 2 2 2 2 2 2 2 2 2 2 2 2 2 2 2 2 2 2 2 2 1 2 2 2 2 2 2 2 2 2 2 2 2
left_child=2 8 17 4 35 6 7 58 23 -10 11 -11 -13 -14 -15 40 -17 27 20 34 36 22 -3 -2 25 -21 -27 -1 -29 31 -31 -8 33 -23 -20 -4 -19 -38 -24 -40 41 42 -16 -36 45 46 48 -48 -34 50 52 -52 -46 54 -53 56 -56 -25 59 -6 -61 -60
right_child=1 21 3 -5 5 -7 29 -9 9 10 -12 12 13 14 15 16 -18 18 19 24 -22 32 38 57 -26 26 -28 28 -30 30 -32 -33 44 -35 43 -37 37 -39 39 -41 -42 -43 -44 -45 49 -47 47 -49 -50 -51 51 53 -54 -55 55 -57 -58 -59 61 60 -62 -63
leaf_value=-0.28056950231739458 0.24762384868349688 2.1142545909162553 0.16577766006646047 -0.21405491731683124 0.88178623204709961 -0.17075253500591217 8.3353824680798692 -15.355191721739594 0.16184428321898614 0.51996206999234351 0.3714231879644771 -0.38622902631456668 -9.3353984702717181 0.1863780022642185 -3.8070066766123318 -6.82620784297134 -33.318435497283936 -10.573761812416283 5.471314649646347 3.2901103919552224 -12.767771828602523 3.1551375587319219 4.8173971481323248 0.41441137613981294 -1.5511973021529526 -28.313997303998033 -10.11778982848656 -22.778208923339847 1.4248579892245206 8.9680289556608379 3.8283375179960739 -2.0524868055145542 4.7571459964072416 18.27710790191378 -1.9921468657869639 -0.54796728677362183 15.816061305999757 -6.5201327133178708 34.385646429928869 10.775201979137604 -1.585241248113203 -1.7350729748364835 -9.4340204087587516 0.81111333056819146 3.9436969972981348 16.454927327897817 -0.55488179007297112 12.007003266064089 21.294862440228464 0.12741461876346061 15.224690392142847 1.0970464409232723 13.390195731229561 0.059267199068574528 7.0038333131252104 1.51396184604796 24.944467219511669 1.8205557083471828 -0.09333389194227211 1.4935716309101703 4.5776172564385984 1.5432878123381368
leaf_weight=120619 29912 189 67013 93898 2071 12508 73 27 89566 1774 9582 3877 165 1009 1633 33 20 37 148 31 195 86 25 4405 166 27 82 26 22 388 787 230 289 35 1529 13077 25 20 22 21 3147 1317 234 1057 180 36 706 67 32 12694 38 8329 86 5074 148 391 30 5482 3942 1022 1064 3176
leaf_count=120619 29912 189 67013 93898 2071 12508 73 27 89566 1774 9582 3877 165 1009 1633 33 20 37 148 31 195 86 25 4405 166 27 82 26 22 388 787 230 289 35 1529 13077 25 20 22 21 3147 1317 234 1057 180 36 706 67 32 12694 38 8329 86 5074 148 391 30 5482 3942 1022 1064 3176
internal_value=0.00125839 0.222007 -0.122096 0.0033989 0.197165 0.665743 1.48443 1.09203 0.123265 -0.00406955 -0.656092 -1.40147 -1.69852 -2.37393 -2.21856 -2.59867 -16.8233 -0.323811 -1.73183 -1.02912 -9.44385 0.749656 5.84744 0.482743 -5.71778 -10.6582 -14.6251 -0.285106 -11.6851 4.48505 5.52553 0.450201 0.703232 7.52926 -0.504349 0.0492382 -1.53939 5.88886 16.2235 22.855 -2.47958 -3.36353 -4.51227 -0.846344 0.673839 2.70916 2.25683 0.533923 6.40577 0.588562 0.997819 0.884612 6.99783 0.845611 1.29402 4.17726 10.0275 1.19407 1.13142 1.97816 3.06664 0.636915
internal_weight=503894 180634 323260 199276 105378 25288 12780 11302 152156 112357 22791 13209 11435 7558 7393 6384 53 123984 3317 3040 277 28478 257 39799 306 140 109 120667 48 1478 1175 303 28221 121 2734 80090 82 45 68 43 6331 3184 1867 2586 28100 1130 1094 773 321 26970 14276 14010 266 13972 8898 569 178 9887 11275 4157 2086 7118
internal_count=503894 180634 323260 199276 105378 25288 12780 11302 152156 112357 22791 13209 11435 7558 7393 6384 53 123984 3317 3040 277 28478 257 39799 306 140 109 120667 48 1478 1175 303 28221 121 2734 80090 82 45 68 43 6331 3184 1867 2586 28100 1130 1094 773 321 26970 14276 14010 266 13972 8898 569 178 9887 11275 4157 2086 7118
cat_boundaries=0 1 2 3 4
cat_threshold=78 68 32 17
is_linear=0
shrinkage=0.05


Tree=116
num_leaves=63
num_cat=5
split_feature=7 4 0 19 20 20 19 18 13 20 20 10 10 15 18 10 7 7 16 17 17 4 12 4 21 14 4 19 10 0 7 4 13 20 7 15 15 20 17 20 15 14 20 10 7 0 17 20 13 20 14 0 20 4 8 20 14 16 17 0 20 19
split_gain=4.99448e+06 2.97237e+06 4.29356e+06 4.1638e+06 3.03529e+06 2.80553e+06 4.55064e+06 2.58806e+06 2.35676e+06 3.20512e+06 4.65877e+06 2.60638e+06 4.95993e+06 2.86937e+06 2.91952e+06 2.8689e+06 3.15337e+06 3.13907e+06 3.18196e+06 2.67718e+06 2.4357e+06 2.37781e+06 3.41669e+06 4.42881e+06 2.22348e+06 2.19867e+06 2.11485e+06 2.9523e+06 1.91354e+06 4.403e+06 4.23399e+06 2.84255e+06 2.47377e+06 2.36792e+06 2.25087e+06 2.21149e+06 2.18555e+06 2.41337e+06 2.34346e+06 1.94414e+06 1.89091e+06 1.87053e+06 2.935e+06 2.20052e+06 1.83081e+06 2.33502e+06 3.30054e+06 1.97198e+06 1.80849e+06 2.48121e+06 1.73102e+06 1.69187e+06 2.33039e+06 1.60743e+06 1.5988e+06 1.57063e+06 2.02233e+06 3.67211e+06 1.53721e+06 4.95735e+06 2.02477e+06 1.86795e+06
threshold=2006.5000000000002 461.02500000000003 0 467.4206666666667 1250.7979724006766 4000.0000000000009 728.53850000000011 76.533571428571449 324.50000000000006 3749.3432519861094 4092.4176710918609 3.5000000000000004 5.5000000000000009 21.950000000000003 3677.5071428571423 2.5000000000000004 2011.5000000000002 2009.5000000000002 1.0000000180025095e-35 1217.7850000000001 8.9050000000000029 96.015000000000015 11.500000000000002 145.60500000000005 70.500000000000014 26.950000000000003 119.62000000000002 1972.1975000000002 1.0000000180025095e-35 1 2011.5000000000002 408.02000000000004 288.50000000000006 2157.8606920305015 2011.5000000000002 19.050000000000004 21.250000000000004 1938.4057367223229 399.31500000000005 5846.5037224942653 19.850000000000005 31.850000000000005 2867.2189680627957 4.5000000000000009 2018.5000000000002 2 6.0050000000000008 5846.5037224942653 144.50000000000003 3900.6392308260497 28.650000000000002 3 5846.5037224942653 325.96500000000009 8.5000000000000018 1900.0009152684763 28.550000000000004 1.0000000180025095e-35 213.215 4 4633.3644804982769 1240.1503333333337
decision_type=2 2 9 2 2 2 2 2 2 2 2 2 2 2 2 2 2 2 2 2 2 2 2 2 2 2 2 2 2 9 2 2 2 2 2 2 2 2 2 2 2 2 2 2 2 9 2 2 2 2 2 9 2 2 2 2 2 2 2 9 2 2
left_child=5 2 3 24 -5 -1 -7 -6 11 -10 -11 15 41 19 -15 20 17 21 -19 26 -9 -17 -23 -24 -2 -12 27 -14 30 34 31 36 39 -34 53 -35 37 -22 -38 -31 -29 42 -13 50 48 46 55 -48 49 -4 54 -50 -53 -30 -44 56 -46 -58 59 -3 -60 -62
right_child=1 58 44 4 7 6 -8 8 9 10 25 12 13 14 -16 16 -18 18 -20 -21 28 22 23 -25 -26 -27 -28 40 29 32 -32 -33 33 35 -36 -37 38 -39 -40 -41 -42 -43 43 -45 45 -47 47 -49 51 -51 -52 52 -54 -55 -56 -57 57 -59 60 -61 61 -63
leaf_value=-0.28281488926846315 0.37429337117801403 1.4655003285012536 -0.1934275647705867 0.47046516576765618 -6.2994644450240358 -2.0825325021872652 -25.74780126980373 -8.5356884112163467 3.853619029883975 33.088333793481191 17.671813030900626 -1.1250039814804731 5.6841997450820401 0.87191686222398723 -13.877588524137224 13.028785672741277 2.914354889250772 5.6830859007154197 24.48604468693809 1.6938776263689861 8.8113626900841222 14.969242919374395 -25.484558176994327 4.1675759311820215 14.470961775311403 -0.71566252321810342 2.8013093585873907 10.744995017278763 -20.419376878738404 2.2049475206465199 0.77011841758026334 27.902505894682623 2.2960563943303867 9.7575359396818229 0.021028896088295796 30.037651076316834 20.883895218849183 -12.746931850342524 6.7111118733031407 -13.217658810388475 24.186701516101238 1.4072057097000474 -5.7606270032900353 -13.636872368147881 4.2427789133245302 0.17827096857891989 1.1076134065403531 8.4662266391388918 0.38623906353908266 1.3166641924416027 -11.196480592199274 0.0060134615016651334 -11.015838467081387 -3.3364747229076572 11.446150875974585 4.0202833771705633 30.024925193786625 5.8546955079743359 -0.1596677068178074 -0.40155793770244541 -0.99726793640620126 1.375859914090841
leaf_weight=113698 29131 6309 66059 3667 86 74 28 49 433 24 29 475 295 810 35 70 258 35 63 665 34 27 20 34 28 37 285 84 40 758 211 22 58 41 47 20 50 21 70 21 38 324 27 99 55 5577 2895 94 56625 2837 37 54653 48 21 27 207 30 33 143000 8124 1054 3888
leaf_count=113698 29131 6309 66059 3667 86 74 28 49 433 24 29 475 295 810 35 70 258 35 63 665 34 27 20 34 28 37 285 84 40 758 211 22 58 41 47 20 50 21 70 21 38 324 27 99 55 5577 2895 94 56625 2837 37 54653 48 21 27 207 30 33 143000 8124 1054 3888
internal_value=0.0011959 0.086218 0.202764 0.683215 1.59567 -0.290251 -8.57888 2.30953 2.43956 5.63813 14.2236 2.11605 1.23543 2.55147 0.260991 3.54696 6.78821 10.8021 17.7707 3.96731 2.42371 6.27941 0.446617 -6.8147 0.38783 7.36368 6.12092 8.38972 2.80349 1.63212 5.69172 10.9631 2.78388 9.52927 -7.50723 16.4068 8.83356 0.580014 12.6164 1.78919 14.9318 -1.70804 -3.22585 -8.47795 0.104642 0.805069 1.85375 1.33903 0.0700929 -0.131245 -2.8655 0.194694 -0.00365752 -14.5384 2.84276 6.64463 11.2484 17.3643 -0.0772289 0.415314 -0.125281 0.869733
internal_weight=503894 390094 227719 38606 9447 113800 102 5780 5694 523 90 5171 3201 2212 845 1970 507 249 98 1367 1463 151 81 54 29159 66 702 417 1414 1006 408 197 898 119 108 61 175 55 120 779 122 989 665 190 189113 8891 3314 2989 180222 68896 91 111326 54701 61 54 325 118 63 162375 14433 147942 4942
internal_count=503894 390094 227719 38606 9447 113800 102 5780 5694 523 90 5171 3201 2212 845 1970 507 249 98 1367 1463 151 81 54 29159 66 702 417 1414 1006 408 197 898 119 108 61 175 55 120 779 122 989 665 190 189113 8891 3314 2989 180222 68896 91 111326 54701 61 54 325 118 63 162375 14433 147942 4942
cat_boundaries=0 1 2 4 6 7
cat_threshold=1082875904 16384 306188552 1 807410574 1 268543496
is_linear=0
shrinkage=0.05


Tree=117
num_leaves=63
num_cat=6
split_feature=1 7 17 18 13 11 4 7 21 1 4 18 20 20 13 1 8 6 20 17 4 1 17 19 4 19 18 20 7 21 4 20 18 20 17 19 2 6 4 18 19 6 9 18 9 17 12 20 13 4 15 8 18 17 20 4 4 16 20 1 20 7
split_gain=4.79824e+06 3.37571e+06 3.33772e+06 3.03974e+06 2.8919e+06 2.51315e+06 3.91458e+06 2.43498e+06 2.27614e+06 2.19718e+06 2.13043e+06 2.09012e+06 2.04905e+06 1.88051e+06 2.1297e+06 2.47835e+06 1.86531e+06 2.35074e+06 3.01651e+06 1.91068e+06 2.32437e+06 1.70027e+06 1.70007e+06 2.77649e+06 2.06202e+06 2.05266e+06 1.62075e+06 2.99134e+06 1.54647e+06 3.36459e+06 2.559e+06 4.24495e+06 3.63381e+06 2.76414e+06 1.8651e+06 3.62564e+06 3.14769e+06 2.88443e+06 2.87886e+06 5.8434e+06 2.90341e+06 5.06424e+06 2.29522e+06 2.48405e+06 2.13647e+06 2.99389e+06 2.05147e+06 1.90563e+06 1.82285e+06 2.4833e+06 2.09778e+06 1.78362e+06 1.66165e+06 1.4968e+06 1.49208e+06 1.49067e+06 4.30008e+06 1.45863e+06 1.45651e+06 2.81402e+06 6.91864e+06 5.24425e+06
threshold=0 2017.5000000000002 24.865000000000006 66.272857142861312 92.500000000000014 1.0000000180025095e-35 113.27000000000002 2008.5000000000002 8.5000000000000018 1 400.01000000000005 215.8614285714286 5846.5037224942653 2186.955134142715 8.5000000000000018 2 4.5000000000000009 6.5000000000000009 4792.6836324509404 13.505000000000003 82.840000000000018 3 99.325000000000003 93.083833333333331 4.5050000000000008 416.29816666666676 2933.3657142857169 2253.2515689623401 2015.5000000000002 1.5000000000000002 2.4750000000000005 2743.3444444444444 1.4885714285714939 4633.3644804982769 0.50500000000000012 5.2833333333333492 4 12.500000000000002 0.90500000000000014 1.4885714285714939 9.0916666666666597 8.5000000000000018 7.5000000000000009 8.9914285714285764 20.500000000000004 3.5050000000000003 37.500000000000007 3676.7253487126823 116.50000000000001 4.0050000000000008 19.450000000000003 8.5000000000000018 7.1335714285714298 4.9900000000000011 994.42657769353184 90.715000000000018 138.61000000000004 8.1500000000000004 1628.8940523670856 5 3161.1678463094036 2009.5000000000002
decision_type=1 2 2 2 2 2 2 2 2 1 2 2 2 2 2 1 2 2 2 2 2 1 2 2 2 2 2 2 2 2 2 2 2 2 2 2 1 2 2 2 2 2 2 2 2 2 2 2 2 2 2 2 2 2 2 2 2 2 2 1 2 2
left_child=1 2 3 28 13 -4 11 -6 -3 16 21 -7 -13 -2 15 -15 -5 18 19 20 -18 -9 23 -16 -24 -26 54 -28 -1 34 31 57 -33 52 -30 36 46 48 39 51 41 -41 43 -42 -44 -46 -36 -39 -38 -50 -51 -37 -34 -48 -19 -40 -57 -31 -8 -60 61 -61
right_child=4 8 5 9 7 6 58 10 -10 -11 -12 12 -14 14 22 -17 17 26 -20 -21 -22 -23 24 -25 25 -27 27 -29 29 30 -32 32 33 -35 35 38 37 47 55 40 42 -43 44 -45 45 -47 53 -49 49 50 -52 -53 -54 -55 -56 56 -58 -59 59 60 -62 -63
leaf_value=0.16076919884844076 -0.32782867689013301 0.86159297415593672 0.14784902510118922 0.84423300386864253 -0.24941880202539488 -0.35880079866123854 -0.31962643170283217 0.43656468315913477 16.270606156190237 0.65905686112524053 -0.12743279831794627 1.04162469920333 14.145180390675861 4.2678855951461534 -2.2557568821069487 -3.2351268591483433 7.4093539411486944 12.282419162047537 -11.372055551617645 -1.1048987333380407 1.3894557541167296 0.0056788214900742795 -14.892566764831543 -7.8791935207126862 1.6358037920620072 -3.2216498898515287 22.23099091715283 1.0420977719368474 -0.84630959434270747 -1.8139046724061019 0.28176897287050479 0.85931134098454531 -27.365983680802948 -1.639890666235061 -0.5478997426685881 -1.7095839921165916 3.300248233264401 28.107015365978768 0.46837796346089189 0.42882919207680975 4.9592765933275231 32.700139697905506 -0.71593648592631032 29.879414251146667 3.1817810397508537 25.530974790324336 3.5164254692622592 9.2697699799537663 4.0877835326724581 10.178054451942444 26.554337923454518 -19.023409761701313 -10.555445171537855 19.936227839926016 3.9685296233078464 23.007450683028608 -5.2115239180900437 12.099765831773931 -0.34070722728506286 -7.4756975300755499 -7.0805096412639204 -0.90355946112869345
leaf_weight=20795 79088 16725 100964 1180 81638 4331 10158 50715 24 3634 67474 5397 30 278 944 170 255 57 43 310 432 41740 25 286 536 366 36 31 511 131 632 38 49 21 219 51 168 29 1822 20 20 31 96 20 43 23 35 25 72 48 33 21 21 23 1014 27 27 22 5432 325 587 4596
leaf_count=20795 79088 16725 100964 1180 81638 4331 10158 50715 24 3634 67474 5397 30 278 944 170 255 57 43 310 432 41740 25 286 536 366 36 31 511 131 632 38 49 21 219 51 168 29 1822 20 20 31 96 20 43 23 35 25 72 48 33 21 21 23 1014 27 27 22 5432 325 587 4596
internal_value=0.00113772 0.207535 0.138446 0.595956 -0.114198 0.0271579 -0.367756 -0.0272331 0.883673 1.51784 0.0861847 0.460344 1.11406 -0.371366 -1.69317 1.44381 2.43798 3.31264 1.59434 2.15357 3.62392 0.242084 -2.34471 -3.56332 -0.727775 -0.335181 4.88296 12.4272 0.338875 1.20463 -1.48548 -5.44613 -12.127 -17.5498 1.93554 2.43379 5.70869 8.69453 1.46367 5.80823 9.3848 20.0447 6.69343 17.4193 4.04506 10.9701 1.66649 19.3861 6.89596 10.8442 16.8499 -6.75945 -22.3228 10.0277 4.41101 0.711021 8.89796 0.186754 -0.750759 -1.15107 -1.94611 -1.33761
internal_weight=503894 180634 163885 32065 323260 131820 30856 241567 16749 6992 159929 9758 5427 81693 2605 448 3358 2178 1040 997 687 92455 2157 1230 927 902 1138 67 25073 4278 914 282 129 91 3364 2853 652 375 2201 325 253 51 202 40 162 66 277 54 321 153 81 72 70 58 1071 1876 54 153 21098 10940 5508 4921
internal_count=503894 180634 163885 32065 323260 131820 30856 241567 16749 6992 159929 9758 5427 81693 2605 448 3358 2178 1040 997 687 92455 2157 1230 927 902 1138 67 25073 4278 914 282 129 91 3364 2853 652 375 2201 325 253 51 202 40 162 66 277 54 321 153 81 72 70 58 1071 1876 54 153 21098 10940 5508 4921
cat_boundaries=0 1 2 3 4 5 6
cat_threshold=177 17 4 68 1 33
is_linear=0
shrinkage=0.05


Tree=118
num_leaves=63
num_cat=16
split_feature=1 0 10 0 10 0 7 7 3 12 7 1 20 18 7 14 14 12 3 3 20 0 0 20 6 10 3 0 20 7 20 21 3 3 20 0 18 4 0 18 19 6 12 10 10 0 4 3 15 9 7 0 10 1 0 7 12 7 14 0 1 9
split_gain=4.37208e+06 2.96669e+06 3.20659e+06 7.25243e+06 6.91856e+06 2.68136e+07 5.69728e+06 1.08228e+07 4.92897e+06 4.69949e+06 4.08024e+06 2.98436e+06 4.03792e+06 2.66087e+06 2.65188e+06 4.903e+06 3.63179e+06 2.86161e+06 2.6073e+06 2.60019e+06 5.38325e+06 2.59551e+06 2.59016e+06 2.54823e+06 3.86912e+06 2.52794e+06 2.45216e+06 4.84488e+06 3.52086e+06 3.17737e+06 8.23685e+06 2.71872e+06 2.31937e+06 2.29312e+06 2.23926e+06 2.22161e+06 4.05645e+06 2.17381e+06 2.47151e+06 3.72104e+06 3.29034e+06 7.1853e+06 1.26222e+07 2.42947e+06 3.82327e+06 6.27265e+06 4.29589e+06 4.16562e+06 1.20024e+07 4.9033e+06 4.65097e+06 3.88762e+06 3.28918e+06 7.14327e+06 6.78736e+06 7.69502e+06 3.2963e+06 3.07018e+06 5.15324e+06 3.00586e+06 2.69953e+06 3.61739e+06
threshold=0 1 5.5000000000000009 2 4.5000000000000009 3 2015.5000000000002 2012.5000000000002 3600.0489955903977 11.500000000000002 2011.5000000000002 4 1600.0190615835779 12.460000000000004 2013.5000000000002 28.950000000000003 28.150000000000002 7.5000000000000009 3063.3519712210964 3267.977079231146 3271.8972491814698 5 6 3271.8972491814698 9.5000000000000018 1.0000000180025095e-35 1015.0340377052252 7 865.65584319944412 2006.5000000000002 4000.0000000000009 118.00000000000001 850.00084175084191 1939.9037800101239 4990.3547654076292 8 2.857142857142859 0.70500000000000018 9 1.4885714285714939 9.0916666666666597 8.5000000000000018 22.500000000000004 3.5000000000000004 5.5000000000000009 10 2382.1550000000002 4260.878826384117 17.850000000000005 23.500000000000004 2012.5000000000002 11 4.5000000000000009 12 13 2017.5000000000002 48.500000000000007 2016.5000000000002 26.550000000000004 14 15 13.500000000000002
decision_type=1 9 2 9 2 9 2 2 2 2 2 1 2 2 2 2 2 2 2 2 2 9 9 2 2 2 2 9 2 2 2 2 2 2 2 9 2 2 9 2 2 2 2 2 2 9 2 2 2 2 2 9 2 1 9 2 2 2 2 9 1 2
left_child=21 2 4 18 13 6 7 9 14 10 -6 12 -7 23 15 -9 -16 -18 -4 20 -15 -1 -13 -2 -25 -22 27 32 -28 30 -30 37 -23 -11 -3 36 -26 38 -31 -40 41 -41 -43 -39 45 46 47 50 49 -49 51 -45 -47 -54 55 56 -55 -50 -59 -46 61 -48
right_child=1 34 3 -5 5 11 -8 8 -10 33 -12 22 -14 19 16 -17 17 -19 -20 -21 25 26 -24 24 35 -27 28 -29 29 31 -32 -33 -34 -35 -36 -37 -38 43 39 40 -42 42 -44 44 59 52 60 48 57 -51 -52 -53 53 54 -56 -57 -58 58 -60 -61 -62 -63
leaf_value=-0.16646977283032083 0.73577593758575066 -0.16400332779622528 -3.2784360422141909 -0.19009858092451293 33.830922736292301 -1.1119894625305369 4.8577565270306327 35.727570789265187 -6.9563668894767758 3.9047738025849217 4.0482169441554863 -1.3682824291457476 -12.242524319820935 -0.086632653508502605 8.5896343297297406 12.193779932825189 35.248603541510448 17.577195144619143 -9.6127425816241683 1.9469542043211758 -10.566328520517303 14.148932470511213 1.1449890392637219 0.28069172349342936 -6.2884030896926602 -2.2120830015446011 8.7399241602063196 0.64420530132784581 -0.20638909311271411 -0.44007422827721404 -25.209371416496509 18.476983183906192 5.0356066592037685 -8.2766463576505593 -10.853621524207448 -1.8957384031592754 -24.78492665988643 0.65132224471355116 0.073637107024162388 2.335579038023949 3.6486577209991191 46.031611283620201 5.1243848391300579 -8.6621761990791306 3.4111967520256608 1.0165706706542574 -11.269828104877853 6.6060268795490265 -8.3994445069126993 33.752926508585617 1.1212280847904057 -1.3973282363076183 0.49868841115900486 -12.845052987300065 -1.1101132633592341 7.3815903042990065 3.2239902087620331 20.088611115018526 -3.9716840264843962 0.57725194183462081 -1.0638943230923343 -3.6726731035206246
leaf_weight=27086 18094 280103 1087 9371 23 861 653 53 20 198 23 1183 90 61141 101 38 28 126 191 1556 173 86 7379 650 107 190 125 1290 17980 732 33 21 371 48 49 161 41 45723 627 100 808 33 44 199 1104 7047 251 80 515 21 2336 1680 3497 362 839 63 35 24 306 5939 382 417
leaf_count=27086 18094 280103 1087 9371 23 861 653 53 20 198 23 1183 90 61141 101 38 28 126 191 1556 173 86 7379 650 107 190 125 1290 17980 732 33 21 371 48 49 161 41 45723 627 100 808 33 44 199 1104 7047 251 80 515 21 2336 1680 3497 362 839 63 35 24 306 5939 382 417
internal_value=0.00108261 -0.0813319 0.14729 -0.674524 0.241472 1.42969 8.10465 11.45 17.1777 4.27084 18.9396 0.500757 -2.14282 0.0848434 18.5727 25.9003 15.9578 20.7902 -4.19231 -0.0716083 -0.122676 0.264272 0.796543 0.602654 -1.90903 -6.19358 0.389634 2.24527 0.354179 0.342685 -0.252195 0.489102 6.60603 1.52791 -0.165867 -6.51525 -10.6901 0.483939 1.98201 3.06557 5.00121 11.1756 22.6561 0.434356 0.0390766 -0.346374 -1.63183 -1.04133 -4.03978 12.2504 -0.368373 -2.22027 0.328875 -0.680904 -3.8308 -8.66389 -11.4284 -5.98689 -2.22184 1.02714 -4.54979 -6.43102
internal_weight=503894 383738 103586 10649 92937 10824 1311 658 366 292 46 9513 951 82113 346 91 255 154 1278 63060 61504 120156 8562 19053 959 363 93070 1747 91323 91198 18013 73185 457 246 280152 309 148 73164 2344 1612 985 177 77 70820 25097 18054 6211 5161 946 101 4215 1879 11843 4796 1299 460 397 845 330 7043 1050 668
internal_count=503894 383738 103586 10649 92937 10824 1311 658 366 292 46 9513 951 82113 346 91 255 154 1278 63060 61504 120156 8562 19053 959 363 93070 1747 91323 91198 18013 73185 457 246 280152 309 148 73164 2344 1612 985 177 77 70820 25097 18054 6211 5161 946 101 4215 1879 11843 4796 1299 460 397 845 330 7043 1050 668
cat_boundaries=0 1 3 4 5 6 8 9 10 11 12 13 14 15 16 17 18
cat_threshold=49 543840396 1 18432 18432 2 3771727888 1 538968196 268509192 536891392 268698184 402677770 16384 33 65536 134225928 16
is_linear=0
shrinkage=0.05


Tree=119
num_leaves=63
num_cat=12
split_feature=7 1 20 0 3 1 0 10 15 20 14 6 7 17 4 12 4 20 3 12 16 3 13 6 0 10 10 0 0 7 13 7 7 3 1 20 0 1 17 3 13 4 0 7 17 20 20 6 3 14 3 13 17 6 13 3 7 20 3 16 0 3
split_gain=4.22093e+06 3.71687e+06 5.05198e+06 2.37192e+06 5.80048e+06 1.23091e+07 4.22719e+06 5.98096e+06 5.35634e+06 6.54471e+06 4.93088e+06 3.86976e+06 3.42794e+06 4.3228e+06 4.66803e+06 3.19346e+06 2.67288e+06 2.5732e+06 3.82333e+06 3.07552e+06 2.46451e+06 2.37127e+06 2.22503e+06 2.19232e+06 2.1404e+06 3.49927e+06 5.71052e+06 2.01269e+07 5.35169e+06 5.17218e+06 4.98208e+06 3.72577e+06 4.93029e+06 4.95127e+06 3.37852e+06 3.49725e+06 3.49379e+06 2.62509e+06 3.28188e+06 2.55516e+06 2.89527e+06 2.44732e+06 3.94431e+06 4.2533e+06 3.71414e+06 3.55613e+06 3.19395e+06 2.99537e+06 2.85579e+06 2.48337e+06 2.22155e+06 2.21642e+06 2.10838e+06 2.07919e+06 8.09935e+06 2.02919e+06 2.02331e+06 3.54863e+06 3.53518e+06 2.94921e+06 2.45155e+06 4.05734e+06
threshold=2008.5000000000002 0 1208.8312622451135 1 2667.2795652755995 2 3 1.0000000180025095e-35 21.750000000000004 3900.6392308260497 33.750000000000007 7.5000000000000009 2011.5000000000002 345.02000000000004 62.805000000000007 28.500000000000004 0.70500000000000018 2225.6247237495331 3104.7188819842099 38.500000000000007 2.9500000000000006 2187.5862658914652 252.50000000000003 19.500000000000004 4 5.5000000000000009 4.5000000000000009 5 6 2017.5000000000002 40.500000000000007 2012.5000000000002 2014.5000000000002 2980.9585434173673 7 1600.0190615835779 8 9 20.005000000000006 1671.4551326991498 130.50000000000003 14.405000000000003 10 2016.5000000000002 6.0050000000000008 2549.1546543786994 3271.8972491814698 9.5000000000000018 3008.6330320794664 31.550000000000004 2476.7546290360606 78.500000000000014 9.9950000000000028 14.500000000000002 68.500000000000014 1115.5176803951003 2017.5000000000002 2157.8606920305015 1975.0048430840764 3.7500000000000004 11 2439.0652173913049
decision_type=2 1 2 9 2 1 9 2 2 2 2 2 2 2 2 2 2 2 2 2 2 2 2 2 9 2 2 9 9 2 2 2 2 2 1 2 9 1 2 2 2 2 9 2 2 2 2 2 2 2 2 2 2 2 2 2 2 2 2 2 9 2
left_child=-1 2 -2 4 5 6 -4 10 23 12 15 -11 13 -10 -15 -8 53 18 -6 -20 -16 -17 -14 -9 25 26 41 29 50 30 -28 51 33 39 35 -29 -36 38 -30 -33 -41 46 43 -43 45 -44 -3 -48 -46 -49 -27 -32 -52 -5 -55 -18 -57 59 -59 -58 61 -60
right_child=1 24 3 16 17 -7 7 8 9 11 -12 -13 22 14 20 21 55 -19 19 -21 -22 -23 -24 -25 -26 28 27 34 37 -31 31 32 -34 -35 36 -37 -38 -39 -40 40 -42 42 44 -45 48 -47 47 49 -50 -51 52 -53 -54 54 -56 56 57 58 60 -61 -62 -63
leaf_value=-0.20251943118855253 10.250172438438122 1.0286291755951571 0.6985219973594623 1.4816499031040438 19.756614785316664 -0.76983273090847903 3.9971615214096872 12.396239631250502 3.5288549969362659 -17.231030216923468 34.383244876428087 2.0729399423599246 0.5424352720560669 37.078164379413316 2.8523216641124556 31.899395897296756 12.241196947778974 0.41659838066786348 -0.38276824225550116 12.269354432912975 23.301932929112361 12.083285650279787 18.010456652641295 -3.5857217788696292 -0.061018160748696607 -2.0787598090994797 22.378941272217553 -1.2811967458441167 8.0124728560714988 1.6276515340330591 17.119562596541183 39.114952928369696 8.0577504745295219 0.69033814134268923 -2.2695098499903916 -11.945804649794646 1.7993841717292651 -0.41256942640946082 0.16518009559355473 4.7467200507288396 25.057222017243106 -1.4734751014454852 -1.032469279925802 -17.658053217361225 0.027646859851713137 -6.9055542257960667 -0.057351798604739018 -4.5209000530277397 2.497596346431521 -19.057069418647071 -21.244575909592889 1.4564732379691545 -5.4115168868867976 36.129253260294597 3.7141393593361238 0.082673003740116713 5.0008186413530717 19.924709947903953 3.4924465135003402 22.620209471384683 1.0290130030909803 -3.1554455231977245
leaf_weight=169191 130 11794 256 1426 39 1040 57 320 86 54 33 50 206 26 34 26 35 11832 184 65 26 36 20 23 204790 1090 81 608 223 201 26 22 299 29 618 88 3354 3466 331 23 74 103 1002 67 23361 347 634 268 1232 33 22 172 475 21 234 54401 114 24 311 30 7855 876
leaf_count=169191 130 11794 256 1426 39 1040 57 320 86 54 33 50 206 26 34 26 35 11832 184 65 26 36 20 23 204790 1090 81 608 223 201 26 22 299 29 618 88 3354 3466 331 23 74 103 1002 67 23361 347 634 268 1232 33 22 172 475 21 234 54401 114 24 311 30 7855 876
internal_value=0.00101854 0.103906 0.401503 0.385498 0.965882 3.27263 6.58152 8.07017 6.50863 3.21806 17.282 -7.95028 6.13642 11.4555 19.3821 12.5397 0.257261 0.530262 5.19995 2.91999 11.7138 20.3933 2.08828 11.3246 0.0106168 0.303721 0.452301 1.94573 -0.873254 8.63255 10.6908 9.22302 11.7522 19.2159 0.59805 -2.59235 1.1622 0.101083 3.26499 23.7306 20.2413 0.237174 -0.0399327 -7.41588 0.0112568 -2.54319 0.805625 -2.00732 0.15138 -6.11457 -3.32104 3.51324 -6.11238 2.22526 6.38362 0.205323 0.198701 0.884046 0.760353 8.67153 0.709485 -1.40185
internal_weight=503894 334703 79870 79740 14413 2293 1253 997 845 502 152 104 398 172 86 119 65327 12120 288 249 60 62 226 343 254833 50043 44436 5595 5607 927 726 645 447 148 4668 696 3972 4020 554 119 97 38841 26112 170 25942 1349 12729 935 24593 301 1587 198 497 1681 255 63646 63611 9210 9066 144 9042 1187
internal_count=503894 334703 79870 79740 14413 2293 1253 997 845 502 152 104 398 172 86 119 65327 12120 288 249 60 62 226 343 254833 50043 44436 5595 5607 927 726 645 447 148 4668 696 3972 4020 554 119 97 38841 26112 170 25942 1349 12729 935 24593 301 1587 198 497 1681 255 63646 63611 9210 9066 144 9042 1187
cat_boundaries=0 1 2 3 4 5 6 7 8 9 10 11 12
cat_threshold=49 27609092 17 16777216 543838220 16384 16392 2 538968068 2 2097152 2285895680
is_linear=0
shrinkage=0.05


Tree=120
num_leaves=63
num_cat=6
split_feature=7 3 0 7 3 18 13 20 3 21 0 10 16 2 9 10 19 13 10 10 20 3 13 0 16 7 20 7 19 20 15 19 7 3 20 19 18 15 13 16 20 19 7 2 13 13 0 18 20 10 18 6 10 12 19 10 16 15 12 19 3 10
split_gain=3.98893e+06 3.05771e+06 2.97374e+06 2.55809e+06 3.32149e+06 2.79835e+06 3.20802e+06 2.98477e+06 2.64289e+06 2.55306e+06 2.333e+06 3.19223e+06 4.25313e+06 5.12489e+06 2.7989e+06 2.23118e+06 4.7462e+06 3.30454e+06 3.01929e+06 4.5508e+06 2.7869e+06 2.4486e+06 2.13182e+06 2.17018e+06 2.04531e+06 1.97784e+06 3.75024e+06 2.42837e+06 2.04574e+06 1.96073e+06 4.04632e+06 6.38584e+06 3.32205e+06 1.94417e+06 1.90713e+06 4.37107e+06 8.59137e+06 3.01338e+06 2.76011e+06 2.58856e+06 3.13647e+06 1.72912e+06 1.70843e+06 1.61868e+06 1.61174e+06 2.03309e+06 2.06156e+06 3.64119e+06 1.60622e+06 2.18437e+06 2.18731e+06 2.68081e+06 1.76328e+06 1.60491e+06 4.15125e+06 1.64616e+06 1.58654e+06 1.64139e+06 1.56656e+06 1.4655e+06 1.43021e+06 1.4289e+06
threshold=2006.5000000000002 4172.1826972747822 0 2016.5000000000002 5833.4745046068419 26.082142857142866 200.50000000000003 4501.1082227991183 4981.5572559041984 20.500000000000004 1 4.5000000000000009 4.0500000000000007 2 18.500000000000004 3.5000000000000004 954.82150000000013 265.50000000000006 5.5000000000000009 4.5000000000000009 5469.7708618331062 4782.7513255980266 88.500000000000014 3 13.250000000000002 2010.5000000000002 4000.0000000000009 2012.5000000000002 131.7348333333334 4269.790630326007 10.450000000000001 9.7371666666666687 2014.5000000000002 5833.4745046068419 3108.6198219573416 71.27233333333335 389.8357142857144 19.050000000000004 277.50000000000006 3.3500000000000001 2200.0358052196057 3.1291666666666673 2011.5000000000002 4 98.500000000000014 88.500000000000014 5 583.38928571428585 4501.1082227991183 1.0000000180025095e-35 38.515714285714296 2.5000000000000004 5.5000000000000009 46.500000000000007 1770.3483333333336 5.5000000000000009 1.4500000000000002 19.950000000000003 34.500000000000007 199.87050000000002 209.07472875297233 1.5000000000000002
decision_type=2 2 9 2 2 2 2 2 2 2 9 2 2 1 2 2 2 2 2 2 2 2 2 9 2 2 2 2 2 2 2 2 2 2 2 2 2 2 2 2 2 2 2 1 2 2 9 2 2 2 2 2 2 2 2 2 2 2 2 2 2 2
left_child=60 22 3 5 10 6 8 56 -3 34 11 59 13 -13 -15 17 18 25 19 -17 24 -21 29 48 -19 -7 27 28 -27 -2 -31 -32 -33 -28 35 -4 -37 -38 39 40 -39 61 44 -20 45 46 47 -36 -24 -50 -51 -52 -53 -18 -55 -56 57 -8 -23 -5 -1 -25
right_child=1 2 9 4 -6 15 7 -9 -10 -11 -12 12 -14 14 -16 16 53 20 43 21 -22 58 23 41 -26 26 33 -29 -30 30 31 32 -34 -35 42 36 37 38 -40 -41 -42 -43 -44 -45 -46 -47 -48 -49 49 50 51 52 -54 54 55 -57 -58 -59 -60 -61 -62 -63
leaf_value=-1.7183223423789089 -0.16956213274028717 -8.0385216529260983 25.414493015289249 9.1155678945618703 -4.2840997911485514 -8.6673088151581439 0.35995853597467597 -9.6579924358997822 -27.64517521953583 17.844053110869037 0.75172578162337234 36.407416580200199 -5.4059476048858084 1.4834700547731841 23.787592302669182 -3.2608242063719666 -0.39928527432219951 -1.5145751693663008 4.92586576018003 -8.894331819027455 -16.65058044433594 -26.520098267531978 -0.0071958610752687257 0.090568496639727589 -17.4186704544794 12.952674811226982 0.27798161388742038 11.583276827791906 -5.8813912868499756 -16.899556777590799 32.329321877161668 7.9596962266498146 -4.9062843379262207 6.166920245132026 29.23575222015381 -20.099302326549186 17.669462146399155 -6.0726808298958677 -13.605861673355102 21.884366143833507 14.403781439363957 0.23328610832236851 0.81536800911502505 -7.0669758319854736 1.4014967340494682 13.331203625599542 1.7565238274301427 6.0266425122908496 -6.8919571578502659 21.325947995980584 18.450161107712322 -5.1209392582928697 9.690856235101819 26.099127309662954 6.2503423095513613 -6.1245153970834689 -3.6371634286183578 16.382355985333842 -10.216699989982274 1.501656902036318 -0.23283584884696698 1.5976851268677443
leaf_weight=1644 92541 55 25 74 266 49 33 81 25 23 2075 25 27 39 22 367 544 541 101 143 35 41 158411 2462 21 21 1669 141 46 21 21 144 77 153 20 33 53 45 20 22 32 113124 9572 39 1130 60 420 109 32 24 27 54 32 21 78 41 52 31 23 433 112517 4354
leaf_count=1644 92541 55 25 74 266 49 33 81 25 23 2075 25 27 39 22 367 544 541 101 143 35 41 158411 2462 21 21 1669 141 46 21 21 144 77 153 20 33 53 45 20 22 32 113124 9572 39 1130 60 420 109 32 24 27 54 32 21 78 41 52 31 23 433 112517 4354
internal_value=0.00573543 0.081793 0.702585 -0.0872946 1.04625 -0.858912 -5.72183 -2.29288 -14.1656 1.20107 1.57237 4.23838 11.9063 17.3415 9.52758 -0.528272 -2.14716 0.31747 -4.99863 -6.60439 -2.96139 -12.5324 0.0502355 0.119391 -2.10886 1.25902 1.49862 7.85915 0.0218235 -0.15731 4.15375 5.98069 3.47698 0.772497 1.16894 5.67633 3.26924 7.75274 3.33604 6.75865 2.43702 0.279863 1.07729 1.585 2.51897 4.59244 3.63738 8.93251 -0.00199819 4.86989 7.61718 4.70558 0.390427 0.829374 5.60359 1.98674 2.84999 8.12081 -20.6611 2.61296 -0.254228 1.0533
internal_weight=504361 390200 18876 7312 2961 4351 277 197 80 11564 2695 620 113 86 61 4074 1398 2676 714 574 597 207 371324 278520 562 2079 2030 208 67 92804 263 242 221 1822 11541 230 205 172 119 99 77 119940 11311 140 1739 609 549 129 158580 169 137 113 86 684 140 119 116 64 64 507 114161 6816
internal_count=504361 390200 18876 7312 2961 4351 277 197 80 11564 2695 620 113 86 61 4074 1398 2676 714 574 597 207 371324 278520 562 2079 2030 208 67 92804 263 242 221 1822 11541 230 205 172 119 99 77 119940 11311 140 1739 609 549 129 158580 169 137 113 86 684 140 119 116 64 64 507 114161 6816
cat_boundaries=0 1 2 3 4 5 6
cat_threshold=940893190 24576 1 3541081056 1 1090519296
is_linear=0
shrinkage=0.05


Tree=121
num_leaves=63
num_cat=13
split_feature=1 2 17 0 18 20 0 3 0 1 4 1 4 4 11 0 4 1 3 17 0 20 1 17 6 19 0 1 4 17 20 6 3 20 18 20 3 17 18 20 13 13 4 4 18 20 3 14 20 13 20 20 19 19 20 4 13 3 18 3 3 4
split_gain=4.43877e+06 2.86435e+06 2.60445e+06 4.33224e+06 2.98709e+06 2.77967e+06 2.56775e+06 2.85341e+06 2.4501e+06 3.31731e+06 2.44632e+06 2.18616e+06 2.19428e+06 2.03564e+06 3.53997e+06 4.06441e+06 7.41554e+06 1.33281e+07 5.7084e+06 2.21283e+06 2.03208e+06 2.02833e+06 2.76337e+06 2.52909e+06 1.91349e+06 1.90734e+06 1.86629e+06 3.68815e+06 5.26154e+06 6.70666e+06 5.27586e+06 6.44866e+06 4.5023e+06 1.06421e+07 4.09002e+06 3.28715e+06 2.99861e+06 2.75658e+06 2.62493e+06 2.42007e+06 2.00955e+06 7.38406e+06 1.93626e+06 2.41857e+06 3.10075e+06 2.6562e+06 4.62138e+06 4.00461e+06 2.32812e+06 2.66473e+06 2.07523e+06 1.90328e+06 1.81205e+06 1.76524e+06 3.72017e+06 3.56433e+06 2.55322e+06 2.03109e+06 1.76424e+06 1.87182e+06 2.02635e+06 1.78656e+06
threshold=0 1 132.52500000000003 2 188.14571428571367 5846.5037224942653 3 3063.3519712210964 4 5 58.515000000000008 6 223.11000000000004 52.010000000000012 1.0000000180025095e-35 7 265.80500000000006 8 1380.2919187605287 424.80500000000006 9 1514.6212274269185 10 25.805000000000003 1.5000000000000002 622.81283333333351 11 12 1526.5700000000004 4709.4500000000007 4792.6836324509404 6.5000000000000009 3675.9158203319507 4000.0000000000009 1713.3714285714289 1578.4560009048018 1577.7277639242122 1021.3250000000002 2646.1471428571435 2818.4868421052638 316.50000000000006 330.50000000000006 135.31000000000003 260.02000000000004 171.49285714285719 3900.6392308260497 4628.4457362818657 29.150000000000002 2867.2189680627957 40.500000000000007 3415.5617713651791 3749.3432519861094 45.288000000000011 3128.5466666666666 2225.6247237495331 1090.1000000000001 60.500000000000007 3828.1534090909095 2832.1214285714291 3750.0000000000009 4500.0473101299594 1572.1400000000001
decision_type=1 1 2 9 2 2 9 2 9 1 2 1 2 2 2 9 2 1 2 2 9 2 1 2 2 2 9 1 2 2 2 2 2 2 2 2 2 2 2 2 2 2 2 2 2 2 2 2 2 2 2 2 2 2 2 2 2 2 2 2 2 2
left_child=2 8 3 4 -1 11 13 -8 -2 20 52 -6 21 -4 26 16 25 -18 -19 -20 -10 22 -13 -24 -12 -16 27 28 29 30 34 -32 33 39 35 -15 37 -37 -36 -30 -34 -42 50 48 -45 51 47 -47 -44 -50 -38 -46 -9 54 -21 -55 -57 -56 -14 61 -61 -60
right_child=1 -3 6 -5 5 -7 7 10 9 -11 24 12 58 14 15 -17 17 18 19 53 -22 -23 23 -25 -26 -27 -28 -29 32 -31 31 -33 40 -35 38 36 42 -39 -40 -41 41 -43 43 44 45 46 -48 -49 49 -51 -52 -53 -54 55 57 56 -58 -59 59 60 -62 -63
leaf_value=0.70028114669880226 -0.12890610905279212 -0.23232811553177571 1.1037921459106288 0.20526317078095013 -0.713110327105551 -10.124453369430874 -0.19086836452606717 14.630853890875976 2.7383662874170489 -0.11425749792471283 -7.1464489224223575 2.967571962468643 1.4331016529474603 5.6080629740800134 -1.0314909885117018 0.092413534659859062 0.14138324002678571 -1.726772928268214 -2.4052155328922953 -6.6719909666060504 0.54712099415635695 3.0109507352910376 21.31321460913729 8.4398409613049949 -2.1183158985792097 1.8950298485285455 0.18792664262832431 0.37728390958663427 3.4309738112050434 -25.05025127331416 1.5340485616163775 -31.761569217535168 2.9210020339525737 44.517780979474388 21.555455584858741 3.2255813126814994 -0.41277083181867413 19.999777609651741 2.6429085463285449 18.073482544081553 37.756830387115478 2.1013700854103519 20.521990218162539 -19.057813556989036 -1.4474978109454217 30.239455787340802 -9.2822326816152785 5.3102759531566077 16.082457093036535 0.86793578916125824 -15.144275199042426 -15.023999249493635 0.56679122659587822 3.3822921247892483 -16.184983944017954 -19.996063018489529 -6.2101617590739178 -7.2214199024639774 16.2554114244201 -4.3763196234093158 11.110106774738858 5.3700150948513601
leaf_weight=12688 72887 187264 5710 47504 569 46 23934 24 1083 27754 208 225 2878 381 884 11524 2222 750 221 531 34670 982 54 130 2095 1504 54421 7420 86 24 33 26 446 24 43 95 51 33 32 42 20 53 20 24 588 24 32 49 33 225 45 27 501 93 218 37 364 89 44 86 28 263
leaf_count=12688 72887 187264 5710 47504 569 46 23934 24 1083 27754 208 225 2878 381 884 11524 2222 750 221 531 34670 982 54 130 2095 1504 54421 7420 86 24 33 26 446 24 43 95 51 33 32 42 20 53 20 24 588 24 32 49 33 225 45 27 501 93 218 37 364 89 44 86 28 263
internal_value=0.00545115 -0.105381 0.203959 0.455721 1.11623 2.11317 0.0608438 -0.368201 0.0689039 0.295904 -1.87031 2.22021 2.57212 0.190687 0.127691 -0.48308 -1.44048 -2.6322 -5.2859 -7.03877 0.614244 4.24315 7.20164 11.5881 -2.57244 0.811678 0.302828 0.934847 2.61098 1.2027 1.5605 -13.1386 6.3962 13.9643 2.07004 1.54379 0.301028 7.55018 13.4861 8.23555 4.17972 11.87 -0.528929 0.108807 -1.37802 -0.788691 6.56113 13.5062 4.08794 2.81398 -7.31816 -2.04354 1.20972 -7.80755 -9.20508 -5.43684 -7.48218 -13.5864 1.87534 4.89851 -0.572636 6.93014
internal_weight=504361 323658 180703 65497 17993 5305 115206 26762 136394 63507 2828 5259 4690 88444 82734 18437 6913 4525 2303 1553 35753 1391 409 184 2303 2388 64297 9876 2456 1785 1761 59 671 152 1702 1627 1246 128 75 128 519 73 1118 1022 744 720 105 73 278 258 96 615 525 1332 838 494 401 307 3299 421 114 307
internal_count=504361 323658 180703 65497 17993 5305 115206 26762 136394 63507 2828 5259 4690 88444 82734 18437 6913 4525 2303 1553 35753 1391 409 184 2303 2388 64297 9876 2456 1785 1761 59 671 152 1702 1627 1246 128 75 128 519 73 1118 1022 744 720 105 73 278 258 96 615 525 1332 838 494 401 307 3299 421 114 307
cat_boundaries=0 1 2 3 5 6 7 8 9 10 11 12 13 14
cat_threshold=177 1 1074358274 319943488 1 2600837586 68 32 268509440 33 538968068 128 65536 16
is_linear=0
shrinkage=0.05


Tree=122
num_leaves=63
num_cat=11
split_feature=1 7 3 1 10 20 0 1 7 0 3 10 20 1 10 10 0 4 18 10 10 0 10 3 13 3 20 20 4 0 18 20 0 20 4 17 4 4 7 20 17 13 13 4 20 2 15 18 4 14 4 17 7 18 17 16 16 3 3 13 20 8
split_gain=4.20539e+06 3.48133e+06 3.05912e+06 6.94218e+06 6.30808e+06 3.63346e+06 2.75357e+06 2.41962e+06 2.86385e+06 2.51254e+06 7.74376e+06 2.87354e+06 2.34639e+06 2.29968e+06 7.11327e+06 1.73664e+07 7.06542e+06 6.46895e+06 5.61312e+06 5.24925e+06 5.07656e+06 7.43662e+06 4.39894e+06 4.12081e+06 3.92637e+06 4.24822e+06 3.97579e+06 4.16611e+06 3.67142e+06 3.59887e+06 3.51779e+06 4.17997e+06 3.49442e+06 5.21906e+06 3.48891e+06 3.22464e+06 3.21204e+06 3.10508e+06 3.04101e+06 3.0279e+06 2.86951e+06 2.82074e+06 3.77485e+06 3.91018e+06 3.37853e+06 2.73182e+06 4.46418e+06 3.34347e+06 3.17952e+06 2.9678e+06 2.66931e+06 3.29481e+06 2.61335e+06 5.65564e+06 3.43823e+06 2.75994e+06 2.6805e+06 2.81747e+06 2.59229e+06 2.56848e+06 2.56456e+06 2.97668e+06
threshold=0 2005.5000000000002 1400.0005632980058 1 4.5000000000000009 1300.0225903614462 2 3 2018.5000000000002 4 4981.5572559041984 2.5000000000000004 1115.7051053329822 5 4.5000000000000009 5.5000000000000009 6 8759.4500000000025 549.37857142857172 1.0000000180025095e-35 2.5000000000000004 7 3.5000000000000004 3336.2827255565417 351.50000000000006 2920.4711966842933 5229.0057692225555 2916.9675990675996 577.8900000000001 8 215.8614285714286 3489.0433262110359 9 3600.0489955903977 434.37500000000006 170.43500000000003 657.0100000000001 346.23000000000008 2016.5000000000002 2477.1922878756609 5246.0300000000016 272.50000000000006 325.50000000000006 2547.7150000000006 3343.4136040308244 10 26.050000000000004 1763.6642857142858 1335.2050000000002 29.250000000000004 731.80500000000006 758.04000000000008 2017.5000000000002 183.82857142857151 5.0050000000000008 2.7500000000000004 8.7500000000000018 2105.7117662629939 4000.0000000000009 322.50000000000006 2105.8163348239118 11.500000000000002
decision_type=1 2 2 1 2 2 9 1 2 9 2 2 2 1 2 2 9 2 2 2 2 9 2 2 2 2 2 2 2 9 2 2 9 2 2 2 2 2 2 2 2 2 2 2 2 1 2 2 2 2 2 2 2 2 2 2 2 2 2 2 2 2
left_child=12 2 -2 -4 5 6 -5 -3 9 13 -11 -12 -1 14 17 16 60 18 23 -20 21 37 36 29 26 -26 27 34 32 38 31 -17 33 58 -23 -36 -22 -21 39 -9 41 44 43 -43 -29 46 -46 48 49 -47 51 -41 53 56 -54 -56 57 -40 -25 -38 -16 -62
right_child=1 7 3 4 -6 -7 -8 8 -10 10 11 -13 -14 -15 15 30 -18 -19 19 20 22 24 -24 28 25 -27 -28 40 -30 -31 -32 -33 -34 -35 35 -37 59 -39 52 50 -42 42 -44 -45 45 47 -48 -49 -50 -51 -52 -53 54 -55 55 -57 -58 -59 -60 -61 61 -63
leaf_value=17.234643871443474 -0.26876451187776917 -0.22204514721089588 -0.13080709774178223 3.4103116116304508 -14.791984794437887 -5.7502422982719166 -4.6824551530859688 3.283005717798714 0.80859953687140951 -0.0082806160785914278 -31.416605890714205 -6.5491621539706273 0.51652959330992898 0.1469056146742275 -4.9521137742825969 -0.022696557899899023 -0.68770531670026225 29.076024678775241 6.0396918753841344 -17.011315327064665 10.027587448974391 8.5225946650460909 1.2685042810880327 -0.65335631401696692 1.0168770229816437 33.606080589294436 -16.581777445475261 19.439474587691461 -7.7313334607232651 -0.068075529477904947 3.9177844307938616 -20.595647742198068 1.1522861898524501 -11.792527910397979 16.335053454912625 -1.5436175493419384 3.0147084844447924 -3.9723732911945326 37.576538994198756 0.26466943488574574 -3.1983690828516864 38.098313746085537 0.8512446641921998 8.6916542635858072 27.05845538548061 15.300645697116853 -0.48428580876319638 6.647163379391035 -19.926296227978124 -10.111384803167097 17.102040324003802 -16.195589040171715 -6.7645661524824199 2.5027128408210619 2.8304160689696292 22.219950644175213 4.0576598200304757 16.695026678357806 -18.9652913415432 14.034249372317873 -11.23993552415223 1.8356415649255116
leaf_weight=21 76283 77972 2303 251 140 692 166 1537 13254 241771 26 21 35944 38525 484 490 631 21 935 51 331 108 968 574 20 20 30 38 208 3264 1138 26 1045 147 26 841 599 436 21 1575 69 26 24 20 28 20 31 90 31 27 23 31 74 140 78 24 29 70 20 58 467 48
leaf_count=21 76283 77972 2303 251 140 692 166 1537 13254 241771 26 21 35944 38525 484 490 631 21 935 51 331 108 968 574 20 20 30 38 208 3264 1138 26 1045 147 26 841 599 436 21 1575 69 26 24 20 28 20 31 90 31 27 23 31 74 140 78 24 29 70 20 58 467 48
internal_value=0.00518484 -0.0348267 -0.335552 -1.76988 -4.75303 -3.52857 0.158224 0.0269604 0.0894764 0.0574238 -0.0122251 -20.3056 0.526145 0.360734 0.845163 -1.24444 -4.90711 1.34638 1.30384 2.67565 1.86749 0.0523935 3.66403 0.55646 1.85124 17.3115 1.42548 1.81723 -1.44448 1.13757 2.36507 -1.05932 -0.712302 -3.3127 0.0481736 -1.00746 6.01106 -5.23045 2.22409 1.69113 6.08661 7.99904 16.926 25.3128 5.64098 3.3311 12.5868 0.0805657 -7.49628 0.702245 0.189158 -0.0530566 6.14515 9.33004 1.44019 7.39266 17.2953 21.5138 -1.26992 3.98751 -7.49035 -10.0212
internal_weight=504361 468396 79835 3552 1249 1109 417 388561 310589 297335 241818 47 35965 55517 16992 3284 1630 13708 13687 4827 3892 1936 1956 8860 1449 40 1409 1379 1994 6866 1654 516 1786 741 975 867 988 487 3602 3166 404 335 70 46 265 227 59 168 78 47 1629 1606 436 260 176 102 120 91 594 657 999 515
internal_count=504361 468396 79835 3552 1249 1109 417 388561 310589 297335 241818 47 35965 55517 16992 3284 1630 13708 13687 4827 3892 1936 1956 8860 1449 40 1409 1379 1994 6866 1654 516 1786 741 975 867 988 487 3602 3166 404 335 70 46 265 227 59 168 78 47 1629 1606 436 260 176 102 120 91 594 657 999 515
cat_boundaries=0 1 2 3 4 5 6 7 8 9 10 11
cat_threshold=1 100 73984 8 548359172 144 65536 16384 344064 327680 4
is_linear=0
shrinkage=0.05


Tree=123
num_leaves=63
num_cat=11
split_feature=1 7 3 1 20 10 0 20 1 7 0 3 10 20 1 10 10 19 10 0 10 0 10 0 0 4 17 3 7 4 19 20 7 17 19 15 4 18 17 10 13 20 3 18 19 4 20 19 9 20 9 20 13 17 7 19 7 7 20 0 17 20
split_gain=3.79538e+06 3.14207e+06 2.7624e+06 4.26282e+06 6.48532e+06 3.49249e+06 2.1968e+06 2.1943e+06 2.18374e+06 2.58462e+06 2.26763e+06 6.98874e+06 2.59337e+06 2.14253e+06 2.07552e+06 6.42048e+06 1.56741e+07 6.68025e+06 6.76456e+06 6.37544e+06 6.1758e+06 8.68041e+06 7.03966e+06 1.19491e+07 8.63907e+06 4.97336e+06 4.9019e+06 4.68235e+06 8.60568e+06 4.51862e+06 4.43197e+06 4.24454e+06 5.93218e+06 4.22424e+06 3.9122e+06 3.83475e+06 3.75091e+06 4.79931e+06 3.5698e+06 2.91511e+06 2.82907e+06 2.4261e+06 4.88992e+06 4.97283e+06 3.3948e+06 2.84045e+06 4.16719e+06 3.4557e+06 2.33939e+06 3.43739e+06 2.31536e+06 2.31452e+06 2.68646e+06 3.52807e+06 2.25398e+06 2.21885e+06 3.47902e+06 4.00286e+06 2.21025e+06 2.20649e+06 3.18583e+06 5.53429e+06
threshold=0 2005.5000000000002 1226.9881149806524 1 1433.1101708888959 4.5000000000000009 2 2023.3249596634193 3 2018.5000000000002 4 4981.5572559041984 2.5000000000000004 1235.7521001463308 5 4.5000000000000009 5.5000000000000009 467.4206666666667 1.0000000180025095e-35 6 2.5000000000000004 7 3.5000000000000004 8 9 671.42500000000007 383.27000000000004 2251.1102372189885 2013.5000000000002 332.56500000000005 544.57400000000018 1994.9435098110962 2011.5000000000002 135.60500000000005 416.29816666666676 21.250000000000004 434.37500000000006 1437.1692857142859 104.89500000000002 1.5000000000000002 227.50000000000003 2916.9675990675996 3828.1534090909095 1071.296428571429 1770.3483333333336 1447.4500000000003 4633.3644804982769 1416.9150000000002 18.500000000000004 2668.9288511288119 19.500000000000004 2105.8163348239118 334.50000000000006 574.42000000000019 2017.5000000000002 954.82150000000013 2008.5000000000002 2011.5000000000002 3824.8560737548437 10 10.005000000000001 1974.8037944361051
decision_type=1 2 2 1 2 2 9 2 1 2 9 2 2 2 1 2 2 2 2 9 2 9 2 9 9 2 2 2 2 2 2 2 2 2 2 2 2 2 2 2 2 2 2 2 2 2 2 2 2 2 2 2 2 2 2 2 2 2 2 9 2 2
left_child=13 2 -2 -4 6 7 -5 -6 -3 10 14 -12 -13 -1 15 17 19 -10 25 51 21 29 24 58 30 31 27 -23 35 -20 -22 50 48 -25 -18 -29 37 -28 -36 -31 -34 -38 43 -43 -45 46 -44 -47 49 -33 -19 -17 -53 -54 -21 56 -32 -58 -24 60 61 -16
right_child=1 8 3 4 5 -7 -8 -9 9 -11 11 12 -14 -15 59 16 34 18 20 54 22 26 23 33 -26 -27 36 28 -30 39 55 32 40 -35 38 -37 41 -39 -40 -41 -42 42 45 44 -46 47 -48 -49 -50 -51 -52 52 53 -55 -56 -57 57 -59 -60 -61 -62 -63
leaf_value=12.212900607402434 -0.2292122335363995 -0.21094431412297054 -0.30270369506808653 2.594155125725496 -4.0833292508869077 -14.627750424238352 -2.0134387463859968 -12.072178119007905 0.36109984047318622 0.76816955642478246 -0.0078665861002158825 -29.845775252122145 -6.2217035770416267 0.48726161207073776 -0.28686833775935078 -4.704508084726851 -0.3024099054657689 2.753028975758288 -17.115386066436766 -1.8028926622359158 29.857911905489473 0.66838869975834359 -6.2115375191849829 21.820283824205401 3.5556230876134758 3.6585458582939419 4.2021185818252027 47.281872506575155 2.5834506685917198 -7.3708390946486109 -3.0676620775339556 49.499636840820315 13.763496187925339 3.2868374151776418 20.954998895525932 19.160074869791668 -1.4713432694834641 27.186566809813186 3.9376236041267298 -0.10074378184869255 -9.2680008822679536 0.84327664834104099 -0.46568263952548689 38.806303472104283 11.000846481323244 22.920412597656252 -26.425083576549184 1.2125472019477326 14.952497218205378 22.739150276184084 12.627645864610626 -10.677938751362632 17.783028326034547 -9.7126896926334929 7.1783983222860845 17.62507345335824 21.780648126758514 3.7402247570695417 -19.733134363065748 1.0106616320097641 0.14633103297621128 -4.8754041497175304
leaf_weight=39 73059 77972 4216 306 577 117 1459 101 8103 13254 241771 26 21 35926 2569 484 788 144 70 551 38 82 272 32 816 701 143 22 52 268 49 20 40 784 32 27 906 27 834 284 20 38 52 23 21 20 22 220 26 30 101 467 20 28 80 98 61 62 34 6106 28967 883
leaf_count=39 73059 77972 4216 306 577 117 1459 101 8103 13254 241771 26 21 35926 2569 484 788 144 70 551 38 82 272 32 816 701 143 22 52 268 49 20 40 784 32 27 906 27 834 284 20 38 52 23 21 20 22 220 26 30 101 467 20 28 80 98 61 62 34 6106 28967 883
internal_value=0.00492452 -0.0330865 -0.318783 -1.28454 -2.88903 -6.65009 -1.21132 -5.27341 0.0256128 0.0850034 0.0545535 -0.0116139 -19.2903 0.499838 0.342702 0.802917 -1.18233 1.2791 2.60624 -4.66196 1.75666 -0.0783007 3.61695 0.815209 6.4137 6.15765 1.81609 9.54465 16.7511 -5.06657 13.4341 10.7557 17.8391 3.96505 2.24682 31.7862 0.867603 7.85259 4.56644 -3.63043 6.08633 -0.0444151 3.22022 14.0928 25.5355 0.380896 -8.18334 3.02154 27.1175 33.4433 6.82379 -7.11583 -9.52018 1.74386 -0.653856 11.6202 8.19883 12.6871 -7.46983 0.139562 -0.0247672 -1.46059
internal_weight=504361 468396 79835 6776 2560 795 1765 678 388561 310589 297335 241818 47 35965 55517 16992 3284 13708 5605 1630 4523 2277 2246 1122 1124 1082 1655 183 101 622 308 381 136 816 1654 49 1472 170 866 552 60 1302 396 82 44 314 74 240 76 50 245 999 515 48 631 270 172 123 306 38525 32419 3452
internal_count=504361 468396 79835 6776 2560 795 1765 678 388561 310589 297335 241818 47 35965 55517 16992 3284 13708 5605 1630 4523 2277 2246 1122 1124 1082 1655 183 101 622 308 381 136 816 1654 49 1472 170 866 552 60 1302 396 82 44 314 74 240 76 50 245 999 515 48 631 270 172 123 306 38525 32419 3452
cat_boundaries=0 1 2 3 4 5 6 7 8 9 10 11
cat_threshold=1 100 65536 8 548359172 144 65536 16384 16384 16384 84992
is_linear=0
shrinkage=0.05


Tree=124
num_leaves=63
num_cat=15
split_feature=1 7 2 0 1 20 7 0 20 18 4 1 0 3 21 1 21 0 10 3 0 12 4 20 3 18 7 15 16 8 14 3 3 0 14 10 0 12 16 18 4 14 12 20 7 2 12 18 20 4 16 4 14 21 21 10 6 6 4 2 4 0
split_gain=3.50801e+06 2.85885e+06 2.6462e+06 2.75847e+06 3.75438e+06 2.45674e+06 3.15952e+06 3.13623e+06 3.22524e+06 2.94587e+06 3.56793e+06 2.34529e+06 2.31742e+06 5.76718e+06 2.78735e+06 2.51931e+06 2.42184e+06 2.30284e+06 2.08949e+06 2.05538e+06 2.74975e+06 2.38327e+06 2.38229e+06 1.99671e+06 1.9222e+06 2.83877e+06 4.67474e+06 3.20488e+06 2.85684e+06 2.44353e+06 2.29547e+06 1.83279e+06 1.81152e+06 3.31016e+06 2.50681e+06 3.04668e+06 2.45404e+06 7.47909e+06 4.41e+06 2.39575e+06 2.10503e+06 1.84374e+06 1.90212e+06 2.75607e+06 2.21894e+06 4.09309e+06 1.79771e+06 1.76481e+06 2.73758e+06 4.30848e+06 2.45331e+06 1.86852e+06 1.70628e+06 5.03831e+06 2.50372e+06 5.66675e+06 1.74514e+06 2.83899e+06 1.69551e+06 2.04327e+06 1.69365e+06 3.2967e+06
threshold=0 2016.5000000000002 1 2 3 2092.2258833249689 2018.5000000000002 4 3600.0489955903977 7.1335714285714298 8.2050000000000036 5 6 1656.6609783845281 5.5000000000000009 7 9.5000000000000018 8 2.5000000000000004 3530.0651334834361 9 31.500000000000004 44.315000000000005 4990.3547654076292 3675.9158203319507 4.7857142857142909 2017.5000000000002 23.050000000000004 2.6500000000000008 7.5000000000000009 30.650000000000002 3487.2195577335215 5833.4745046068419 10 28.850000000000005 3.5000000000000004 11 16.500000000000004 0.15000000000000005 2082.6442857142861 2158.7000000000003 21.450000000000003 47.500000000000007 5229.0057692225555 2015.5000000000002 12 7.5000000000000009 2646.1471428571435 3489.0433262110359 1201.8500000000001 0.45000000000000007 5192.3050000000012 24.250000000000004 1.5000000000000002 1.5000000000000002 3.5000000000000004 3.5000000000000004 6.5000000000000009 0.30500000000000005 13 56.215000000000011 14
decision_type=1 2 1 9 1 2 2 9 2 2 2 1 9 2 2 1 2 9 2 2 9 2 2 2 2 2 2 2 2 2 2 2 2 9 2 2 9 2 2 2 2 2 2 2 2 1 2 2 2 2 2 2 2 2 2 2 2 2 2 1 2 9
left_child=2 32 11 4 5 17 7 8 -7 -10 -11 23 13 -3 15 -15 -14 -4 58 -5 22 -22 -21 -1 25 26 27 31 30 -29 -28 -17 60 39 41 36 37 40 -39 46 -36 -35 43 -43 -45 -46 -34 -27 49 50 -49 -50 53 -26 -54 56 -56 -58 -9 -60 61 -2
right_child=1 12 3 19 -6 6 -8 18 9 10 -12 -13 16 14 -16 24 -18 -19 -20 20 21 -23 -24 -25 52 47 28 29 -30 -31 -32 -33 33 34 35 -37 -38 38 -40 -41 -42 42 -44 44 45 -47 -48 48 51 -51 -52 -53 54 -55 55 -57 57 -59 59 -61 -62 -63
leaf_value=-0.025548222712659004 1.0460463811888017 20.29418818831444 3.2314657649526981 -0.11033686094921102 0.081029241807723806 -2.0166068940776842 4.3940003918869719 5.8193822439421306 1.7162249088287354 -4.167193126678467 -30.677082913716635 -0.45367757579786966 0.33546937825524326 -0.71165750854783549 -14.776447432129473 12.237656288642389 15.605321587049046 1.1416155327756463 1.5936189879510008 -18.989463133811949 7.9110275236091443 1.8738748677456674 -1.0533339949855844 -14.760464659981105 0.68451457538651039 1.6441280476256059 6.7936204020182291 14.272888557434081 9.6693445366004411 37.720590381622316 -10.099139027224213 -4.1262392564253378 27.490717188517255 6.3926702566006606 -4.2222172998800511 -2.4617892702117223 2.6088065573406705 44.488931407099187 12.797481536865234 0.092218225176741442 14.18588525390625 14.92274602254232 -13.996289747411556 -4.9174411258101465 -4.9431676846928898 14.258855033407407 10.724931477788671 10.132380489869552 3.1602401116183985 4.9102551532392749 32.625552686055499 -11.837384352476702 0.66009409469590286 -22.029069697856904 -4.3668528225205163 26.871896296534047 18.870133610927699 1.6189380029259728 -0.61243886550869497 -6.2080070185151328 -0.018247120011880641 0.055269067860684633
leaf_weight=59353 12182 40 1594 136267 39394 838 391 88 24 22 30 73583 20263 1288 27 77 26 7725 1762 20 224 605 249 23 103 2925 30 25 58 20 61 22 21 68 41 131 187 23 21 41 25 24 33 280 64 49 67 22 214 119 27 23 2823 32 55 29 33 86 1279 187 112035 26983
leaf_count=59353 12182 40 1594 136267 39394 838 391 88 24 22 30 73583 20263 1288 27 77 26 7725 1762 20 224 605 249 23 103 2925 30 25 58 20 61 22 21 68 41 131 187 23 21 41 25 24 33 280 64 49 67 22 214 119 27 23 2823 32 55 29 33 86 1279 187 112035 26983
internal_value=0.00468289 0.181155 -0.0938468 0.025528 0.330679 1.03562 0.0937442 -0.30375 -2.87956 -12.7737 -19.4614 -0.265069 0.641447 1.35375 1.26188 1.31552 0.354863 1.50377 0.413667 -0.0929687 2.06165 3.46337 -2.30132 -0.0312507 1.69895 2.4876 7.20594 13.6303 0.997202 24.6941 -4.5301 8.60124 0.0952355 2.1405 1.04747 3.89012 6.6918 12.2794 29.3635 9.35005 2.75055 -1.28107 -2.44065 -1.52618 -2.53069 3.38337 14.7259 2.07244 5.16581 10.0483 22.5266 1.70477 0.800402 -4.69945 1.04577 6.40912 2.99866 6.40288 -0.921558 -1.3262 0.0806942 0.363725
internal_weight=504361 180703 323658 190699 53334 13940 4621 4230 914 76 52 132959 28428 8139 8099 8072 20289 9319 3316 137365 1098 829 269 59376 6784 3623 293 144 149 45 91 99 152275 1075 946 428 297 110 44 129 66 518 450 417 393 113 88 3330 405 168 49 237 3161 135 3026 203 174 119 1554 1466 151200 39165
internal_count=504361 180703 323658 190699 53334 13940 4621 4230 914 76 52 132959 28428 8139 8099 8072 20289 9319 3316 137365 1098 829 269 59376 6784 3623 293 144 149 45 91 99 152275 1075 946 428 297 110 44 129 66 518 450 417 393 113 88 3330 405 168 49 237 3161 135 3026 203 174 119 1554 1466 151200 39165
cat_boundaries=0 1 2 4 5 6 7 8 9 10 11 12 13 14 15 16
cat_threshold=78 2 552491020 1 64 268288 6 8744962 32 537133064 285278210 1090519296 197122 1 1 1208576002
is_linear=0
shrinkage=0.05


Tree=125
num_leaves=63
num_cat=11
split_feature=1 0 3 9 17 0 10 12 18 21 10 3 3 17 3 1 18 10 17 0 0 16 3 3 1 10 17 16 19 18 3 3 6 19 19 17 18 3 10 3 10 0 10 0 19 1 17 19 1 16 15 3 3 16 18 8 15 19 10 10 12 17
split_gain=3.28377e+06 2.86789e+06 7.17858e+06 2.78406e+06 2.07881e+06 2.73586e+06 2.59652e+06 1.95304e+06 1.92507e+06 1.82471e+06 2.63182e+06 1.75693e+06 1.573e+06 1.52421e+06 1.40584e+06 1.3979e+06 1.36346e+06 1.35747e+06 1.22422e+06 3.57516e+06 3.00881e+06 2.7171e+06 1.93605e+06 1.91384e+06 2.64249e+06 3.77626e+06 4.48816e+06 2.01555e+06 1.84177e+06 1.72882e+06 1.66936e+06 1.61952e+06 1.5571e+06 1.66239e+06 1.53858e+06 1.43678e+06 3.26563e+06 3.44703e+06 2.76824e+06 2.29934e+06 1.68555e+06 3.71457e+06 2.50457e+06 9.46242e+06 3.38124e+06 2.68417e+06 3.15724e+06 2.33206e+06 2.60979e+06 3.58522e+06 4.45794e+06 2.15237e+06 2.15125e+06 2.55793e+06 2.06864e+06 2.25663e+06 2.04275e+06 1.85704e+06 1.8593e+06 2.474e+06 2.79824e+06 3.71702e+06
threshold=0 1 4981.5572559041984 8.5000000000000018 30.760000000000002 2 5.5000000000000009 18.500000000000004 0.67214285714285738 1.5000000000000002 4.5000000000000009 4260.878826384117 257.34282873925321 1.2050000000000003 2002.3834457028536 3 21.470714285714269 2.5000000000000004 8.2050000000000036 4 5 4.6500000000000012 3336.2827255565417 3158.1210901774289 6 1.5000000000000002 4.0050000000000008 1.1500000000000001 2133.0703333333336 27.453571428571429 1007.2512352657795 2626.6259354325598 6.5000000000000009 12.990333333333336 21.433666666666671 574.42000000000019 2561.5935714285761 1686.6704729814053 2.5000000000000004 3828.1534090909095 5.5000000000000009 7 4.5000000000000009 8 274.20516666666668 9 23.505000000000006 343.81450000000007 10 0.15000000000000005 16.950000000000003 1656.6609783845281 3600.0489955903977 11.450000000000001 1071.296428571429 7.5000000000000009 24.250000000000004 544.57400000000018 3.5000000000000004 2.5000000000000004 29.500000000000004 152.21000000000004
decision_type=1 9 2 2 2 9 2 2 2 2 2 2 2 2 2 1 2 2 2 9 9 2 2 2 1 2 2 2 2 2 2 2 2 2 2 2 2 2 2 2 2 9 2 9 2 1 2 2 1 2 2 2 2 2 2 2 2 2 2 2 2 2
left_child=4 7 12 -4 5 -1 9 -2 -9 13 11 -11 -3 14 -7 18 -15 -16 19 29 21 28 -23 34 -25 -26 27 -27 30 -10 -21 -32 -24 -34 -22 36 40 -38 39 -39 42 -42 57 45 -45 46 -44 -43 49 50 -49 -46 53 56 55 -51 -48 -20 59 -59 61 -61
right_child=1 2 3 -5 -6 6 -8 8 15 10 -12 -13 -14 16 17 -17 -18 -19 35 20 23 22 32 24 25 26 -28 -29 -30 -31 31 -33 33 -35 -36 -37 37 38 -40 -41 41 47 43 44 51 -47 52 48 -50 54 -52 -53 -54 -55 -56 -57 -58 58 -60 60 -62 -63
leaf_value=-0.94629988274879495 -0.094145970233319984 -0.93534823718936133 -4.1473717125979332 -26.974559234170354 0.28210691198792154 11.264647714793787 6.2405402965370236 2.1510868305480408 0.5198889108242527 0.80248247313518195 16.510540939932284 -3.2402274122268993 -0.089493721524087189 -0.17074912598222189 4.4394114259163429 0.05213671311645475 2.099063739357431 0.65156212561761251 0.5425663391664084 -2.4350867770967031 0.70305778690444365 7.8725865219533446 3.2164192232170272 1.1167574445615491 -12.904113635314364 -5.2570242920479222 -14.162588787873586 4.7767709762066399 -4.9647538525717607 -3.844839172661481 19.829233544948053 8.7835579372079753 -2.0582005160195487 -21.953116589500794 -1.5336812019333561 0.073878619209850824 -0.23617977142333985 34.348792223496872 0.18223602771759034 13.067332417964934 -2.420781345914591 0.14220310716507109 2.3834974124624924 0.34808601197034411 -2.1842894166499582 3.4561304453989359 11.096537469561035 2.715644611358643 0.35411828428142422 16.764943834253259 29.901659424681412 -11.56074028059701 -4.5811549663543705 19.906698019416243 -9.6252007744529031 0.011064895716580479 -5.3591369231541961 1.9526243574733486 -1.0861934464414753 32.409001304886559 3.9235198174877732 8.4355582366224198
leaf_weight=1173 45894 5589 22 34 29170 56 299 1397 310 795 23 406 331644 970 686 37453 2081 361 20493 21 5491 40 28 311 112 77 60 143 21 846 51 95 21 21 894 10128 60 22 20 30 1258 999 148 936 143 1015 185 25 174 37 38 107 20 81 22 44 21 1378 369 22 207 61
leaf_count=1173 45894 5589 22 34 29170 56 299 1397 310 795 23 406 331644 970 686 37453 2081 361 20493 21 5491 40 28 311 112 77 60 143 21 846 51 95 21 21 894 10128 60 22 20 30 1258 999 148 936 143 1015 185 25 174 37 38 107 20 81 22 44 21 1378 369 22 207 61
internal_value=0.00606643 -0.029299 -0.106481 -18.0067 0.466047 1.25002 1.7025 0.16892 0.310253 1.45336 -0.243314 -0.564162 -0.103512 1.9533 3.54621 0.279652 1.37743 3.13338 0.462458 -0.0783635 0.3275 5.16577 -0.902495 0.117094 -2.35882 -5.01674 -2.04096 1.26494 8.99113 -2.65143 10.7461 12.642 -5.91683 -12.0057 0.389879 0.584013 0.769098 8.6149 15.9908 22.071 0.731822 -0.480994 0.856879 2.30907 -1.02303 4.97056 8.20192 1.34945 4.93632 9.16585 19.1136 -6.19741 11.2741 12.379 3.97122 7.66407 9.41902 0.685684 2.1255 2.836 7.03357 14.79
internal_weight=504638 468618 337289 56 36020 6850 5677 131329 85435 5378 1224 1201 337233 4154 1103 84038 3051 1047 46585 8542 7386 298 110 7088 703 392 280 220 188 1156 167 146 70 42 6385 38043 27915 132 72 52 27783 2597 25186 2656 1186 1470 455 1339 340 166 63 250 307 287 103 81 206 22530 2037 1668 290 83
internal_count=504638 468618 337289 56 36020 6850 5677 131329 85435 5378 1224 1201 337233 4154 1103 84038 3051 1047 46585 8542 7386 298 110 7088 703 392 280 220 188 1156 167 146 70 42 6385 38043 27915 132 72 52 27783 2597 25186 2656 1186 1470 455 1339 340 166 63 250 307 287 103 81 206 22530 2037 1668 290 83
cat_boundaries=0 1 2 3 4 5 6 7 8 9 10 11
cat_threshold=1 548101260 25231368 84 18432 2686976 20 22528 22536 64 16
is_linear=0
shrinkage=0.05


Tree=126
num_leaves=63
num_cat=10
split_feature=7 20 0 17 0 4 0 1 20 7 10 3 3 1 7 3 17 17 20 10 15 17 1 20 7 20 10 10 10 17 15 20 3 3 14 17 4 1 20 3 4 1 16 17 15 7 6 4 3 1 20 10 14 17 8 1 20 3 3 15 3 12
split_gain=3.68082e+06 3.31211e+06 4.17456e+06 4.01363e+06 2.46345e+06 2.35107e+06 2.52299e+06 4.33533e+06 4.73934e+06 1.21431e+07 3.18134e+06 2.89595e+06 2.64975e+06 3.12142e+06 2.45736e+06 3.95262e+06 2.59526e+06 3.32163e+06 3.25893e+06 2.38491e+06 1.99958e+06 1.90244e+06 2.33293e+06 6.48622e+06 1.8449e+06 1.82294e+06 1.71142e+06 1.66806e+06 1.63147e+06 4.48096e+06 3.11646e+06 1.5443e+06 1.53623e+06 1.53056e+06 1.52809e+06 1.52541e+06 2.48629e+06 1.84587e+06 2.28714e+06 2.51853e+06 2.89929e+06 2.01552e+06 2.44561e+06 3.21255e+06 3.52337e+06 3.01422e+06 3.33135e+06 3.51513e+06 2.20735e+06 2.08312e+06 2.00408e+06 1.84745e+06 1.83409e+06 2.01386e+06 2.07661e+06 1.75094e+06 2.07948e+06 1.89667e+06 2.93153e+06 2.50582e+06 1.67532e+06 2.21554e+06
threshold=2012.5000000000002 5469.7708618331062 0 123.51000000000001 1 986.02500000000009 2 3 2980.0949553835444 2013.5000000000002 3.5000000000000004 5833.4745046068419 1852.6489059971782 4 2015.5000000000002 4500.0473101299594 19.060000000000006 67.055000000000021 3535.4039992962066 3.5000000000000004 15.65 561.5350000000002 5 3676.7253487126823 2018.5000000000002 1390.8904422667686 5.5000000000000009 4.5000000000000009 1.5000000000000002 13.505000000000003 17.250000000000004 203.89781673223013 5833.4745046068419 5224.9642948227502 25.250000000000004 45.110000000000007 0.30500000000000005 6 2130.6647743826111 2023.7699460511092 48.010000000000012 7 4.8500000000000005 6.0050000000000008 22.750000000000004 2018.5000000000002 8.5000000000000018 4.0050000000000008 3267.977079231146 8 2335.445547633391 1.5000000000000002 34.850000000000001 25.805000000000003 7.5000000000000009 9 2700.0186567164187 1514.2868223926246 1718.4084893054981 24.050000000000004 4981.5572559041984 16.500000000000004
decision_type=2 2 9 2 9 2 9 1 2 2 2 2 2 1 2 2 2 2 2 2 2 2 1 2 2 2 2 2 2 2 2 2 2 2 2 2 2 1 2 2 2 1 2 2 2 2 2 2 2 1 2 2 2 2 2 1 2 2 2 2 2 2
left_child=1 31 3 -3 5 6 7 8 9 -2 -11 14 13 24 15 20 -16 -18 -19 -14 -10 22 23 27 28 -21 -4 -7 -9 30 -30 -1 -28 -17 -20 37 -37 51 41 40 55 42 48 44 -44 46 -46 -48 49 52 -42 -8 53 54 -39 -40 -57 -58 -59 -60 -41 -62
right_child=4 2 26 -5 -6 21 35 12 11 10 -12 -13 19 -15 16 33 17 18 34 25 -22 -23 -24 -25 -26 -27 32 -29 29 -31 -32 -33 -34 -35 -36 36 -38 38 39 60 50 -43 43 -45 45 -47 47 -49 -50 -51 -52 -53 -54 -55 -56 56 57 58 59 -61 61 -63
leaf_value=-1.5526994083020877 -3.8956998828741223 27.351364277255154 0.67614737613396625 6.8074372397626153 0.050260726944645284 2.7127168931669203 6.3541450891565177 0.83420094186133087 14.859642710685732 41.221981672807175 19.090656273691888 -4.8806897687529212 0.77621727582125322 0.54134905107223907 -8.3350749900264116 -2.5219693128040861 21.922665813474946 18.374008644404622 16.084721953780562 -14.058816626764113 3.0554691561337179 -0.32336241077809108 -0.40157761833127781 24.299616824879365 -0.83828707750026998 -1.7415733309891328 17.730953900567417 -4.1690255746245386 9.1323784828186039 4.5005733932542409 27.157197092708788 -0.11003128432143838 2.2675860044029021 -14.745376030604044 3.8734602311057245 -6.9878898045825721 0.80082245233926419 9.5575802662793325 -6.5143878092368439 -0.2548951342009208 -1.7364207225441934 0.11696862933860737 1.8006653312536387 1.1677794974996376 8.1542565510823177 -3.7712151770790423 12.323855447527526 34.42790118370737 -7.7799107882711631 0.76856266275868246 -11.890641905432162 0.65344155067289389 -6.1933286643028262 3.2917188791128305 29.861976552605633 -1.8772335155155269 19.936453646705264 -12.990527925037203 16.999135098192426 -4.1287320209586102 0.95364332653227324 -22.299231567382815
leaf_weight=1867 65 31 683 102 148160 1064 237 182 40 22 62 109 2438 1434 31 175 33 46 27 31 348 13965 1146 34 156 969 29 96 65 605 38 288079 36 30 501 103 19598 34 110 7603 75 9799 130 389 78 24 37 35 72 2625 138 355 20 52 20 263 21 21 36 23 21 20
leaf_count=1867 65 31 683 102 148160 1064 237 182 40 22 62 109 2438 1434 31 175 33 46 27 31 348 13965 1146 34 156 969 29 96 65 605 38 288079 36 30 501 103 19598 34 110 7603 75 9799 130 389 78 24 37 35 72 2625 138 355 20 52 20 263 21 21 36 23 21 20
internal_value=0.00576471 -0.11002 2.95107 10.785 0.163255 0.418188 0.590247 1.44056 3.84552 12.3308 24.887 2.9307 0.829992 2.07709 3.62237 1.3052 5.77611 6.49678 5.60992 -0.0671874 4.27239 -0.102281 1.21712 2.75107 4.13776 -2.12341 1.3953 2.14319 5.05646 6.14184 15.7823 -0.119321 9.16663 -4.31076 4.4979 0.439623 0.760102 0.155903 0.0798419 -0.569875 -3.46973 0.486421 1.51144 4.17725 8.02819 12.6809 15.3133 23.0689 0.862384 1.08857 -8.31521 2.88688 7.12868 10.3148 17.0777 -1.29233 0.4523 6.56309 3.05259 8.76285 -0.309252 -10.3892
internal_weight=504638 290827 881 133 213811 65651 49346 7407 1489 149 84 1340 5918 2480 1231 593 638 607 574 3438 388 16305 2340 1194 1046 1000 748 1160 890 708 103 289946 65 205 528 41939 19701 22238 21646 8331 687 13315 3516 693 304 174 150 72 2823 2751 213 592 126 106 54 474 364 101 80 59 7644 41
internal_count=504638 290827 881 133 213811 65651 49346 7407 1489 149 84 1340 5918 2480 1231 593 638 607 574 3438 388 16305 2340 1194 1046 1000 748 1160 890 708 103 289946 65 205 528 41939 19701 22238 21646 8331 687 13315 3516 693 304 174 150 72 2823 2751 213 592 126 106 54 474 364 101 80 59 7644 41
cat_boundaries=0 1 2 3 4 5 6 7 8 9 10
cat_threshold=1258291200 539587606 2629632 17 136 216 1 208 16 130
is_linear=0
shrinkage=0.05


Tree=127
num_leaves=63
num_cat=8
split_feature=7 20 0 19 1 3 20 3 0 19 20 19 18 18 3 7 20 0 4 19 20 4 3 0 13 4 4 19 13 3 12 14 20 18 13 20 14 3 6 19 21 3 4 4 19 1 4 11 19 13 20 6 20 14 18 20 3 1 7 19 1 20
split_gain=3.32162e+06 2.98918e+06 3.76754e+06 4.07741e+06 2.39008e+06 1.34405e+07 8.7398e+06 3.47739e+06 2.00656e+06 1.75202e+06 1.63771e+06 2.34322e+06 2.21684e+06 1.56193e+06 1.42133e+06 1.43704e+06 2.9064e+06 1.71131e+06 2.52088e+06 5.06637e+06 2.0218e+06 1.8846e+06 1.55267e+06 2.41836e+06 3.66948e+06 2.59617e+06 2.04017e+06 3.96202e+06 3.01838e+06 1.54101e+06 4.5456e+06 1.43273e+06 1.41048e+06 1.45663e+06 1.40057e+06 1.39373e+06 1.35248e+06 1.32708e+06 2.31571e+06 3.85092e+06 1.23027e+06 1.23731e+06 2.97811e+06 1.22156e+06 2.63773e+06 8.18813e+06 5.69877e+06 5.94978e+06 3.58926e+06 2.45126e+06 2.26464e+06 2.17609e+06 2.14329e+06 2.11076e+06 2.21153e+06 1.85123e+06 1.84781e+06 2.23999e+06 3.41554e+06 1.81058e+06 1.77831e+06 3.12198e+06
threshold=2012.5000000000002 5469.7708618331062 0 155.56000000000003 1 3530.0651334834361 3343.4136040308244 2870.0713595857619 2 2546.2703333333338 3824.8560737548437 87.386833333333342 131.57214285714224 250.39714285714288 3750.0000000000009 2015.5000000000002 5846.5037224942653 3 1.2050000000000003 66.217500000000015 4269.790630326007 42.540000000000006 4500.0473101299594 4 315.50000000000006 265.80500000000006 48.010000000000012 51.81666666666667 190.50000000000003 5470.869381340538 33.500000000000007 31.150000000000002 3824.8560737548437 498.72142857143018 30.500000000000004 203.89781673223013 30.650000000000002 5224.9642948227502 12.500000000000002 1448.3746666666668 1.5000000000000002 5224.9642948227502 6.0050000000000008 1170.2650000000001 2719.6865000000003 5 319.24500000000006 1.0000000180025095e-35 3923.8378333333344 108.50000000000001 2002.1355204632964 3.5000000000000004 3161.1678463094036 28.550000000000004 3399.6307142857167 4990.3547654076292 1919.3951353138928 6 2018.5000000000002 4675.4245000000019 7 2157.8606920305015
decision_type=2 2 9 2 1 2 2 2 9 2 2 2 2 2 2 2 2 9 2 2 2 2 2 9 2 2 2 2 2 2 2 2 2 2 2 2 2 2 2 2 2 2 2 2 2 1 2 2 2 2 2 2 2 2 2 2 2 1 2 2 1 2
left_child=1 35 3 -3 5 7 13 -2 37 -5 11 -8 -13 -7 -12 16 29 18 19 -17 21 -19 26 24 25 31 27 -22 -29 -16 -31 36 -9 -34 -4 -1 -24 43 39 -39 41 42 -36 44 56 46 50 49 -49 -48 -46 53 -51 54 -52 -45 60 58 -58 -53 -6 -62
right_child=4 2 34 9 8 6 10 32 -10 -11 14 12 -14 -15 15 17 -18 20 -20 -21 22 -23 23 -25 -26 -27 -28 28 -30 30 -32 -33 33 -35 40 -37 -38 38 -40 -41 -42 -43 -44 55 45 -47 47 48 -50 52 51 59 -54 -55 -56 -57 57 -59 -60 -61 61 -63
leaf_value=-1.4750644424228887 34.119003822326896 31.825517402887346 -9.4297500499363611 10.821441698212958 2.0364453189721901 27.829889334525383 -3.3584690527218144 6.8896399321763413 0.0075384270074359662 -3.7783701618512477 6.9940689690141795 21.164463797859526 4.8902641714903821 12.177592709257796 0.085225534936888767 27.588779500552587 -15.897256369631869 12.941853868519818 1.5039790811430824 2.7523793613755858 -3.3002853550809501 2.356611873986886 0.16802295124208608 0.16466439967844243 -21.52026869102761 -12.679576721361705 0.82460376036504235 5.2414418293879592 24.913030293048958 -0.45371006701625033 -20.513977622882361 -2.40208356645695 27.822521320978804 10.213972348752229 25.111881222724918 -0.10452972012193487 15.822871895269916 29.06217265562578 -3.6549069068011115 1.709593660600724 -3.3680106508731842 1.9392342466808541 0.36447024191579513 -0.10849456593572811 20.267148101897469 -0.087887556047618193 10.867851552096282 -6.7286975741386419 19.874018225215732 41.604026489257819 -0.35527393477303643 9.1707392616058474 22.6528713741818 6.2913565972272094 -21.279953150127245 10.801403677196076 -8.2266562074650924 0.13854417455773402 2.5403596904294536 -3.070274056532444 0.68355553597317975 -3.1521503734501293
leaf_weight=1867 25 20 29 86 2328 28 82 46 141487 27 83 23 232 37 6611 28 29 54 3251 77 47 190 37 3451 27 56 389 39 39 131 36 359 24 23 20 288079 22 22 34 31 100 568 31 12960 21 876 22 32 21 25 28 134 37 34 23 39 196 20604 118 39 18678 546
leaf_count=1867 25 20 29 86 2328 28 82 46 141487 27 83 23 232 37 6611 28 29 54 3251 77 47 190 37 3451 27 56 389 39 39 131 36 359 24 23 20 288079 22 22 34 31 100 568 31 12960 21 876 22 32 21 25 28 134 37 34 23 39 196 20604 118 39 18678 546
internal_value=0.00547108 -0.104519 2.80351 10.2457 0.15508 0.753338 0.624667 17.5641 0.108355 7.33299 0.546906 3.99386 6.35813 18.9201 0.469236 0.432824 -0.102179 0.88432 1.74505 9.37542 0.266752 4.69925 0.02518 -0.311039 -3.52081 -2.5698 2.61028 8.16729 15.0772 -0.0345992 -4.77808 -1.21538 13.1138 19.2056 1.32554 -0.113355 6.00542 0.359227 6.52987 13.0635 1.77777 2.60908 10.0693 0.349832 0.47625 2.70185 8.37712 16.9298 3.812 25.2065 4.47766 3.19247 30.2945 -3.35859 -9.79189 -0.0757624 0.408544 0.073778 -4.05143 6.4112 0.733463 0.574315
internal_weight=504638 290827 881 133 213811 15476 15358 118 198335 113 15293 337 255 65 14956 14873 6807 8066 3356 105 4710 244 4466 3952 501 474 514 125 78 6778 167 418 93 47 748 289946 59 56848 87 53 719 619 51 56761 43762 1292 416 137 53 84 279 258 62 85 51 12999 42470 20918 314 173 21552 19224
internal_count=504638 290827 881 133 213811 15476 15358 118 198335 113 15293 337 255 65 14956 14873 6807 8066 3356 105 4710 244 4466 3952 501 474 514 125 78 6778 167 418 93 47 748 289946 59 56848 87 53 719 619 51 56761 43762 1292 416 137 53 84 279 258 62 85 51 12999 42470 20918 314 173 21552 19224
cat_boundaries=0 1 2 3 4 5 6 7 8
cat_threshold=1258291200 1 539589652 37822466 142606336 16 2 144
is_linear=0
shrinkage=0.05


Tree=128
num_leaves=63
num_cat=5
split_feature=1 20 3 3 4 13 1 20 1 13 18 18 13 19 4 20 14 3 20 3 20 19 1 18 20 16 6 3 17 13 3 10 1 13 17 19 3 13 4 17 9 16 3 15 17 16 20 3 20 13 4 18 18 14 9 4 3 15 10 10 14 13
split_gain=2.66469e+06 2.07134e+06 6.10119e+06 1.8858e+06 1.82776e+06 1.52055e+06 1.78424e+06 2.06453e+06 2.87679e+06 2.3661e+06 2.01255e+06 3.39034e+06 3.10081e+06 1.57602e+06 3.04723e+06 2.89832e+06 5.60848e+06 3.67403e+06 2.46493e+06 2.44704e+06 2.41768e+06 3.15176e+06 1.92104e+06 2.78203e+06 3.16941e+06 3.77746e+06 2.69008e+06 2.20287e+06 5.18961e+06 2.92405e+06 2.54591e+06 2.39708e+06 2.17165e+06 2.0747e+06 1.77745e+06 2.84136e+06 1.96064e+06 1.75237e+06 1.71571e+06 1.68007e+06 2.03469e+06 1.62509e+06 1.5997e+06 2.71764e+06 3.24882e+06 1.74624e+06 1.55091e+06 2.41831e+06 1.66127e+06 1.39437e+06 1.36328e+06 2.28089e+06 2.23151e+06 4.17272e+06 4.53832e+06 2.56528e+06 1.55048e+06 1.39213e+06 1.77269e+06 3.65743e+06 3.19266e+06 2.22727e+06
threshold=0 1616.4279076017899 2702.1792559104724 1390.336440162946 461.02500000000003 92.500000000000014 1 2440.9698029269407 2 22.500000000000004 1.114285714285715 6.4857142857142884 42.500000000000007 2.571166666666667 3.0050000000000003 5229.0057692225555 28.050000000000004 4000.0000000000009 2867.2189680627957 1199.9868236120874 999.99998451777526 13.806666666666667 3 606.13071428571391 4501.1082227991183 0.55000000000000016 6.5000000000000009 3158.1210901774289 218.05000000000004 241.50000000000003 3904.2033643443924 2.5000000000000004 4 332.50000000000006 1582.4200000000003 1916.2260000000003 2091.6735547090252 186.50000000000003 4.0050000000000008 24.865000000000006 16.500000000000004 0.75000000000000011 1888.8572916287501 23.250000000000004 2.0050000000000003 8.4500000000000011 2281.7772687706679 2439.0652173913049 2743.3444444444444 319.50000000000006 20.005000000000006 71.384285714285724 97.514285714286004 36.550000000000004 14.500000000000002 0.70500000000000018 4782.7513255980266 20.450000000000003 4.5000000000000009 5.5000000000000009 32.650000000000013 162.50000000000003
decision_type=1 2 2 2 2 2 1 2 1 2 2 2 2 2 2 2 2 2 2 2 2 2 1 2 2 2 2 2 2 2 2 2 1 2 2 2 2 2 2 2 2 2 2 2 2 2 2 2 2 2 2 2 2 2 2 2 2 2 2 2 2 2
left_child=1 2 49 -3 5 6 -2 -8 9 -9 -10 12 -12 38 15 17 -17 19 -19 -15 21 41 23 33 27 26 -26 32 29 -29 37 -32 34 -16 35 39 -37 -30 -7 40 -25 -21 -40 45 -45 -44 -38 -48 -49 -1 51 -5 53 55 -55 -53 -57 -52 -59 60 61 -60
right_child=4 3 -4 50 -6 13 7 8 10 -11 11 -13 -14 14 22 16 -18 18 -20 20 -22 -23 -24 24 25 -27 -28 28 30 -31 31 -33 -34 -35 -36 36 46 -39 42 -41 -42 -43 43 44 -46 -47 47 48 -50 -51 57 52 -54 54 -56 56 -58 58 59 -61 -62 -63
leaf_value=1.8402009794675154 0.15230873678266676 14.682898967162423 29.814315214611238 0.34400953962515729 -0.15117575905478906 0.60323561964961625 -0.29078335481932066 2.2368170871415205 1.1375656025033247 -3.0334032824570611 -8.1826603831077112 -4.6152265018718266 -28.194034826755527 0.12673385496779563 0.38445775242374164 -1.0414829600241877 23.993570352281846 -22.690751249893854 -5.3448367132381964 11.045455341954387 -1.0349722913768922 -9.8369151307668314 0.031623636333695422 21.803859884262085 11.152592175095171 -21.589349761605263 -11.853887005647024 -4.9616854127248127 4.1977661542696501 -27.428244437490193 21.648401705741882 1.122690611897093 0.48399637525481004 -0.54684797935595586 0.87814470228007679 5.3485210768523679 3.0154888488628249 -5.5665899546877036 1.6390135690067158 2.4639008985261523 0.6923736890157064 -3.3173897699073507 6.1529707920753358 4.9004217783610029 26.619904792670049 -10.636301140558153 30.977652094580915 19.559601736863456 2.4639706011171696 13.69023719567519 0.52287619166303967 19.28813174204393 1.8766833548098181 36.830595550211996 7.1369532200597945 3.3153278751191033 -10.36247474384308 0.065003804887447031 3.2629054382767366 1.2372393689304593 -1.3532543758211828 -8.4458009580864175
leaf_weight=549 29480 23 21 3484 180928 8897 41388 411 95 442 49 314 32 6470 51142 62 35 23 187 31 7022 173 129611 25 27 32 24 30 73 28 25 33 1475 6772 778 273 27 124 289 1488 21 54 59 36 33 21 22 30 27 26 17293 22 1631 22 31 121 25 11077 46 660 642 347
leaf_count=549 29480 23 21 3484 180928 8897 41388 411 95 442 49 314 32 6470 51142 62 35 23 187 31 7022 173 129611 25 27 32 24 30 73 28 25 33 1475 6772 778 273 27 124 289 1488 21 54 59 36 33 21 22 30 27 26 17293 22 1631 22 31 121 25 11077 46 660 642 347
internal_value=0.00519977 0.419559 3.34281 0.370494 -0.026658 0.0516501 -0.146918 -0.353306 -2.28273 -0.488334 -5.28854 -6.96795 -16.0884 0.118194 0.0894185 -0.621206 7.99178 -0.681053 -7.24463 -0.580809 -1.20963 -5.96324 0.141422 0.369143 1.558 -8.12328 0.326014 1.73741 -2.308 -15.8076 0.762504 9.96998 2.04134 0.275558 2.88245 3.71265 7.58941 -1.94833 0.753637 2.75484 12.166 1.92082 3.8087 8.01701 15.288 1.74579 13.3608 16.8965 11.4617 2.37603 0.361196 1.0977 2.51556 7.23054 19.4626 3.37162 0.973238 0.230478 -0.165422 -1.67127 -3.52598 -7.07532
internal_weight=504638 36020 596 35424 468618 287690 72211 42731 1343 853 490 395 81 215479 206144 14057 97 13960 210 13750 7280 258 192087 62476 4562 83 51 4479 313 58 255 58 4166 57914 2691 1913 379 197 9335 1534 46 85 438 149 69 80 106 79 57 575 35401 5336 1852 221 53 168 146 30065 12772 1695 1035 393
internal_count=504638 36020 596 35424 468618 287690 72211 42731 1343 853 490 395 81 215479 206144 14057 97 13960 210 13750 7280 258 192087 62476 4562 83 51 4479 313 58 255 58 4166 57914 2691 1913 379 197 9335 1534 46 85 438 149 69 80 106 79 57 575 35401 5336 1852 221 53 168 146 30065 12772 1695 1035 393
cat_boundaries=0 1 2 3 4 5
cat_threshold=1 178 4 80 16
is_linear=0
shrinkage=0.05


Tree=129
num_leaves=63
num_cat=3
split_feature=7 20 10 1 3 20 3 16 20 19 20 1 17 14 14 18 10 6 4 1 15 3 3 17 16 20 3 19 15 17 17 3 13 10 19 13 18 18 20 3 4 3 13 3 7 20 17 3 15 16 18 4 10 20 17 17 17 3 13 3 10 3
split_gain=3.06928e+06 2.6564e+06 2.02335e+06 2.02149e+06 1.21077e+07 7.72859e+06 3.12698e+06 1.53355e+06 1.50647e+06 1.83822e+06 2.30551e+06 2.11337e+06 2.32537e+06 3.57132e+06 6.99332e+06 1.89515e+06 4.27789e+06 1.75048e+06 1.54426e+06 1.49342e+06 3.01248e+06 3.34237e+06 2.38942e+06 2.26218e+06 1.769e+06 1.47564e+06 2.17341e+06 1.85139e+06 1.75822e+06 1.44648e+06 1.633e+06 1.39274e+06 2.74285e+06 2.93583e+06 1.92226e+06 1.68622e+06 1.3884e+06 1.37972e+06 1.36918e+06 1.33247e+06 1.32392e+06 1.28994e+06 1.28813e+06 1.27875e+06 1.29186e+06 2.61829e+06 1.50873e+06 2.83086e+06 7.88162e+06 6.61457e+06 2.18006e+06 3.87213e+06 2.15251e+06 1.55925e+06 1.3948e+06 1.46799e+06 1.41378e+06 1.39145e+06 4.09976e+06 1.26968e+06 1.24928e+06 1.21242e+06
threshold=2012.5000000000002 5469.7708618331062 2.5000000000000004 0 3530.0651334834361 3343.4136040308244 2870.0713595857619 5.0500000000000007 4383.0987632676979 4.7929999999999966 3343.4136040308244 1 5.0050000000000008 27.450000000000003 29.350000000000005 2.857142857142859 1.0000000180025095e-35 25.500000000000004 4.995000000000001 2 21.850000000000005 2187.5862658914652 3487.2195577335215 0.30500000000000005 25.550000000000004 3824.8560737548437 4500.0473101299594 87.386833333333342 22.750000000000004 145.71000000000004 23.505000000000006 3904.2033643443924 180.50000000000003 2.5000000000000004 896.35400000000016 250.50000000000003 2.3714285714285759 250.39714285714288 2335.445547633391 3336.2827255565417 384.01500000000004 2476.7546290360606 150.50000000000003 3750.0000000000009 2015.5000000000002 5846.5037224942653 54.105000000000011 4500.0473101299594 25.250000000000004 0.8500000000000002 71.384285714285724 271.41500000000008 5.5000000000000009 4269.790630326007 0.30500000000000005 0.70500000000000018 1.0050000000000001 5470.869381340538 230.50000000000003 5224.9642948227502 1.5000000000000002 5833.4745046068419
decision_type=2 2 2 1 2 2 2 2 2 2 2 1 2 2 2 2 2 2 2 1 2 2 2 2 2 2 2 2 2 2 2 2 2 2 2 2 2 2 2 2 2 2 2 2 2 2 2 2 2 2 2 2 2 2 2 2 2 2 2 2 2 2
left_child=1 42 41 4 6 37 -2 -5 9 10 11 12 19 38 -15 36 -17 31 -16 20 -9 -22 -21 -23 60 26 27 -7 -28 30 -8 32 -10 35 -33 -34 -12 -6 -14 -31 -29 -3 -1 -27 45 57 47 48 52 -50 51 53 -46 -49 -55 -56 -57 -45 -59 -4 -25 -48
right_child=3 2 59 7 5 25 29 8 17 -11 15 -13 13 14 18 16 -18 -19 -20 22 21 23 -24 24 -26 43 28 40 -30 39 -32 34 33 -35 -36 -37 -38 -39 -40 -41 -42 -43 -44 44 46 -47 61 50 49 -51 -52 -53 -54 54 55 56 -58 58 -60 -61 -62 -63
leaf_value=-0.23976501206816017 32.353106185913092 -12.164477114640178 14.032633499304453 0.040962530183688638 26.155289857728139 -4.7410773558201091 9.1356764620000668 -1.2784486365605552 7.4116176518526942 0.34967272057161536 -0.28090756259115807 0.86088757277171646 -3.7024179777583566 42.819925026666553 -2.131766606512524 -25.220142227172854 -1.4524891543846865 7.7361677546250194 17.281456594467166 0.69248955740774276 25.170190330859157 20.884835683822633 16.606852499008181 -8.4279800150129542 13.435309312218116 6.6188911667789414 25.199836654663088 9.091186299743832 4.2342948341369633 15.081946240300718 28.190027087667715 -3.0216414665561597 -12.022294252149521 -23.524369032723566 10.761427981512888 6.5992886555194863 13.285099520683289 11.444282732783137 12.048783709786155 -1.5937869873046875 1.3146141949452854 0.83247653268632438 -0.024105556266027114 0.066175110710800289 1.0356806497328577 -15.103600566140537 0.66820727589698692 12.169066352339891 6.8983890576288109 39.867847258469155 3.6278430070940271 -22.146074752807621 17.091207989402442 -8.2739990138540076 9.4701096464947963 -13.365318474769593 0.1193971532891611 -0.44828911696681539 -19.499407047447235 4.2341685426603126 4.48998869677059 -1.92075279975424
leaf_weight=114297 25 20 36 162918 28 71 22 83 22 32919 331 780 37 21 21 25 78 38 20 417 31 25 25 27 38 83 20 93 20 23 23 262 31 35 28 20 20 37 22 25 133 420 175649 6611 226 29 5864 26 32 29 553 20 23 51 41 20 691 131 36 405 61 490
leaf_count=114297 25 20 36 162918 28 71 22 83 22 32919 331 780 37 21 21 25 78 38 20 417 31 25 25 27 38 83 20 93 20 23 23 262 31 35 28 20 20 37 22 25 133 420 175649 6611 226 29 5864 26 32 29 553 20 23 51 41 20 691 131 36 405 61 490
internal_value=0.00494044 -0.100789 2.64059 0.148754 0.698953 0.576818 16.6544 0.105782 0.403981 0.440387 1.8886 2.77697 4.51702 10.9766 19.3561 -1.25788 -7.22134 -2.51692 7.3381 3.47539 6.37513 10.2158 1.55739 7.14567 4.41965 0.503693 3.77564 2.30205 14.7171 12.4344 18.8746 -3.49586 -8.34262 -12.3728 -1.69086 -4.71971 0.492084 17.7813 2.17091 6.39667 4.51471 0.241706 -0.109119 0.429967 0.395429 -0.11183 0.823512 2.14092 6.46477 22.5724 1.18486 -0.406394 2.51872 0.118086 -0.272108 0.270574 -0.25992 -0.0476868 -4.55512 5.03404 0.526521 0.468555
internal_weight=504638 290827 881 213811 15476 15358 118 198335 35417 34981 2062 1608 828 121 62 454 103 436 41 707 265 182 442 151 126 15293 337 297 40 93 45 398 108 86 290 51 351 65 59 48 226 440 289946 14956 14873 6807 8066 1712 310 61 1402 849 249 829 803 752 711 6778 167 441 88 6354
internal_count=504638 290827 881 213811 15476 15358 118 198335 35417 34981 2062 1608 828 121 62 454 103 436 41 707 265 182 442 151 126 15293 337 297 40 93 45 398 108 86 290 51 351 65 59 48 226 440 289946 14956 14873 6807 8066 1712 310 61 1402 849 249 829 803 752 711 6778 167 441 88 6354
cat_boundaries=0 1 2 3
cat_threshold=1 208 64
is_linear=0
shrinkage=0.05


Tree=130
num_leaves=63
num_cat=8
split_feature=7 1 7 20 4 1 12 20 7 19 0 4 19 13 18 18 0 7 0 18 10 13 20 20 12 15 12 0 4 17 19 15 7 1 10 20 20 17 4 16 19 12 15 7 8 16 15 20 0 12 7 18 19 17 16 20 20 13 10 6 16 21
split_gain=2.98647e+06 3.62405e+06 2.28764e+06 2.73172e+06 2.45506e+06 1.97608e+06 2.26797e+06 2.23587e+06 2.36531e+06 2.74072e+06 2.17988e+06 2.42017e+06 4.18074e+06 2.16378e+06 2.79202e+06 2.57508e+06 2.09303e+06 1.72176e+06 1.7968e+06 4.52082e+06 1.67674e+06 2.90993e+06 4.58161e+06 1.60447e+06 1.56246e+06 1.50615e+06 2.62252e+06 1.46793e+06 1.46025e+06 1.41803e+06 4.20878e+06 3.29956e+06 2.53564e+06 4.84115e+06 5.01779e+06 3.47438e+06 3.34249e+06 1.75632e+06 2.08628e+06 1.37935e+06 2.76109e+06 1.73316e+06 1.82754e+06 1.488e+06 1.36406e+06 1.80681e+06 1.35786e+06 1.30468e+06 4.30513e+06 3.22276e+06 3.35519e+06 2.33151e+06 1.98764e+06 1.92015e+06 1.48236e+06 1.29368e+06 2.79203e+06 3.04039e+06 1.93153e+06 1.71875e+06 1.8228e+06 1.34751e+06
threshold=2018.5000000000002 0 2006.5000000000002 4501.1082227991183 46.005000000000003 1 20.500000000000004 4792.6836324509404 2017.5000000000002 125.36716666666668 2 1.5050000000000003 1061.4945000000005 98.500000000000014 3.8350000000000004 1.4885714285714939 3 2011.5000000000002 4 179.78214285714287 2.5000000000000004 288.50000000000006 2980.0949553835444 2281.7772687706679 32.500000000000007 24.750000000000004 12.500000000000002 5 3.0050000000000003 574.42000000000019 954.82150000000013 11.950000000000001 2013.5000000000002 6 5.5000000000000009 3007.6825888012204 4000.0000000000009 38.305000000000007 2098.0250000000005 1.9500000000000002 28.17316666666667 33.500000000000007 22.850000000000005 2014.5000000000002 7.5000000000000009 7.7500000000000009 22.850000000000005 5846.5037224942653 7 23.500000000000004 2015.5000000000002 20.402142857142788 84.780833333333348 3.5050000000000003 18.850000000000005 1955.1746025670002 3209.0769230769233 233.50000000000003 5.5000000000000009 18.500000000000004 12.950000000000001 2.5000000000000004
decision_type=2 1 2 2 2 1 2 2 2 2 9 2 2 2 2 2 9 2 9 2 2 2 2 2 2 2 2 9 2 2 2 2 2 1 2 2 2 2 2 2 2 2 2 2 2 2 2 2 9 2 2 2 2 2 2 2 2 2 2 2 2 2
left_child=2 -2 3 -1 -5 -4 7 -7 13 -10 11 12 16 17 15 -15 20 18 19 -9 21 22 23 24 -8 -19 -27 -3 -13 30 -30 -32 33 34 36 -34 37 38 -33 40 -22 43 -43 -41 46 -46 -39 -12 49 -49 -51 -50 -53 -52 -55 -18 59 58 -58 -57 -61 -59
right_child=1 27 5 4 -6 6 10 8 9 -11 47 28 -14 14 -16 -17 55 25 -20 -21 39 -23 -24 -25 -26 26 -28 -29 29 -31 31 32 35 -35 -36 -37 -38 44 -40 41 -42 42 -44 -45 45 -47 -48 48 51 50 53 52 -54 54 -56 56 57 61 -60 60 -62 -63
leaf_value=-0.22117454581303866 -0.27893710074273892 1.8602736503198125 -0.14688197599314409 -2.8457577803555658 -24.28180395906622 -0.12504169454814301 22.690068531036378 31.960026450384234 -15.267286302314865 -0.97750864947433413 0.13203013104286443 -1.3250073616657423 24.055342951687901 0.85253630876541142 -1.8628141163978018 19.34001572785839 0.83941316254226861 1.2234190219437502 3.1922061522196632 6.1123661807256529 -25.378780626708814 15.211997523452297 -13.643816344592038 -0.45697549514050756 2.9261026573181153 23.525600651332311 0.92295302500327436 0.69290322795019677 0.59908977523008689 0.039859011149909751 21.077438909036143 22.060202678952901 3.9454728389569262 1.14855722321791 33.773307981945223 -5.7864924359718959 28.08729406356812 20.739376072883609 6.2081194534021265 -1.2087893297595365 -2.6459474626709434 -3.4247900187969211 16.679110107421874 -18.701658802032473 3.7616131334201151 -12.492432226453509 4.320655201463139 15.090120633443199 -25.980791063930681 -8.6378368426149148 16.431534449259441 0.22803856164981157 -15.275092349269173 1.8930978344862952 -12.370876395702362 5.5192090445545787 -4.0148583047113622 4.2936276595963507 11.539954922415994 20.014945205398231 4.008603778378717 17.344076149030165
leaf_weight=113868 6860 4651 111397 34 22 98033 20 21 36 494 122609 1095 22 48 632 31 461 1608 619 87 22 33 49 53 20 21 33 6484 22293 10241 27 35 236 354 21 150 20 20 51 31 34 26 20 20 92 21 34 33 23 107 21 39 44 204 20 367 215 196 22 46 29 22
leaf_count=113868 6860 4651 111397 34 22 98033 20 21 36 494 122609 1095 22 48 632 31 461 1608 619 87 22 33 49 53 20 21 33 6484 22293 10241 27 35 236 354 21 150 20 20 51 31 34 26 20 20 92 21 34 33 23 107 21 39 44 204 20 367 215 196 22 46 29 22
internal_value=-0.00713263 0.625404 -0.0305302 -0.226604 -11.2671 0.029427 0.104632 -0.0799207 1.13863 -1.94814 0.222272 0.562158 2.39975 1.66637 -0.755044 8.10712 2.11717 2.38702 4.41655 10.1944 -1.46068 1.83744 -1.27073 5.24843 12.8081 1.49925 9.71287 1.18174 0.471844 0.530411 0.745523 3.82229 3.37172 5.28271 9.88528 0.163621 8.40983 6.8543 12.6595 -5.32852 -11.5767 -1.72132 5.31604 -8.06874 3.86477 0.74095 10.4017 0.121719 -2.45052 0.145727 -1.25117 -10.8687 -7.99049 1.97484 0.619529 2.97022 4.09843 1.34902 -2.57095 6.9287 13.8258 5.61065
internal_weight=504477 17995 486482 113924 56 372558 261161 101663 3630 530 159498 36398 1708 3100 711 79 1686 2389 727 108 328 175 142 93 40 1662 54 11135 34690 33595 23354 1061 1034 648 294 386 273 253 86 153 56 97 46 51 167 113 54 123100 491 385 352 106 83 245 224 1358 897 455 237 442 75 218
internal_count=504477 17995 486482 113924 56 372558 261161 101663 3630 530 159498 36398 1708 3100 711 79 1686 2389 727 108 328 175 142 93 40 1662 54 11135 34690 33595 23354 1061 1034 648 294 386 273 253 86 153 56 97 46 51 167 113 54 123100 491 385 352 106 83 245 224 1358 897 455 237 442 75 218
cat_boundaries=0 1 2 3 4 5 6 7 8
cat_threshold=12 10 547969164 8470528 1224736768 2185706504 16 139520
is_linear=0
shrinkage=0.05


Tree=131
num_leaves=63
num_cat=13
split_feature=1 15 1 0 3 14 4 19 1 10 4 17 15 19 3 0 21 10 3 19 17 19 17 1 19 3 14 3 15 12 10 17 4 0 21 18 18 17 3 18 10 3 18 1 0 1 12 17 3 10 0 1 12 0 19 17 15 3 12 3 15 4
split_gain=2.4448e+06 2.21903e+06 1.49342e+06 1.70394e+06 7.37964e+06 2.96826e+06 1.5694e+06 3.80722e+06 3.77397e+06 3.13803e+06 2.57966e+06 6.24007e+06 2.25699e+06 2.15596e+06 4.01149e+06 2.04516e+06 2.2321e+06 3.93041e+06 2.44482e+06 2.71514e+06 2.21662e+06 2.184e+06 1.99674e+06 1.84597e+06 3.06759e+06 2.33123e+06 3.20592e+06 2.12826e+06 5.7313e+06 2.66699e+06 2.84273e+06 6.45961e+06 2.37804e+06 1.81853e+06 2.63249e+06 2.20997e+06 1.84762e+06 2.1397e+06 1.84228e+06 1.72078e+06 1.67278e+06 4.37659e+06 2.61071e+06 2.59066e+06 2.52709e+06 4.19888e+06 2.99304e+06 5.71642e+06 5.32765e+06 2.11286e+06 2.14816e+07 6.00725e+06 5.05813e+06 3.36154e+06 2.65084e+06 2.48266e+06 2.07721e+06 2.03459e+06 2.80935e+06 1.93706e+06 1.83617e+06 1.80515e+06
threshold=0 16.350000000000005 1 2 4981.5572559041984 32.050000000000004 565.62000000000012 554.98800000000017 3 1.0000000180025095e-35 3.5050000000000003 549.72000000000014 22.550000000000004 3494.5803333333338 2045.1531147001931 4 1.5000000000000002 3.5000000000000004 3530.0651334834361 840.52066666666678 359.8300000000001 1293.9900000000002 135.60500000000005 5 514.14650000000006 3675.9158203319507 30.250000000000004 3008.6330320794664 13.050000000000002 8.5000000000000018 1.0000000180025095e-35 170.43500000000003 914.95000000000016 6 2.5000000000000004 382.97214285714296 2143.5714285714294 887.09000000000003 1251.320545339252 3399.6307142857167 5.5000000000000009 1442.7505144806125 13.990714285714288 7 8 9 23.500000000000004 10.705000000000002 2200.001928317613 4.5000000000000009 10 11 9.5000000000000018 12 31.298333333333336 549.72000000000014 23.850000000000005 3600.0489955903977 28.500000000000004 3408.994814838808 18.950000000000003 3.5050000000000003
decision_type=1 2 1 9 2 2 2 2 1 2 2 2 2 2 2 9 2 2 2 2 2 2 2 1 2 2 2 2 2 2 2 2 2 9 2 2 2 2 2 2 2 2 2 1 9 1 2 2 2 2 9 1 2 9 2 2 2 2 2 2 2 2
left_child=1 -1 -2 6 -5 -6 7 40 9 33 11 -11 -13 39 -15 16 18 21 -8 22 23 -18 -20 24 25 -17 -27 -26 -29 -30 32 -32 -31 34 35 -9 37 -37 -39 -12 49 42 43 61 45 46 47 48 -43 -4 52 53 56 59 -54 57 -51 60 -59 -52 -56 -42
right_child=2 -3 3 4 5 -7 15 8 -10 10 13 12 -14 14 -16 20 17 -19 19 -21 -22 -23 -24 -25 27 26 -28 28 29 30 31 -33 -34 -35 -36 36 -38 38 -40 -41 41 44 -44 -45 -46 -47 -48 -49 -50 50 51 -53 54 -55 55 -57 -58 58 -60 -61 -62 -63
leaf_value=-0.5797687802140562 0.3541913039911273 -0.065613366364356607 0.16646896252309609 -0.052489144432275647 -31.093635627746586 -7.7659411883354181 -1.5370309695217415 20.799430458820783 -0.043797283851729922 34.1313632113593 1.5946772325061367 12.709452438354493 -8.5536747923264134 0.18924528251994741 27.390932066544242 0.087701202082514237 4.6867088862947215 -11.12044993241628 -1.8612252016862234 -0.40765038957962629 -0.22014561719030015 22.322702589489168 -13.794192399795239 -0.16839453031670332 2.396694471354516 1.73336452291562 -22.649109656470163 33.032655570507053 -6.2906703858148489 -9.4257911273411334 31.044965814862934 0.66731992925916406 6.490405698480278 0.82652520159756926 24.139183857129968 7.0282627570142084 20.091385614304315 -10.938981366838728 4.3561085192362468 -8.711121264318141 1.8755573523975908 -11.641065837115777 0.10582746851933314 1.2176411974846217 -0.38617600120614304 -0.085497352978169294 -2.6497808194332131 -5.6719753154658754 -43.118244266510011 17.427195487746712 1.841811215961074 -1.6483577464983226 -9.8767932090759274 -1.7243067754532757 3.7715135916450322 -4.1519806814193734 1.6397543867429096 -9.5974035835266118 7.8175900970805774 8.78633214051907 9.7778253696287436 11.133801616592841
leaf_weight=31344 35898 63498 67782 254510 25 30 970 26 2685 21 3351 24 26 33 23 448 107 36 48 104 23944 21 130 1454 1016 26 28 20 42 28 35 35 145 151 23 257 21 35 45 41 80 41 3187 477 2168 853 753 460 20 158 2913 3030 25 715 169 50 24 40 55 104 515 154
leaf_count=31344 35898 63498 67782 254510 25 30 970 26 2685 21 3351 24 26 33 23 448 107 36 48 104 23944 21 130 1454 1016 26 28 20 42 28 35 35 145 151 23 257 21 35 45 41 80 41 3187 477 2168 853 753 460 20 158 2913 3030 25 715 169 50 24 40 55 104 515 154
internal_value=-0.00676959 -0.23551 0.0461948 0.0166026 -0.0564444 -18.3694 0.172631 0.274694 1.41594 2.37158 1.82502 11.259 1.65263 1.63076 11.3614 -0.149977 -1.99578 3.47511 -2.72835 -6.82617 -0.0532081 7.58011 -10.5763 1.16639 2.21974 -1.09525 -10.9094 3.49629 7.15922 5.34354 7.35439 15.8561 3.91437 5.86093 7.52357 6.72429 5.70208 4.80541 -2.33549 1.47011 0.182574 -0.496034 0.717012 3.4566 -1.59695 -2.81602 -4.62932 -7.57919 -21.9615 0.256137 1.03555 0.00263506 7.70303 1.34389 6.16454 6.6483 15.3453 7.34151 0.484961 2.07432 8.29381 7.64201
internal_weight=504477 94842 409635 373737 254565 55 119172 90535 6762 4077 3519 71 50 3448 56 28637 1416 164 1252 282 27221 128 178 3277 1823 502 54 1321 305 285 243 70 173 558 407 384 358 337 80 3392 83773 8193 3898 711 4295 2127 1274 521 61 75580 7798 6762 1036 3732 854 829 182 779 95 3017 684 234
internal_count=504477 94842 409635 373737 254565 55 119172 90535 6762 4077 3519 71 50 3448 56 28637 1416 164 1252 282 27221 128 178 3277 1823 502 54 1321 305 285 243 70 173 558 407 384 358 337 80 3392 83773 8193 3898 711 4295 2127 1274 521 61 75580 7798 6762 1036 3732 854 829 182 779 95 3017 684 234
cat_boundaries=0 1 2 4 5 6 7 8 9 10 11 12 13 15
cat_threshold=8 1 548363276 1 144 16384 144 81920 2 22536 68 18432 100 5132 1
is_linear=0
shrinkage=0.05


Tree=132
num_leaves=63
num_cat=7
split_feature=7 7 3 12 0 20 18 7 20 3 9 6 7 14 4 14 19 18 18 3 20 17 4 20 17 7 6 0 17 3 19 0 18 3 14 20 18 4 14 0 3 0 20 10 3 20 3 19 12 17 19 4 20 0 4 19 4 4 7 6 19 0
split_gain=2.70926e+06 2.06241e+06 4.53391e+06 1.76139e+06 2.10513e+06 2.06023e+06 4.12108e+06 3.48215e+06 2.02656e+06 2.74875e+06 6.57215e+06 2.55559e+06 2.52138e+06 2.39573e+06 1.93477e+06 2.87295e+06 1.82396e+06 1.80571e+06 5.24046e+06 1.75587e+06 2.06485e+06 1.81364e+06 1.67665e+06 1.65711e+06 3.31469e+06 3.15984e+06 2.25317e+06 1.56486e+06 1.56756e+06 1.63478e+06 1.47953e+06 1.47757e+06 2.84964e+06 1.52466e+06 2.82707e+06 1.46974e+06 1.57988e+06 1.55143e+06 1.45119e+06 1.42588e+06 1.35046e+06 2.83203e+06 3.74105e+06 2.26697e+06 2.30992e+06 2.07124e+06 1.81681e+06 2.04574e+06 2.85064e+06 3.3505e+06 2.59505e+06 2.1076e+06 1.62928e+06 1.52869e+06 2.11588e+06 1.22814e+06 1.50647e+06 1.20988e+06 1.20099e+06 1.19939e+06 1.9901e+06 1.15593e+06
threshold=2018.5000000000002 2006.5000000000002 4371.0287820196727 20.500000000000004 0 5846.5037224942653 15.585714285714287 2015.5000000000002 4792.6836324509404 3530.0651334834361 18.500000000000004 6.5000000000000009 2011.5000000000002 35.550000000000004 204.00500000000002 26.950000000000003 0.899166666666667 1.4885714285714939 1.9000000000000004 1352.1589640531095 2044.5544314459996 0.90500000000000014 0.30500000000000005 5846.5037224942653 4.9900000000000011 2015.5000000000002 8.5000000000000018 1 266.03000000000003 4628.4457362818657 217.91650000000001 2 179.78214285714287 4981.5572559041984 29.050000000000004 3535.4039992962066 32.003571428571441 37.905000000000008 29.850000000000005 3 1208.7568891109356 4 2092.2258833249689 4.5000000000000009 3104.7188819842099 865.65584319944412 1600.0164473684215 915.95366666666678 31.500000000000004 867.13000000000011 1133.9040000000002 90.715000000000018 3007.6825888012204 5 384.01500000000004 39.560166666666674 2.0050000000000003 12.910000000000002 2017.5000000000002 4.5000000000000009 1559.1600000000001 6
decision_type=2 2 2 2 9 2 2 2 2 2 2 2 2 2 2 2 2 2 2 2 2 2 2 2 2 2 2 9 2 2 2 9 2 2 2 2 2 2 2 9 2 9 2 2 2 2 2 2 2 2 2 2 2 9 2 2 2 2 2 2 2 9
left_child=1 2 40 8 16 -6 -7 -8 -3 10 11 -10 13 31 15 -9 -5 22 -19 20 21 -2 -14 -20 25 -25 -27 28 29 35 -15 -11 -33 34 -34 61 -37 38 -38 -31 -1 42 45 44 52 -42 47 57 49 -49 -50 -51 -43 54 -45 56 -46 -47 -17 60 -52 -21
right_child=19 3 -4 4 5 6 7 14 9 12 -12 -13 17 30 -16 58 -18 18 23 27 -22 -23 -24 24 -26 26 -28 -29 -30 39 -32 32 33 -35 -36 36 37 -39 -40 -41 41 43 -44 53 55 46 -48 48 50 51 59 -53 -54 -55 -56 -57 -58 -59 -60 -61 -62 -63
leaf_value=-0.13400533514615084 9.9092296082040541 -0.14012817610339598 -17.260007017086714 2.9359356930296374 0.035874030488025677 -26.313730630874637 -19.81960281958947 18.491406791687012 9.7918619537353528 1.247351415856738 -12.096614408493043 34.487161532315348 1.3844979429244997 5.6962687182426457 -7.1002573848634531 2.8951454105377201 0.35249364476860556 23.082805502414704 0.44232761419398853 4.6147353844867416 -14.991875789476479 -0.052616969375895106 -17.715949328740439 -11.155040444998907 -10.299207978270879 0.59449593312031512 19.393887444904873 0.40143657430153656 0.72242020556221986 1.4663729922716009 -5.5467128265888324 19.376339497064293 3.9899847088438096 3.8934231026046109 27.813410902023318 3.3956283770829629 -20.967151858806613 -0.91284180167945517 -4.4717333447933205 9.2419233623223445 -12.768940142525567 -0.23422512445898583 -14.145278836999621 -1.5825180642340468 11.770721022255961 3.5367209267057476 -5.0238324966561052 5.2967484242386291 21.797797905604046 -23.561731029692154 -11.143371930329696 -3.2991832646456629 -9.8700290883129309 -0.53677069151083834 -6.1680778222908215 19.210618634223938 -5.3371426842768086 -3.0858330685257913 -9.240096796410425 11.25739182283481 10.422298207283021 1.8589526887341983
leaf_weight=95703 46 139160 39 692 174999 20 26 25 20 261 20 22 20 40 69 75 53832 25 2438 523 23 6756 27 29 107 37 28 5717 2663 119 109 38 33 358 20 159 20 223 40 146 45 14771 70 664 31 80 320 72 30 21 23 33 44 975 405 20 22 500 28 36 20 1560
leaf_count=95703 46 139160 39 692 174999 20 26 25 20 261 20 22 20 40 69 75 53832 25 2438 523 23 6756 27 29 107 37 28 5717 2663 119 109 38 33 358 20 159 20 223 40 146 45 14771 70 664 31 80 320 72 30 21 23 33 44 975 405 20 22 500 28 36 20 1560
internal_value=-0.00643275 -0.028718 -0.21489 0.0282112 0.113917 0.0294839 -4.57121 -2.62121 -0.109697 1.05626 11.4939 22.7275 0.87499 3.23559 -0.351367 3.28671 0.385211 0.127015 0.298415 0.596032 -0.0358196 0.0147522 -9.5881 0.0825724 -4.28103 2.56946 8.6927 0.982101 1.58723 2.41837 -2.52846 4.44523 6.13962 5.06517 12.98 2.02627 -0.592469 -2.83313 -9.97021 6.15435 -0.209053 -0.604073 -2.89153 -0.433238 -0.219125 -2.24844 -1.83133 -0.577833 3.35764 -1.76431 9.27843 -11.1791 -0.262843 -1.9949 -3.28903 8.65325 4.66934 -2.17238 -0.403755 4.52423 -1.11283 2.58195
internal_weight=504477 486482 113924 372558 229766 175242 243 223 142792 3632 62 42 3570 859 197 128 54524 2711 2664 17995 6825 6802 47 2639 201 94 65 11170 5453 2790 149 710 449 411 53 2525 442 283 60 265 113885 18182 1250 16932 14888 1180 1135 815 235 126 109 54 14815 2044 1069 73 53 580 103 79 43 2083
internal_count=504477 486482 113924 372558 229766 175242 243 223 142792 3632 62 42 3570 859 197 128 54524 2711 2664 17995 6825 6802 47 2639 201 94 65 11170 5453 2790 149 710 449 411 53 2525 442 283 60 265 113885 18182 1250 16932 14888 1180 1135 815 235 126 109 54 14815 2044 1069 73 53 580 103 79 43 2083
cat_boundaries=0 1 2 3 4 5 6 7
cat_threshold=548100236 2454659368 272644096 4202752 2148810768 1078010120 73984
is_linear=0
shrinkage=0.05


Tree=133
num_leaves=63
num_cat=3
split_feature=7 1 7 3 1 13 20 12 3 20 3 7 4 4 19 1 13 13 21 13 3 10 12 20 17 19 3 3 20 16 13 3 19 4 15 3 3 15 7 7 19 20 4 16 15 19 6 4 15 4 16 19 10 19 5 20 6 4 16 10 7 3
split_gain=2.44913e+06 3.06608e+06 1.86139e+06 4.09186e+06 1.6948e+06 1.82738e+06 3.02509e+06 2.08219e+06 6.3797e+06 3.78005e+06 3.14222e+06 5.37736e+06 4.14454e+06 2.20294e+06 2.20289e+06 2.03134e+06 4.7451e+06 3.04413e+06 2.83264e+06 2.44423e+06 2.38596e+06 2.6805e+06 1.8994e+06 1.77317e+06 3.4425e+06 2.34754e+06 2.23143e+06 2.19019e+06 1.66104e+06 2.81526e+06 5.35501e+06 1.91242e+06 1.8395e+06 1.73159e+06 2.06337e+06 1.58024e+06 1.49542e+06 2.06006e+06 1.46927e+06 4.12363e+06 2.14801e+06 2.57941e+06 1.90627e+06 1.70949e+06 1.46191e+06 1.56707e+06 1.4505e+06 1.38087e+06 2.4475e+06 1.53526e+06 1.37494e+06 1.35662e+06 1.35408e+06 1.71642e+06 1.34938e+06 1.34402e+06 2.21354e+06 1.98611e+06 1.31575e+06 1.56943e+06 1.33347e+06 1.27467e+06
threshold=2018.5000000000002 0 2006.5000000000002 4371.0287820196727 1 329.50000000000006 1890.1586458975469 20.500000000000004 1820.0042775665404 2302.6551113320688 3104.7188819842099 2016.5000000000002 0.90500000000000014 18.470000000000002 4.2446666666666664 2 200.50000000000003 268.50000000000006 2.5000000000000004 166.50000000000003 2400.004260758416 4.5000000000000009 11.500000000000002 3271.8972491814698 67.055000000000021 3.1291666666666673 2279.1554194469331 3158.1210901774289 2065.7216436495364 27.950000000000003 245.50000000000003 3104.7188819842099 13.806666666666667 590.73000000000013 16.750000000000004 3904.2033643443924 2746.2840768770461 22.250000000000004 2016.5000000000002 2017.5000000000002 111.42833333333336 2369.7975522815182 67.605000000000018 5.2500000000000009 14.550000000000002 98.402666666666676 19.500000000000004 75.29000000000002 13.850000000000003 1.0050000000000001 3.3500000000000001 1520.7180000000008 4.5000000000000009 232.18083333333337 1.0000000180025095e-35 3900.6392308260497 27.500000000000004 67.605000000000018 45.050000000000004 2.5000000000000004 2013.5000000000002 1352.1589640531095
decision_type=2 1 2 2 1 2 2 2 2 2 2 2 2 2 2 1 2 2 2 2 2 2 2 2 2 2 2 2 2 2 2 2 2 2 2 2 2 2 2 2 2 2 2 2 2 2 2 2 2 2 2 2 2 2 2 2 2 2 2 2 2 2
left_child=2 -2 3 -1 5 7 -7 8 9 -4 13 22 -13 14 -10 16 19 28 20 23 -19 -22 -12 25 27 26 -9 -25 31 33 58 -18 -32 34 -30 50 -27 -38 55 40 41 43 -43 -40 -11 -46 -42 49 -49 -23 -26 52 -15 -54 -8 -21 57 -57 60 -60 -31 -36
right_child=1 -3 4 -5 -6 6 54 15 10 44 11 12 -14 51 -16 -17 17 18 -20 38 21 47 -24 24 35 36 -28 -29 29 30 32 -33 -34 -35 61 -37 37 -39 39 -41 46 42 -44 -45 45 -47 -48 48 -50 -51 -52 -53 53 -55 -56 56 -58 -59 59 -61 -62 -63
leaf_value=-0.19860236817775556 -0.17977186188972405 1.137035832410038 -0.12659062167413718 -16.397006758665427 0.12752740426859988 -0.34196839632194065 -2.6939667589938123 18.179670555392899 -1.2000373473593471 -15.546964742699448 -11.294745893256611 -5.226876716180282 -33.243860001997511 -1.2175908682952632 -5.316014381144365 -0.054255809233866983 -0.15675210771287987 0.19694300024252454 6.9614132126686217 1.7496879715288047 1.1175239637313881 11.657964020056859 2.0210576865454795 -4.3655116787663211 5.8923931858756333 0.31095362430850465 2.4821452316690666 -24.15452146489045 -6.7134811758656401 -4.4856121300160892 29.020905754782941 -15.635683422088626 9.7005994954279497 -5.1465238304979843 11.482017250061036 13.566794077555338 16.949255332350731 1.6005809761475824 1.3306594798746316 0.68877323331175955 8.7801472281000823 0.82774411689403449 -17.55066665467762 15.282804347787584 1.8434220380561297 -12.520903776673711 22.413365523020428 22.166509984220781 6.4066108131667647 0.089198070426359244 -11.591691687314407 -12.993120445988396 6.6617603062687074 -2.4347359340331138 5.1176829343171502 -16.405715788735286 10.998835390396417 -0.93779694985370254 -13.153816885266986 2.1665353775199039 6.7429766572438758 -1.2000643934843875
leaf_weight=113885 7801 10194 62698 39 196896 15657 1835 36 561 49 43 22 33 1044 773 59460 8780 8719 174 4905 1261 36 71 27 22 4457 61 29 176 40 22 20 28 381 20 21 32 69 46 509 275 43 21 42 43 34 21 28 205 141 23 22 133 85 57 36 20 49 35 32 78 2122
leaf_count=113885 7801 10194 62698 39 196896 15657 1835 36 561 49 43 22 33 1044 773 59460 8780 8719 174 4905 1261 36 71 27 22 4457 61 29 176 40 22 20 28 381 20 21 32 69 46 509 275 43 21 42 43 34 21 28 205 141 23 22 133 85 57 36 20 49 35 32 78 2122
internal_value=-0.00609298 0.566719 -0.0272814 -0.204148 0.0268023 -0.0861007 -0.57017 -0.0323791 -0.247823 -0.143977 -2.58869 -9.19655 -22.0371 -2.16213 -3.58508 0.120433 0.434676 0.0188882 0.6346 1.298 0.528645 2.25941 -3.00157 0.455138 -5.49527 0.611088 8.30803 -14.6134 -0.535431 -1.56569 3.68319 -0.191931 18.2015 -2.02271 -1.50926 2.24131 0.447288 6.46353 1.97278 3.76795 7.26638 2.43498 -5.20267 7.98964 -8.79559 -4.49927 9.74737 5.77142 8.3005 2.44217 -3.04392 -0.683763 -0.469179 3.11496 -2.45863 1.62987 -3.96744 -7.48892 -0.240685 -5.83663 2.93668 -1.08165
internal_weight=504477 17995 486482 113924 372558 175662 17549 158113 65611 62824 2787 169 55 2618 1334 92502 33042 22298 10564 10744 10390 1671 114 4777 122 4655 97 56 11734 2934 235 8800 50 2699 2318 66 4558 101 5967 957 448 152 64 88 126 77 296 410 233 177 45 1284 1262 218 1892 5010 105 85 185 67 118 2142
internal_count=504477 17995 486482 113924 372558 175662 17549 158113 65611 62824 2787 169 55 2618 1334 92502 33042 22298 10564 10744 10390 1671 114 4777 122 4655 97 56 11734 2934 235 8800 50 2699 2318 66 4558 101 5967 957 448 152 64 88 126 77 296 410 233 177 45 1284 1262 218 1892 5010 105 85 185 67 118 2142
cat_boundaries=0 1 2 3
cat_threshold=44 74 64
is_linear=0
shrinkage=0.05


Tree=134
num_leaves=63
num_cat=12
split_feature=7 20 0 3 15 19 1 3 20 20 0 10 14 0 20 3 13 17 19 16 9 14 17 20 0 10 0 10 10 7 7 7 1 20 13 0 0 10 7 19 14 19 3 19 20 14 0 20 1 3 19 20 15 14 3 16 9 6 3 0 3 21
split_gain=2.27109e+06 2.08339e+06 1.99365e+06 2.16126e+06 4.79338e+06 1.75787e+06 1.56291e+06 3.31292e+06 6.1734e+06 5.21224e+06 4.27417e+06 1.85201e+06 1.87318e+06 1.7428e+06 2.47541e+06 3.27701e+06 3.19745e+06 4.08916e+06 3.60961e+06 3.93359e+06 2.52165e+06 2.46776e+06 1.78407e+06 1.67572e+06 1.50713e+06 1.6757e+06 3.31997e+06 9.94255e+06 9.22456e+06 5.74256e+06 4.03629e+06 4.73736e+06 3.87097e+06 3.77232e+06 3.05317e+06 2.69021e+06 2.67993e+06 1.38131e+07 7.34548e+06 3.32764e+06 2.48488e+06 2.06097e+06 1.98076e+06 3.56277e+06 2.37321e+06 2.77365e+06 2.3324e+06 1.978e+06 2.38867e+06 2.17608e+06 3.73329e+06 2.55932e+06 1.90554e+06 2.05464e+06 1.83518e+06 4.07725e+06 2.91903e+06 1.67055e+06 1.52149e+06 1.51861e+06 3.11012e+06 2.32839e+06
threshold=2011.5000000000002 5469.7708618331062 0 5224.9642948227502 23.050000000000004 148.52500000000001 1 1820.0042775665404 3535.4039992962066 1502.0765302439734 2 1.0000000180025095e-35 26.650000000000002 3 2157.8606920305015 2336.9791367048933 239.50000000000003 52.210000000000008 21.433666666666671 0.25000000000000006 11.500000000000002 29.350000000000005 0.50500000000000012 1919.6241036627098 4 2.5000000000000004 5 5.5000000000000009 4.5000000000000009 2017.5000000000002 2012.5000000000002 2014.5000000000002 6 2002.1355204632964 200.50000000000003 7 8 3.5000000000000004 2014.5000000000002 15.403833333333333 32.250000000000007 111.42833333333336 4000.0000000000009 1.0975000000000004 4633.3644804982769 28.550000000000004 9 2023.3249596634193 10 2301.3822729599801 7.7888333333333337 3343.4136040308244 19.050000000000004 30.050000000000004 2476.7546290360606 1.6500000000000001 17.500000000000004 9.5000000000000018 1700.0197676540358 11 3104.7188819842099 1.5000000000000002
decision_type=2 2 9 2 2 2 1 2 2 2 9 2 2 9 2 2 2 2 2 2 2 2 2 2 9 2 9 2 2 2 2 2 1 2 2 9 9 2 2 2 2 2 2 2 2 2 9 2 1 2 2 2 2 2 2 2 2 2 2 9 2 2
left_child=1 -1 5 4 -4 -3 7 8 10 11 -2 -9 -13 22 15 -15 17 20 -18 21 23 -20 -11 -17 -8 35 27 28 36 30 -30 33 57 41 -35 47 37 38 -27 -40 -34 -32 44 -44 -28 -46 -45 54 -49 -50 51 -51 -31 -54 -26 56 -56 -33 -29 60 -37 -62
right_child=6 2 3 -5 -6 -7 24 9 -10 13 -12 12 -14 14 -16 16 18 -19 19 -21 -22 -23 -24 -25 25 26 42 58 29 52 31 32 40 34 -36 59 -38 -39 39 -41 -42 -43 43 46 45 -47 -48 48 49 50 -52 -53 53 -55 55 -57 -58 -59 -60 -61 61 -63
leaf_value=-0.11689291545190633 -0.3044641860975924 20.885765310992369 24.219416346549991 0.41085858862269431 -5.424923649311066 5.7212147427871169 -0.24682843624365522 3.5602234824498495 24.330507906153798 -7.1173036296343071 4.9738119396362865 8.3545398666745143 28.432189673643848 1.0464469547287163 0.31403142369196335 -4.2523007766060212 32.350563267299108 12.899523561000827 10.111452415254382 -2.7475753898804007 -8.053135880788167 32.016753938794139 -0.30136120761732754 13.441190077364446 -0.34960826229856845 1.062941530274182 0.16571705707336012 1.2802900838522824 1.4209849151827041 -11.495332988103231 15.600663069316321 12.788709821783264 0.91613840435377591 0.052474308013916018 18.41427484027675 2.3623179554339289 0.8129246119718696 -8.548586364646992 17.655123411736838 38.645425507681715 11.784711653123301 32.605560962521302 -14.610130911210071 -2.1700755470074138 -21.527099870752409 3.0396747875213626 5.6660806065343543 -0.78791745662143042 -6.0540384257974633 -5.6426221419464468 -0.73650830920927779 -25.676301239013675 10.327003693580629 -1.1654238959010557 -13.170589425828723 20.790478631221887 9.8708702564239506 25.859258200140562 -4.0579584248308374 0.053278785876581483 -7.478195643246174 3.9761901624619016
leaf_weight=258591 834 23 30 632 25 113 38351 30 32 97 704 21 26 875 46423 23 21 70 36 39 75 20 9372 32 12547 41 76281 163 126 30 28 87 176 36 61 1515 2402 83 41 35 75 49 27 120 27 20 423 3252 474 44 734 25 54 139 27 33 28 34 737 47795 150 63
leaf_count=258591 834 23 30 632 25 113 38351 30 32 97 704 21 26 875 46423 23 21 70 36 39 75 20 9372 32 12547 41 76281 163 126 30 28 87 176 36 61 1515 2402 83 41 35 75 49 27 120 27 20 423 3252 474 44 734 25 54 139 27 33 28 34 737 47795 150 63
internal_value=-0.00578731 -0.108899 2.40278 1.2204 10.7447 7.71829 0.103363 0.328251 2.59421 0.266069 2.14196 13.2661 19.4613 0.248533 0.371699 2.62258 6.98687 3.15648 13.591 9.44413 -2.08977 17.9348 -0.370792 6.04209 0.0324614 0.104854 0.25725 1.59194 2.80174 7.18036 9.48753 11.349 8.16378 18.1589 11.5996 -0.080909 1.29565 6.71666 18.1199 27.3217 4.00419 26.422 0.180702 3.11724 0.158797 -11.0732 3.99872 -0.620138 -1.51702 -3.34141 -1.78179 -12.9012 0.227822 2.05007 -0.299143 6.89618 -1.44039 15.2048 -3.09114 0.106084 1.55793 -4.09028
internal_weight=504477 259414 823 687 55 136 245063 58730 1570 57160 1538 77 47 57083 47614 1191 316 200 116 95 130 56 9469 55 186333 147982 81295 4397 3497 895 672 546 372 174 97 66687 2602 200 117 76 251 77 76898 570 76328 47 543 17164 4529 1277 803 69 223 193 12635 88 55 121 900 49523 1728 213
internal_count=504477 259414 823 687 55 136 245063 58730 1570 57160 1538 77 47 57083 47614 1191 316 200 116 95 130 56 9469 55 186333 147982 81295 4397 3497 895 672 546 372 174 97 66687 2602 200 117 76 251 77 76898 570 76328 47 543 17164 4529 1277 803 69 223 193 12635 88 55 121 900 49523 1728 213
cat_boundaries=0 1 2 3 4 5 6 7 8 9 10 11 12
cat_threshold=1224737280 49 1124073472 3771727888 2432729120 2637840 64 3166234 2097152 33687872 140 537395200
is_linear=0
shrinkage=0.05


Tree=135
num_leaves=63
num_cat=5
split_feature=7 17 0 3 10 3 0 19 20 17 6 16 15 3 20 17 20 19 10 20 20 3 18 17 10 7 10 10 0 0 10 18 10 12 7 20 12 20 13 6 3 18 15 15 7 0 3 17 19 19 19 16 18 19 3 10 20 19 3 3 7 3
split_gain=2.38401e+06 1.18668e+06 2.12979e+06 1.82707e+06 1.84756e+06 3.44993e+06 2.47776e+06 3.45746e+06 3.42235e+06 4.54059e+06 3.99737e+06 2.78537e+06 2.5148e+06 2.4701e+06 2.92145e+06 2.25629e+06 2.24502e+06 2.17757e+06 2.22519e+06 2.11773e+06 1.91523e+06 1.94564e+06 3.46249e+06 3.30761e+06 2.47748e+06 6.48843e+06 2.50066e+06 1.90247e+06 5.78968e+06 2.63066e+06 3.8956e+06 2.03189e+06 3.79534e+06 2.01056e+06 1.83723e+06 2.6682e+06 2.29417e+06 2.01277e+06 2.42341e+06 1.83864e+06 1.7718e+06 4.74113e+06 1.76968e+06 1.70239e+06 1.70075e+06 1.80496e+06 2.81823e+06 1.93586e+06 1.69856e+06 1.63745e+06 1.54034e+06 1.84294e+06 1.50481e+06 2.47805e+06 2.42877e+06 1.49002e+06 4.36389e+06 1.87623e+06 1.67427e+06 2.70242e+06 1.91055e+06 2.27748e+06
threshold=2012.5000000000002 1184.8750000000002 0 5833.4745046068419 2.5000000000000004 1769.8694283200996 1 4.2446666666666664 3824.8560737548437 2.5050000000000003 10.500000000000002 2.5500000000000003 22.050000000000004 2439.0652173913049 2549.1546543786994 5.0050000000000008 2700.0186567164187 554.98800000000017 5.5000000000000009 1361.5925202790247 994.42657769353184 1100.0000171572108 19.355000000000008 45.110000000000007 4.5000000000000009 2015.5000000000002 5.5000000000000009 5.5000000000000009 2 3 4.5000000000000009 508.28785714285726 3.5000000000000004 37.500000000000007 2015.5000000000002 3007.6825888012204 28.500000000000004 2186.955134142715 223.50000000000003 22.500000000000004 5470.869381340538 382.97214285714296 23.450000000000003 19.450000000000003 2018.5000000000002 4 5470.869381340538 208.57000000000002 343.81450000000007 416.29816666666676 13.806666666666667 5.8500000000000005 2.3714285714285759 3.7213333333333338 2439.0652173913049 4.5000000000000009 4792.6836324509404 1861.7524999999998 2784.7630142627772 2002.3834457028536 2015.5000000000002 3828.1534090909095
decision_type=2 2 9 2 2 2 9 2 2 2 2 2 2 2 2 2 2 2 2 2 2 2 2 2 2 2 2 2 9 9 2 2 2 2 2 2 2 2 2 2 2 2 2 2 2 9 2 2 2 2 2 2 2 2 2 2 2 2 2 2 2 2
left_child=-1 2 3 4 6 16 7 8 9 10 42 12 -11 14 -9 -13 17 20 -19 -7 -6 22 -22 -24 -23 26 -26 29 33 30 31 43 -33 -29 35 39 -37 38 -36 48 55 -42 -2 50 -4 46 47 -46 -32 -5 -21 -52 -45 54 -54 -31 57 58 59 -57 -60 -62
right_child=1 -3 44 49 5 19 -8 13 -10 11 -12 15 -14 -15 -16 -17 -18 18 -20 27 21 24 23 -25 25 -27 -28 28 -30 40 34 32 -34 -35 37 36 -38 -39 -40 -41 41 -43 -44 52 45 -47 -48 -49 -50 -51 51 -53 53 -55 -56 56 -58 -59 60 -61 61 -63
leaf_value=-0.10021774390038624 -9.71687668020075 -0.080416201159249703 0.074216859408636648 -0.77556092161120793 -1.6780802575927796 -8.3069281332194809 1.0805011843388765 -1.5343231052704458 19.745191492353168 14.21135013217018 -25.801032584054127 5.3446315436527652 -7.5606467776828339 0.30888337910034908 -7.4524827816907093 24.203889681271146 -13.064505477178665 -0.35861768520977788 5.1055160195490492 -1.2669340420336952 3.7499828221046765 2.239098280527934 36.548015632629394 11.935958368001984 21.915205004447845 2.3002080780825591 7.8148221352521112 6.3897273277609257 -3.3288738160757192 0.35880876369013365 6.9363028147641348 18.566735368707906 -1.7442795629086705 -1.3541181132694087 2.7643808532644201 -7.4236971528906572 7.9560156014317007 5.6849752354567862 -11.156509781967511 25.065707588195803 -5.2513331413269047 21.759347501397134 9.9158069491386414 -9.1642192077636722 2.2461255143780665 0.23100879514521966 7.9952799434987654 0.10618036945777068 19.09324388027191 -13.31451447204102 5.1996118907575255 21.198471429612905 0.096747224981134583 0.34046594815205533 23.096602121988933 2.2309268795985444 12.945555858122999 -14.859033784866334 -4.7644945304734367 -10.064772413994049 0.82901529127901252 21.178130016326904
leaf_weight=290935 22 55045 130394 66 99 64 4258 1684 35 21 21 29 36 1804 238 35 21 553 281 42 73 446 20 43 82 203 51 278 816 1591 102 46 46 120 108 38 67 331 44 25 33 32 24 40 2284 7735 161 1967 40 43 54 27 22 1754 24 65 39 40 70 143 44 20
leaf_count=290935 22 55045 130394 66 99 64 4258 1684 35 21 21 29 36 1804 238 35 21 553 281 42 73 446 20 43 82 203 51 278 816 1591 102 46 46 120 108 38 67 331 44 25 33 32 24 40 2284 7735 161 1967 40 43 54 27 22 1754 24 65 39 40 70 143 44 20
internal_value=-0.00704695 0.119656 0.188966 0.729249 0.772987 1.31184 0.245299 -0.65633 5.38948 2.71687 -7.72558 8.49905 0.460615 -1.01993 -2.26716 15.6583 3.19177 3.3762 1.48242 0.740998 4.92921 5.64176 11.1614 19.7493 4.68182 7.92424 16.5083 0.835911 -0.935585 1.27598 2.26916 1.14882 8.41123 3.95551 5.34864 8.6354 2.39002 3.49771 -1.26535 12.5621 -0.0782666 8.04623 0.526263 0.808447 0.126922 0.692797 1.49847 1.25594 10.3608 -5.72212 6.50347 10.5326 0.427747 0.640902 12.0967 -0.341127 -2.98625 -4.6128 -3.41441 -6.22237 0.944214 7.18811
internal_weight=504874 213939 158894 16353 16244 8037 8207 3949 223 188 67 121 57 3726 1922 64 1872 1851 834 6165 1017 918 136 63 782 336 133 6101 1214 4887 2810 2055 92 398 755 272 105 483 152 167 2077 65 46 1963 142541 12147 4412 4251 142 109 123 81 1840 1800 46 2012 421 382 342 208 134 64
internal_count=504874 213939 158894 16353 16244 8037 8207 3949 223 188 67 121 57 3726 1922 64 1872 1851 834 6165 1017 918 136 63 782 336 133 6101 1214 4887 2810 2055 92 398 755 272 105 483 152 167 2077 65 46 1963 142541 12147 4412 4251 142 109 123 81 1840 1800 46 2012 421 382 342 208 134 64
cat_boundaries=0 1 2 3 4 5
cat_threshold=11034628 2113536 8196 2113536 1380126728
is_linear=0
shrinkage=0.05


Tree=136
num_leaves=63
num_cat=8
split_feature=7 1 3 20 17 3 4 20 20 12 1 20 3 20 3 0 20 3 20 13 3 9 20 0 14 4 6 13 19 15 17 3 14 15 14 1 20 20 0 11 15 4 7 4 13 3 3 19 15 9 9 9 14 0 4 11 1 7 17 19 4 14
split_gain=2.15147e+06 1.35091e+06 9.65532e+06 6.64295e+06 2.00195e+06 2.00515e+06 1.79717e+06 1.56524e+06 1.15088e+06 1.13018e+06 1.56953e+06 2.01896e+06 1.9394e+06 2.04017e+06 1.59196e+06 1.47006e+06 1.27278e+06 1.18632e+06 2.30543e+06 1.16533e+06 3.17567e+06 5.36103e+06 1.53286e+06 2.71019e+06 2.65597e+06 3.76731e+06 2.39554e+06 2.21217e+06 1.68972e+06 4.4568e+06 2.83399e+06 5.75238e+06 1.83036e+06 3.33208e+06 1.54773e+06 1.36208e+06 2.64747e+06 2.21803e+06 1.97622e+06 1.54342e+06 1.85586e+06 2.48572e+06 2.03937e+06 1.21085e+06 1.3687e+06 1.23793e+06 1.22011e+06 1.35482e+06 1.1674e+06 1.16684e+06 1.25994e+06 1.10615e+06 1.1044e+06 1.09102e+06 2.15607e+06 1.18119e+07 4.8568e+06 5.03998e+06 3.80476e+06 3.61052e+06 2.40072e+06 2.34898e+06
threshold=2012.5000000000002 0 3530.0651334834361 3535.4039992962066 93.50500000000001 3336.2827255565417 22.120000000000005 3161.1678463094036 203.89781673223013 47.500000000000007 1 3065.361988127981 3675.9158203319507 3415.5617713651791 3487.2195577335215 2 2700.0186567164187 1700.0197676540358 2477.1922878756609 304.50000000000006 4782.7513255980266 12.500000000000002 4633.3644804982769 3 31.950000000000003 48.010000000000012 7.5000000000000009 300.50000000000006 103.57583333333336 17.550000000000004 1626.825 3904.2033643443924 29.550000000000004 20.850000000000005 19.450000000000003 4 4501.1082227991183 1872.4046726614349 5 1.0000000180025095e-35 17.850000000000005 62.805000000000007 2015.5000000000002 42.540000000000006 312.50000000000006 2105.7117662629939 3408.994814838808 37.843499999999999 23.950000000000003 11.500000000000002 18.500000000000004 8.5000000000000018 24.650000000000002 6 93.345000000000013 1.0000000180025095e-35 7 2015.5000000000002 54.105000000000011 58.641666666666673 13.605000000000002 32.050000000000004
decision_type=2 1 2 2 2 2 2 2 2 2 1 2 2 2 2 9 2 2 2 2 2 2 2 9 2 2 2 2 2 2 2 2 2 2 2 1 2 2 9 2 2 2 2 2 2 2 2 2 2 2 2 2 2 9 2 2 1 2 2 2 2 2
left_child=8 2 4 6 -2 -6 -4 -8 -1 19 -11 14 13 -13 15 16 -12 18 -17 22 35 -22 53 24 25 52 -26 28 32 -30 48 -32 34 -34 -25 37 -37 -21 39 43 41 -41 -43 46 -45 -46 47 -39 -31 -36 -51 -33 -24 54 59 58 57 61 -56 -3 -61 -57
right_child=1 9 3 -5 5 -7 7 -9 -10 10 11 12 -14 -15 -16 17 -18 -19 -20 20 21 -23 23 27 26 -27 -28 -29 29 30 31 51 33 -35 49 36 -38 38 -40 40 -42 42 -44 44 45 -47 -48 -49 -50 50 -52 -53 -54 -55 55 56 -58 -59 -60 60 -62 -63
leaf_value=-1.3319526179655254 23.038378585032795 0.47459165129337733 23.661062316236826 0.3699967327044007 17.155502994243914 0.1190573799994684 18.296886457715715 3.3028371251147726 -0.087210489655790521 0.24673610240415883 0.52547601927828136 -2.7786956518112951 0.28256389858129199 -10.010350612838284 -11.826236558729605 -0.45053994802828989 5.5515777822051735 -1.7903512375431139 16.551295814514159 0.13006829307383339 -6.0714057217473574 25.374725208499214 -17.409177701473237 11.149948852539064 12.059771275520326 0.86033721923828121 -11.849692613428289 15.104805883623307 -20.968774874011675 -10.911813157564636 26.173243641853333 -12.036938095092774 22.690604197978974 0.93499163080458381 -5.0021271440797221 0.32216246468579102 -14.80640360322492 7.7717125506628122 1.2572096332717246 3.8468911693942163 2.4809904230401871 30.818517220871794 10.475628640434959 7.216990183735942 -11.430294422669846 1.2492365188412853 1.7906927955150604 23.325873156956263 -1.5191715667987693 4.4349824284868582 -2.1052211535254193 1.2962644451856615 -34.025445208400491 0.041289993785908669 -2.0076516478838751 11.463571023184862 2.6642978379084021 4.6194580453272449 0.7802417283145322 -3.195429049801366 -0.43546652369572431 22.810332695104307
leaf_weight=1869 46 10798 29 15209 39 31 28 46 289066 7734 1256 269 233 153 31 6520 140 1999 20 1192 23 33 20 25 20 20 22 21 36 77 23 21 24 66 167 10286 29 42 616 31 47 28 22 91 22 154 40 21 58 112 215 60 20 142754 1508 201 826 313 6494 1191 2328 59
leaf_count=1869 46 10798 29 15209 39 31 28 46 289066 7734 1256 269 233 153 31 6520 140 1999 20 1192 23 33 20 25 20 20 22 21 36 77 23 21 24 66 167 10286 29 42 616 31 47 28 22 91 22 154 40 21 58 112 215 60 20 142754 1508 201 826 313 6494 1191 2328 59
internal_value=-0.0066966 0.113668 0.564206 0.455701 14.9355 9.61079 13.1108 8.97626 -0.0952069 0.0786207 -0.29514 -0.689306 -3.37895 -5.4006 -0.513225 -0.477925 1.0222 -0.723524 -0.398547 0.116705 0.578918 12.4594 0.0817189 -1.86318 -9.20521 -16.8581 -0.464234 -0.923758 -1.31498 -4.56805 -2.09764 4.10562 0.153979 6.73649 -0.987497 0.526204 0.279359 1.62213 3.23321 5.54092 10.3847 14.9708 21.8676 4.01499 2.23843 -0.335705 8.62022 12.9564 -6.87646 -1.60174 0.134849 -2.16049 -25.7173 0.0934837 0.407438 0.995913 5.23462 8.74079 0.254855 0.0213116 -1.36957 14.0384
internal_weight=504874 213939 15428 15312 116 70 103 74 290935 198511 18355 10621 655 422 9966 9935 1396 8539 6540 180156 12677 56 167479 1007 102 60 42 905 884 275 239 104 609 90 519 12621 10315 2306 1114 498 128 81 50 370 267 176 103 63 135 494 327 81 40 166472 23718 9401 1399 573 8002 14317 3519 260
internal_count=504874 213939 15428 15312 116 70 103 74 290935 198511 18355 10621 655 422 9966 9935 1396 8539 6540 180156 12677 56 167479 1007 102 60 42 905 884 275 239 104 609 90 519 12621 10315 2306 1114 498 128 81 50 370 267 176 103 63 135 494 327 81 40 166472 23718 9401 1399 573 8002 14317 3519 260
cat_boundaries=0 1 2 3 4 5 6 7 8
cat_threshold=1 178 539123860 272450 64 2199151880 809988 68
is_linear=0
shrinkage=0.05


Tree=137
num_leaves=63
num_cat=7
split_feature=7 4 1 19 14 7 10 1 19 7 19 17 1 4 19 7 8 16 7 18 4 15 14 1 4 4 19 1 4 15 16 7 10 13 14 10 10 17 17 9 18 15 1 12 18 13 12 17 1 16 6 4 18 7 7 6 17 14 15 7 17 17
split_gain=1.9419e+06 1.26218e+06 2.29804e+06 1.61335e+06 1.4752e+06 1.62172e+06 1.35822e+06 2.05881e+06 2.52612e+06 4.41504e+06 1.61525e+06 1.83259e+06 2.76441e+06 3.05218e+06 2.82427e+06 2.97383e+06 1.40029e+06 1.26349e+06 1.23542e+06 1.18699e+06 2.71855e+06 2.24884e+06 1.60047e+06 1.17865e+06 1.17823e+06 1.11321e+06 1.75976e+06 2.37562e+06 2.26798e+06 1.95269e+06 4.20675e+06 2.92388e+06 2.71005e+06 2.66273e+06 3.23382e+06 2.6059e+06 4.4074e+06 1.78266e+06 1.70939e+06 1.51401e+06 1.43662e+06 2.39096e+06 1.22333e+06 1.21257e+06 1.14092e+06 1.12619e+06 1.14798e+06 1.10261e+06 1.37008e+06 1.03954e+06 1.03864e+06 1.03744e+06 1.03663e+06 2.3207e+06 1.63314e+06 2.06792e+06 1.4186e+06 1.02669e+06 1.0149e+06 989168 1.01083e+06 987712
threshold=2012.5000000000002 182.18500000000003 0 125.36716666666668 28.050000000000004 2018.5000000000002 5.5000000000000009 1 13.806666666666667 2014.5000000000002 534.22066666666683 1098.5700000000002 2 7.8050000000000006 2719.6865000000003 2016.5000000000002 7.5000000000000009 9.9500000000000011 2015.5000000000002 7.7735714285714304 1.0050000000000001 25.250000000000004 33.050000000000004 3 72.810000000000016 671.42500000000007 476.49666666666673 4 489.56500000000005 23.950000000000003 0.15000000000000005 2008.5000000000002 3.5000000000000004 322.50000000000006 25.850000000000005 2.5000000000000004 1.0000000180025095e-35 29.915000000000006 375.00500000000005 14.500000000000002 1973.0392857142861 22.450000000000003 5 36.500000000000007 1143.7642857142848 258.50000000000006 25.500000000000004 82.825000000000017 6 1.0000000180025095e-35 25.500000000000004 9.9950000000000028 436.14785714285671 2005.5000000000002 2007.5000000000002 13.500000000000002 625.12500000000011 32.550000000000004 17.550000000000004 2013.5000000000002 7.8050000000000006 139.00500000000002
decision_type=2 2 1 2 2 2 2 1 2 2 2 2 1 2 2 2 2 2 2 2 2 2 2 1 2 2 2 1 2 2 2 2 2 2 2 2 2 2 2 2 2 2 1 2 2 2 2 2 1 2 2 2 2 2 2 2 2 2 2 2 2 2
left_child=25 2 4 -3 24 17 -4 8 9 16 19 12 13 -12 15 -15 -8 -6 -16 59 21 49 -23 -13 -2 26 -1 28 29 30 -28 33 35 37 -35 36 43 -32 39 -34 52 -42 61 -33 -38 46 -37 -26 -49 58 -25 -40 53 -39 -54 56 -56 -30 -21 -9 -61 -27
right_child=1 3 6 -5 5 -7 7 10 -10 -11 11 23 -14 14 18 -17 -18 -19 -20 20 -22 22 -24 50 47 42 27 -29 57 -31 31 32 38 34 -36 45 44 40 51 -41 41 -43 -44 -45 -46 -47 -48 48 -50 -51 -52 -53 54 -55 55 -57 -58 -59 -60 60 -62 -63
leaf_value=-0.097994171867817614 -0.14221715772397256 -1.2281981156028268 0.1735386374682597 0.033547737577401558 0.59500451981274283 2.4222681666982631 23.930150502920153 -5.4254087509932347 0.23772210211728712 1.6356579713712489 24.937254933516186 2.1198280969041612 0.71696078943417352 -10.084641543626786 21.451589720589777 10.192315944306779 9.8177399470255935 2.0171864590574518 6.3156670350294846 -1.1101404788646292 -1.2407329163932879 -25.93234594345093 -9.2888868152522122 -2.5185713602546467 -0.36402233891839131 0.50430303053207204 0.91401391586221337 0.10479262563620483 -1.306927803174855 -0.043143220521900477 13.401283808315501 19.481946634363247 21.773363729145217 1.1540834045410155 29.587444744110112 14.068409208817915 -7.045695012114769 1.4702569854996539 10.829104416123753 3.4263735465028073 2.9656821841507957 17.804857393105827 -0.072470218117766549 6.1630181808471685 6.7508562212405003 11.343602365917631 29.002643584435987 2.0812882496140053 -0.21907070114008956 0.23837621256392053 6.7035841375589378 0.63477902969751288 0.87303450110651526 19.528510446440091 -11.373681952736595 -18.440345815511851 4.8291806122234888 1.5753128519856208 -10.582195975579006 1.1808846527782035 11.716482735673587 -0.50854847560092109
leaf_weight=161272 8565 2586 46822 124860 14312 1594 32 54 1577 197 24 213 670 40 28 33 39 1753 26 47 4730 20 52 665 1278 2573 2181 33047 1111 1201 34 54 23 20 20 22 43 93 29 22 153 33 50411 25 23 36 31 2124 934 94 32 179 454 22 22 26 35 428 71 443 24 37312
leaf_count=161272 8565 2586 46822 124860 14312 1594 32 54 1577 197 24 213 670 40 28 33 39 1753 26 47 4730 20 52 665 1278 2573 2181 33047 1111 1201 34 54 23 20 20 22 43 93 29 22 153 33 50411 25 23 36 31 2124 934 94 32 179 454 22 22 26 35 428 71 443 24 37312
internal_value=-0.0063576 0.107995 0.255415 0.00794572 0.604 0.901123 0.0648399 -0.493699 0.995024 5.48836 -0.871888 0.459981 2.17277 8.05159 5.49459 -0.918346 16.1783 0.750192 14.1639 -1.28999 -1.52602 -6.27737 -13.9121 -1.08529 0.197764 -0.0904465 -0.0248339 0.274877 1.16223 1.70146 2.28674 4.42677 7.55482 2.75642 15.3708 11.4332 7.29935 2.17778 3.96774 12.8037 1.72241 5.59844 -0.236239 15.2671 -2.23781 18.1681 22.8035 0.869337 1.38478 -3.68446 -2.06554 2.0561 0.616672 4.92488 -0.305942 -6.7548 -1.42456 -0.505369 -6.80943 0.981488 1.72233 -0.443098
internal_weight=504874 213939 86493 127446 30560 17659 55933 9111 1845 268 7266 1731 821 151 127 73 71 16065 54 5535 5014 284 72 910 12901 290935 200639 39367 6320 4781 3580 1399 487 912 40 234 145 872 253 45 838 186 90296 79 66 89 53 4336 3058 212 697 208 652 115 537 83 57 1539 118 521 467 39885
internal_count=504874 213939 86493 127446 30560 17659 55933 9111 1845 268 7266 1731 821 151 127 73 71 16065 54 5535 5014 284 72 910 12901 290935 200639 39367 6320 4781 3580 1399 487 912 40 234 145 872 253 45 838 186 90296 79 66 89 53 4336 3058 212 697 208 652 115 537 83 57 1539 118 521 467 39885
cat_boundaries=0 1 2 3 4 5 6 7
cat_threshold=193 2 16 8 16 88 64
is_linear=0
shrinkage=0.05


Tree=138
num_leaves=63
num_cat=10
split_feature=7 20 4 1 7 15 20 1 4 0 4 10 0 10 19 0 1 20 4 10 10 10 0 21 1 4 19 20 13 9 13 20 20 1 0 19 9 15 20 15 13 20 19 10 19 20 4 14 20 21 19 15 10 20 20 10 10 7 9 10 4 6
split_gain=1.75875e+06 3.20005e+06 3.77742e+06 1.4144e+06 1.73724e+06 1.62768e+06 1.54449e+06 1.43072e+06 1.25183e+06 1.91354e+06 1.17852e+06 1.28308e+06 1.45997e+06 1.5658e+06 1.35258e+06 1.05105e+06 1.09911e+06 2.07223e+06 1.52286e+06 1.86872e+06 2.65227e+06 2.01005e+06 2.49755e+06 6.59718e+06 2.76401e+06 3.44393e+06 1.77986e+06 2.34687e+06 2.95916e+06 1.80703e+06 1.7512e+06 1.85369e+06 1.79195e+06 1.71542e+06 2.52569e+06 2.84232e+06 2.93945e+06 1.60792e+06 3.23262e+06 3.00447e+06 2.4157e+06 2.18931e+06 2.1648e+06 1.52131e+06 2.27205e+06 2.10254e+06 3.9565e+06 1.74047e+06 1.4278e+06 1.42575e+06 1.47736e+06 1.4003e+06 1.39317e+06 2.19819e+06 1.65201e+06 1.43239e+06 1.53005e+06 1.6542e+06 1.77868e+06 1.52433e+06 1.41513e+06 1.74861e+06
threshold=2006.5000000000002 4501.1082227991183 24.605000000000004 0 2018.5000000000002 17.950000000000003 3271.8972491814698 1 178.41000000000005 2 3.0050000000000003 1.0000000180025095e-35 3 5.5000000000000009 268.50566666666674 4 5 897.00404267979127 48.010000000000012 3.5000000000000004 5.5000000000000009 4.5000000000000009 6 1.5000000000000002 7 58.515000000000008 61.098333333333343 4990.3547654076292 225.50000000000003 16.500000000000004 313.50000000000006 3900.6392308260497 2253.2515689623401 8 9 68.825000000000003 15.500000000000002 17.750000000000004 3676.7253487126823 18.350000000000005 36.500000000000007 2867.2189680627957 3128.5466666666666 5.5000000000000009 325.98433333333338 2002.1355204632964 40.890000000000008 25.650000000000002 1380.0108695652177 2.5000000000000004 131.7348333333334 16.950000000000003 1.0000000180025095e-35 3209.0769230769233 4092.4176710918609 1.5000000000000002 2.5000000000000004 2009.5000000000002 21.500000000000004 5.5000000000000009 10.785000000000002 6.5000000000000009
decision_type=2 2 2 1 2 2 2 1 2 9 2 2 9 2 2 9 1 2 2 2 2 2 9 2 1 2 2 2 2 2 2 2 2 1 9 2 2 2 2 2 2 2 2 2 2 2 2 2 2 2 2 2 2 2 2 2 2 2 2 2 2 2
left_child=1 -1 -3 5 15 6 -2 -6 9 10 11 -9 13 -13 -15 16 17 -5 26 -20 21 -21 23 24 -23 -26 27 -18 29 -29 32 -32 -27 34 35 36 -28 38 41 -39 -40 -34 -41 -19 -45 47 -47 48 -46 52 -51 -33 53 -37 -55 -54 57 -57 60 -58 61 -59
right_child=3 2 -4 4 7 -7 -8 8 -10 -11 -12 12 -14 14 -16 -17 18 43 19 20 -22 22 -24 -25 25 30 33 28 -30 -31 31 51 37 -35 -36 49 -38 39 40 42 -42 -43 -44 44 45 46 -48 -49 -50 50 -52 -53 55 54 -56 56 59 58 -60 -61 -62 -63
leaf_value=-0.1733071181230989 -0.43902659434949287 -1.7707846418503792 -29.642059397697452 0.012806190017034765 -0.27211576834730578 0.035292961541104874 -14.338561860322953 11.626808344362638 0.44786714364704194 2.5058110131644171 -0.026634829599509153 1.2757351856807184 -0.41602673942439039 19.176301693215091 2.7895355129241945 0.1241187033049585 0.14991262584836204 -0.98786297357746078 0.15191350813678495 -0.33364461981884613 0.58928682726688253 -0.93062048304581302 -0.81069340753785435 20.105076310038569 14.106172699513644 -3.3389451414073279 29.775768358483916 -5.3819453728003586 -14.519197881606317 9.4432520258811206 -4.9343444715527935 14.496870602094212 -12.711239745699126 0.27590218321145382 0.080850018575379115 0.64668587148189549 4.2792706109010252 10.131557474017143 4.8974029401253016 -9.8416023418042791 -17.690485954284668 -32.901928092956545 -2.5559823527881136 -1.4082809969157377 3.8203340571267264 22.559302672217875 3.7571140202540385 -0.064978822370273026 18.179607996733292 -12.45767061551412 1.2924787700176239 0.035618767078886643 -0.87196629148008487 23.583656531969709 5.0318526744842531 -0.91549996733665473 0.74088319190354512 27.383056616783144 1.9382396430299995 4.2432248299829114 8.0676305307100904 9.1900299644470209
leaf_weight=113868 28533 31 20 19889 3414 44329 20 39 6463 2393 1903 58 223 34 20 214719 8797 11659 26095 6062 3791 675 3091 30 23 327 20 61 62 31 119 26 29 2870 1121 42 26 25 29 338 20 25 146 679 70 34 158 511 23 30 56 47 234 30 20 51 572 28 57 680 73 25
leaf_count=113868 28533 31 20 19889 3414 44329 20 39 6463 2393 1903 58 223 34 20 214719 8797 11659 26095 6062 3791 675 3091 30 23 327 20 61 62 31 119 26 29 2870 1121 42 26 25 29 338 20 25 146 679 70 34 158 511 23 30 56 47 234 30 20 51 572 28 57 680 73 25
internal_value=-0.00603503 -0.178915 -12.7007 0.04434 0.0898632 -0.154324 -0.448763 0.623627 0.89775 1.52228 0.475559 3.04355 2.04431 6.40801 13.1071 0.0642846 -0.0803882 -0.308965 0.0549555 -0.102645 -0.551384 -0.944073 -1.69163 -3.13516 -3.5335 -5.00455 0.487985 0.0427922 -6.07629 -0.386498 -5.43743 -1.08643 -6.32709 1.15941 1.97935 3.0681 15.3647 -7.9237 -13.621 -6.77082 -4.32214 -22.0588 -7.64387 -0.796462 0.716453 2.52888 7.08667 1.08005 7.37155 2.78625 -3.50408 5.1862 3.08479 9.07943 16.1629 2.76415 3.33673 7.04787 9.26717 2.64311 12.5826 18.8014
internal_weight=504874 113919 51 390955 318073 72882 28553 14547 11133 4670 2277 374 335 112 54 303526 88807 33023 55784 40898 14803 11012 4950 1859 1829 1154 14886 8951 154 92 1131 192 939 5935 3065 1944 46 612 103 509 49 54 484 13134 1475 796 192 604 93 1898 86 73 1812 92 50 1720 1486 234 183 1252 126 53
internal_count=504874 113919 51 390955 318073 72882 28553 14547 11133 4670 2277 374 335 112 54 303526 88807 33023 55784 40898 14803 11012 4950 1859 1829 1154 14886 8951 154 92 1131 192 939 5935 3065 1944 46 612 103 509 49 54 484 13134 1475 796 192 604 93 1898 86 73 1812 92 50 1720 1486 234 183 1252 126 53
cat_boundaries=0 1 2 3 4 5 6 7 8 9 10
cat_threshold=8 4 2844839234 671088896 2550177842 68 8194 34 129 134225922
is_linear=0
shrinkage=0.05


Tree=139
num_leaves=63
num_cat=5
split_feature=7 1 3 20 13 4 13 20 12 12 3 7 3 20 18 3 7 21 20 14 19 2 20 12 18 3 14 1 20 20 3 13 3 9 20 13 1 18 3 3 9 18 14 15 15 18 18 19 9 1 20 20 3 4 19 19 14 10 13 14 7 4
split_gain=1.66257e+06 1.14159e+06 8.61498e+06 6.04438e+06 1.74394e+06 2.78545e+06 1.86998e+06 1.83098e+06 1.54299e+06 1.75054e+06 1.35763e+06 1.04566e+06 4.70991e+06 2.38957e+06 5.19659e+06 2.46859e+06 2.37427e+06 2.20522e+06 2.02177e+06 1.4257e+06 2.57471e+06 1.96795e+06 1.02101e+06 985075 1.52192e+06 2.12699e+06 1.60536e+06 1.27646e+06 2.81598e+06 1.3162e+06 1.69661e+06 1.08039e+06 2.85999e+06 4.839e+06 1.39169e+06 1.75122e+06 1.98447e+06 2.37225e+06 3.21927e+06 2.18847e+06 2.19451e+06 2.11308e+06 1.70799e+06 3.84862e+06 1.57389e+06 1.82563e+06 1.67264e+06 1.40937e+06 1.31904e+06 1.2122e+06 2.35954e+06 1.99652e+06 1.84294e+06 2.23962e+06 1.87326e+06 1.98384e+06 1.1976e+06 1.62611e+06 1.16983e+06 1.16269e+06 1.0757e+06 1.0745e+06
threshold=2012.5000000000002 0 3530.0651334834361 3600.0489955903977 252.50000000000003 31.685000000000006 114.50000000000001 3343.4136040308244 34.500000000000007 15.500000000000002 3267.977079231146 2015.5000000000002 4000.0000000000009 5469.7708618331062 81.810000000000016 5470.869381340538 2017.5000000000002 1.5000000000000002 4792.6836324509404 27.150000000000002 878.44200000000012 1 203.89781673223013 47.500000000000007 9.6428571428571122 4500.0473101299594 31.150000000000002 2 1890.1586458975469 3415.5617713651791 3904.2033643443924 304.50000000000006 4782.7513255980266 12.500000000000002 4633.3644804982769 285.50000000000006 3 1223.9321428571429 4782.7513255980266 4086.4962359785382 18.500000000000004 3046.536428571429 29.550000000000004 20.850000000000005 23.950000000000003 6.4857142857142884 30.332142857142866 544.57400000000018 19.500000000000004 4 4501.1082227991183 1872.4046726614349 1735.0035642999719 60.310000000000009 8.4205000000000023 4.2446666666666664 28.650000000000002 4.5000000000000009 34.500000000000007 28.350000000000005 2016.5000000000002 4677.5750000000016
decision_type=2 1 2 2 2 2 2 2 2 2 2 2 2 2 2 2 2 2 2 2 2 1 2 2 2 2 2 1 2 2 2 2 2 2 2 2 1 2 2 2 2 2 2 2 2 2 2 2 2 1 2 2 2 2 2 2 2 2 2 2 2 2
left_child=22 2 8 4 5 -4 -7 -6 9 -2 -10 13 16 15 -15 -5 -13 19 -17 -16 21 -21 -1 31 26 27 -25 28 -26 -30 -31 34 49 -34 -3 36 42 38 44 40 -39 -41 -36 -44 47 -46 -47 58 -48 51 -51 -33 53 -53 55 -54 57 -56 -38 -37 -60 -43
right_child=1 23 3 11 7 6 -8 -9 10 -11 -12 12 -14 14 17 18 -18 -19 -20 20 -22 -23 -24 24 25 -27 -28 -29 29 30 -32 32 33 -35 35 59 37 39 -40 41 -42 61 43 -45 45 46 48 -49 -50 50 -52 52 54 -55 56 -57 -58 -59 60 -61 -62 -63
leaf_value=-1.2484200305108593 10.74150736882131 0.080936661071544611 29.841019149780273 0.12536031477409632 12.621271355063827 -0.26903802871704102 19.069924106597902 -7.0639661879766553 15.714544570446016 28.608492509249984 0.77796500797929435 6.22302002803319 0.58709441235463933 5.2054143709370067 -1.0940477748174924 -22.833762440681458 23.766571066379548 -27.079382057189942 -3.8532101954234408 -16.389950032856156 -27.774364553179062 5.0553491806983955 -0.076007425007107499 0.72487696424172277 -0.43622745414424008 -14.992760246276857 6.4699798284168537 -0.04133638457090584 -2.5173285852357115 -11.624224985449501 1.2396058662070168 0.11668258248234556 -5.7824737963469133 24.09341854326653 -1.1484216111248704 -0.00044270781583564229 2.5393555146676525 21.683410962422691 -23.325640824862891 6.0936683872767858 -1.1748932520548503 -14.72967391146554 25.028686723254978 -2.3525312571814569 12.229566129048665 -16.915765380859376 4.432311555743218 -20.438876347108319 -8.9325513251622528 0.30597677399053408 -13.976262257016939 25.439151010513307 0.020408850702746163 2.0602389290219261 3.0807841018641868 -17.915090674445743 1.239959979784798 9.024128088280559 -5.275205452411206 12.372495597951554 -14.812028114000956 -0.27526521205902105
leaf_weight=1869 26 166472 25 6833 27 25 25 21 32 29 29 54 8014 70 37 20 30 20 47 23 21 20 289066 1418 5430 25 133 10073 1151 89 36 1192 23 33 422 43 27 21 28 35 21 36 21 33 21 20 48 22 30 10286 29 20 58 21 410 21 424 160 77 34 48 20
leaf_count=1869 26 166472 25 6833 27 25 25 21 32 29 29 54 8014 70 37 20 30 20 47 23 21 20 289066 1418 5430 25 133 10073 1151 89 36 1192 23 33 422 43 27 21 28 35 21 36 21 33 21 20 48 22 30 10286 29 20 58 21 410 21 424 160 77 34 48 20
internal_value=-0.00573273 0.100076 0.51424 0.411735 11.451 16.214 9.40044 4.00898 14.0892 20.1623 8.61355 0.322339 0.710548 -0.120999 -5.63776 0.0317117 12.4886 -11.9107 -9.51905 -8.90696 -13.4238 -6.41539 -0.0835391 0.0678584 -0.281085 -0.419406 1.21753 -0.397693 -0.93152 -3.04653 -7.91944 0.103414 0.548464 11.823 0.0697267 -1.78345 -2.38342 -4.69809 -7.12803 0.813411 10.2543 -3.5439 -0.0754424 8.29572 -5.58014 -1.14891 -4.01572 -8.61069 -0.70802 0.498438 0.265566 1.53231 3.06081 13.4646 2.66327 -4.74726 3.25224 4.74909 -6.89872 5.46293 -8.93735 -9.56739
internal_weight=504874 213939 15428 15312 123 75 50 48 116 55 61 15189 8098 7091 191 6900 84 121 67 101 64 43 290935 198511 18355 16804 1551 16779 6706 1276 125 180156 12677 56 167479 1007 930 454 321 133 42 91 476 54 293 119 98 174 78 12621 10315 2306 1114 41 1073 79 994 570 152 77 125 56
internal_count=504874 213939 15428 15312 123 75 50 48 116 55 61 15189 8098 7091 191 6900 84 121 67 101 64 43 290935 198511 18355 16804 1551 16779 6706 1276 125 180156 12677 56 167479 1007 930 454 321 133 42 91 476 54 293 119 98 174 78 12621 10315 2306 1114 41 1073 79 994 570 152 77 125 56
cat_boundaries=0 1 2 3 4 5
cat_threshold=1 1 72 32 64
is_linear=0
shrinkage=0.05


Tree=140
num_leaves=63
num_cat=5
split_feature=4 19 1 20 3 17 10 10 3 20 17 20 15 15 14 10 4 21 15 12 3 13 13 19 1 4 14 14 20 6 17 3 17 15 7 10 1 10 1 3 7 15 9 7 3 20 3 19 7 17 20 1 3 20 12 12 3 19 20 4 20 19
split_gain=1.64876e+06 2.00891e+06 3.55928e+06 1.96672e+06 2.33692e+06 1.62403e+06 1.73187e+06 2.66113e+06 1.6944e+06 6.58913e+06 6.39505e+06 1.59751e+06 1.47334e+06 2.76111e+06 2.40275e+06 1.88681e+06 1.94719e+06 3.09996e+06 2.88384e+06 1.7379e+06 1.69413e+06 1.59641e+06 2.40074e+06 1.46247e+06 2.48007e+06 1.44291e+06 1.44051e+06 1.38529e+06 1.38115e+06 1.34206e+06 1.95798e+06 1.26976e+06 1.33583e+06 1.54727e+06 1.25254e+06 1.58722e+06 3.82774e+06 3.38763e+06 8.42604e+06 3.88074e+06 3.99978e+06 3.48515e+06 3.08984e+06 2.42949e+06 3.00272e+06 3.64816e+06 1.94326e+06 1.91722e+06 3.0619e+06 2.0016e+06 1.9248e+06 1.87296e+06 1.74891e+06 2.47046e+06 1.72199e+06 2.09336e+06 1.67755e+06 1.54153e+06 2.06248e+06 1.42891e+06 1.39927e+06 1.54208e+06
threshold=434.37500000000006 600.37333333333333 0 1152.2085046572126 1090.463864711194 1461.8500000000004 5.5000000000000009 3.5000000000000004 3600.0489955903977 3600.0489955903977 561.5350000000002 1400.0010844575547 23.850000000000005 21.250000000000004 30.850000000000005 2.5000000000000004 295.22500000000008 1.5000000000000002 22.250000000000004 12.500000000000002 4172.1826972747822 188.50000000000003 221.50000000000003 2810.8500000000008 1 155.90500000000003 28.350000000000005 28.750000000000004 4383.0987632676979 3.5000000000000004 539.09500000000014 1175.5944602640436 295.32000000000005 18.350000000000005 2012.5000000000002 5.5000000000000009 2 4.5000000000000009 3 4500.0473101299594 2016.5000000000002 20.150000000000002 26.500000000000004 2015.5000000000002 3408.994814838808 3271.8972491814698 3828.1534090909095 13.806666666666667 2014.5000000000002 1.905 4501.1082227991183 4 1151.0926196994162 1199.9986394557825 22.500000000000004 35.500000000000007 4782.7513255980266 12.191666666666675 1750.0183598531216 145.60500000000005 1000.0001271912373 71.27233333333335
decision_type=2 2 1 2 2 2 2 2 2 2 2 2 2 2 2 2 2 2 2 2 2 2 2 2 1 2 2 2 2 2 2 2 2 2 2 2 1 2 1 2 2 2 2 2 2 2 2 2 2 2 2 1 2 2 2 2 2 2 2 2 2 2
left_child=1 34 -3 31 11 6 7 12 9 23 -11 -5 13 20 15 16 18 -18 -15 -14 -6 -17 -23 -8 25 -25 -24 -20 -12 -22 -31 -4 33 -33 -1 37 47 -36 43 51 42 -42 54 44 60 -46 -45 48 49 -37 -49 57 -38 59 -41 -56 -52 58 -40 -54 -39 -62
right_child=-2 2 3 4 5 -7 8 -9 -10 10 28 -13 19 14 -16 21 17 -19 27 -21 29 22 26 24 -26 -27 -28 -29 -30 30 -32 32 -34 -35 35 36 52 38 39 40 41 -43 -44 46 45 -47 -48 50 -50 -51 56 -53 53 -55 55 -57 -58 -59 -60 -61 61 -63
leaf_value=-0.057170259650063109 -0.10625794539656741 -0.25311379327212002 0.41094954832959907 2.8490254153508738 0.73076151637372144 0.16639890935972323 2.0627936778295402 -0.61255809881438905 -0.11770180832096239 33.142027335848127 11.612858827710152 9.2498002947240643 11.886870661377907 11.219376970739926 1.6602213787882687 20.370973383752926 4.8061354263075469 25.315939122659188 -4.6103414091091715 0.090833981283969301 1.4652218985363721 -4.5470413927678708 4.667874410824898 13.723491804688067 -0.071905825509313945 1.1620675095196429 16.895039443364222 4.5849371559479657 -4.4795479202270512 4.6860635582057908 18.290394791803863 9.1295102487910889 -4.7966535340293186 -2.493145247058171 0.11863271701056013 1.1990470719337463 0.27940164003104234 2.0684269838949372 -2.1312476814792141 2.2824537968635563 14.565468135956795 -4.901367933093832 -30.179547959282289 1.3985921364529983 -21.301095058607018 0.23028713342021492 9.1495390593287453 0.37121470387342281 2.3932975147959548 19.914821074724198 8.8859381520306631 0.57289818708547224 -5.6017994279273644 -0.86277311976037441 -19.732601315710284 -2.8471857686196604 1.0180993913727647 -0.7184063809205038 -12.306359858098238 1.2892587717417834 2.5273353058542756 6.019327840470253
leaf_weight=157812 205002 11483 8554 332 1594 3145 1517 1706 441 35 40 138 32 68 358 38 58 27 103 1288 123 27 39 108 104 29 63 68 20 87 38 44 239 82 83112 20 3261 546 179 25 31 89 21 3144 23 136 83 1555 197 50 135 5151 434 7721 45 31 136 1560 69 91 444 1098
leaf_count=157812 205002 11483 8554 332 1594 3145 1517 1706 441 35 40 138 32 68 358 38 58 27 103 1288 123 27 39 108 104 29 63 68 20 87 38 44 239 82 83112 20 3261 546 179 25 31 89 21 3144 23 136 83 1555 197 50 135 5151 434 7721 45 31 136 1560 69 91 444 1098
internal_value=0.00297547 0.0778119 0.452011 0.84583 1.27472 1.12922 1.50721 1.04152 2.66778 3.3307 16.1568 4.7284 1.74505 2.41621 4.77531 7.04659 4.82134 11.321 2.50974 0.376799 1.32887 11.3638 8.71058 2.6376 6.25577 10.3118 12.2199 -0.953739 6.24872 5.17316 8.82178 0.287714 -2.60038 1.56556 0.0329582 0.162986 -0.342478 0.234753 0.99617 -0.129282 -6.35385 0.127565 -12.729 2.47241 3.73926 -2.88432 1.59795 1.61983 5.58502 14.5675 1.04891 0.0869926 -0.7002 -1.08845 -9.10068 -12.8451 4.9375 -1.29337 -4.96223 -4.40735 4.24364 5.01385
internal_weight=504229 299227 32028 20545 11626 11156 8011 5717 2294 1853 95 470 4011 2691 849 491 324 85 239 1320 1842 167 129 1758 241 137 102 171 60 248 125 8919 365 126 267199 109387 13600 95787 12675 7201 242 120 122 5474 2247 159 3227 2093 267 70 1826 6959 11507 8246 101 76 271 1808 248 525 2088 1542
internal_count=504229 299227 32028 20545 11626 11156 8011 5717 2294 1853 95 470 4011 2691 849 491 324 85 239 1320 1842 167 129 1758 241 137 102 171 60 248 125 8919 365 126 267199 109387 13600 95787 12675 7201 242 120 122 5474 2247 159 3227 2093 267 70 1826 6959 11507 8246 101 76 271 1808 248 525 2088 1542
cat_boundaries=0 1 2 3 4 5
cat_threshold=38 16 3 68 34
is_linear=0
shrinkage=0.05


Tree=141
num_leaves=63
num_cat=12
split_feature=17 0 1 19 3 20 7 10 10 3 7 19 20 15 9 19 20 7 19 2 10 10 3 1 3 2 0 1 0 21 21 10 18 20 3 13 10 0 7 0 10 7 7 13 18 20 3 20 19 20 19 3 18 20 7 3 20 10 10 10 0 0
split_gain=1.39451e+06 2.46838e+06 5.45148e+06 5.87754e+06 6.48272e+06 3.6753e+06 5.69668e+06 3.3186e+06 4.49539e+06 4.14938e+06 1.19911e+07 7.60739e+06 2.92278e+06 2.46598e+06 2.26481e+06 2.21324e+06 2.16309e+06 6.706e+06 1.67509e+06 1.67419e+06 1.65609e+06 2.16129e+06 1.76667e+06 1.87082e+06 3.0425e+06 1.6504e+06 1.60374e+06 1.57588e+06 1.57104e+06 1.53759e+06 1.49896e+06 2.89923e+06 5.84277e+06 3.08136e+06 2.3387e+06 2.04594e+06 1.77079e+06 2.3763e+06 3.57886e+06 2.13355e+06 6.51469e+06 7.78724e+06 7.45023e+06 2.96931e+06 3.54885e+06 1.86916e+06 7.04655e+06 2.51648e+06 1.85505e+06 1.71513e+06 1.68263e+06 1.6366e+06 1.72627e+06 1.61414e+06 1.59845e+06 1.51968e+06 1.60172e+06 1.92705e+06 1.45058e+06 6.97871e+06 1.68217e+07 4.98942e+06
threshold=375.00500000000005 0 1 367.44116666666673 3675.9158203319507 3600.0489955903977 2015.5000000000002 5.5000000000000009 4.5000000000000009 1593.1157772210506 2013.5000000000002 1598.3803333333335 1550.0091197351071 24.150000000000002 17.500000000000004 860.53333333333353 1422.9185104786275 2009.5000000000002 401.49433333333337 2 5.5000000000000009 4.5000000000000009 5224.9642948227502 3 2279.1554194469331 4 5 6 7 18.500000000000004 1.5000000000000002 2.5000000000000004 2143.5714285714294 1750.0183598531216 1800.0057157622614 116.50000000000001 2.5000000000000004 8 2011.5000000000002 9 3.5000000000000004 2011.5000000000002 2008.5000000000002 297.50000000000006 1279.7728571428561 4182.4898543004738 2372.6448168027196 2225.6247237495331 660.12233333333347 1346.1552428929265 1018.1348333333334 1326.9312353299549 631.17285714285674 1259.9863510085763 2012.5000000000002 3267.977079231146 2743.3444444444444 5.5000000000000009 5.5000000000000009 4.5000000000000009 10 11
decision_type=2 9 1 2 2 2 2 2 2 2 2 2 2 2 2 2 2 2 2 1 2 2 2 1 2 1 9 1 9 2 2 2 2 2 2 2 2 9 2 9 2 2 2 2 2 2 2 2 2 2 2 2 2 2 2 2 2 2 2 2 9 9
left_child=1 2 3 4 5 -1 -7 8 13 -9 11 -11 -10 18 -6 -12 -15 -18 25 -19 21 29 23 -23 -25 -5 30 28 -3 -4 36 32 33 49 -35 -36 37 38 45 40 41 42 43 44 -38 47 -47 -2 -49 -32 -43 -51 -53 -46 55 56 -42 -58 59 -29 -61 -62
right_child=26 27 20 7 14 6 -8 9 12 10 15 -13 -14 16 -16 -17 17 19 -20 -21 -22 22 -24 24 -26 -27 -28 58 -30 -31 31 -33 -34 34 35 -37 39 -39 -40 -41 54 50 -44 -45 53 46 -48 48 -50 51 -52 52 -54 -55 -56 -57 57 -59 -60 60 61 -63
leaf_value=0.93689611437881037 -2.7755037099406836 1.1470297528756264 0.16148689714416176 19.682909565312524 -6.8999802540088524 -29.393300289154055 -2.3805723238527103 4.4502369723962936 0.50313973678482904 55.926007973064081 9.5370220470428464 15.976586565604578 -9.9937259215968002 3.5512896584504747 -22.865567439132267 -11.72022180557251 34.404016794477194 11.726382963268124 2.5750121882613248 -3.1205948183613441 1.4659155738177199 0.93314717110925471 -13.458307078576858 -2.0158318515318769 -14.606172370910645 4.7241286238034572 -0.1425921397158417 -0.07094117505482106 0.19401182709722442 11.307753462176169 3.4597190643264648 -0.96107133553579915 31.495330439805986 23.359688796997073 16.221191164851188 2.7619720593094828 -3.8804143161773683 -0.025759226164610394 -0.71000261762018868 0.33232450541550695 -5.5547769349591789 1.1227552515801948 23.847329306361654 21.619697425842286 4.9268506396900529 -13.993445937633517 16.966826064621703 -22.392758831224945 -9.7036292426976853 -16.531916775910751 16.012272896766664 -13.087684730121069 4.1000717548963932 24.553162021636965 0.84053888035267588 -13.467676010131838 -2.049209256741134 15.810036721436873 -0.3760540886812731 6.5657163599100432 -0.97373304536936145 0.89810860932067171
leaf_weight=1913 105 5566 16029 28 58 25 89 267 180 22 25 26 105 118 36 24 28 49 2627 31 2148 577 31 1190 50 54 191944 187130 19328 31 174 357 20 25 40 96 75 8870 870 13833 121 370 99 25 22 40 34 38 119 23 20 21 48 20 875 35 44 23 24366 1207 4426 18059
leaf_count=1913 105 5566 16029 28 58 25 89 267 180 22 25 26 105 118 36 24 28 49 2627 31 2148 577 31 1190 50 54 191944 187130 19328 31 174 357 20 25 40 96 75 8870 870 13833 121 370 99 25 22 40 34 38 119 23 20 21 48 20 875 35 44 23 24366 1207 4426 18059
internal_value=0.00282694 0.0755071 0.542267 1.90474 -0.178114 0.417158 -8.30442 3.14267 2.63113 7.6679 16.5248 34.2867 -3.36413 3.21329 -13.0145 -0.874689 8.23106 13.3441 2.79468 5.97318 0.153952 -0.00332727 -1.62262 -1.42069 -2.50332 9.83201 -0.0923033 0.0292527 0.40747 0.183002 0.272697 2.39865 5.08191 3.84475 9.30428 6.72057 0.206135 -0.310281 -2.38294 0.540501 2.19144 6.25272 13.3187 5.97828 2.63609 -6.78557 0.231544 -8.7675 -12.7749 0.540297 1.88632 -4.98122 -1.13098 14.2727 -0.12255 -3.90148 -2.12054 4.08158 -0.0107962 0.0314184 0.8399 0.529382
internal_weight=504229 285843 25761 5705 2121 2027 114 3584 3220 364 97 48 285 2935 94 49 226 108 2709 80 20056 17908 1848 1817 1240 82 218386 260082 24894 16060 26442 804 447 427 161 136 25638 10076 1206 15562 1729 631 241 142 117 336 74 262 157 266 390 92 69 42 1098 223 188 67 235188 210822 23692 22485
internal_count=504229 285843 25761 5705 2121 2027 114 3584 3220 364 97 48 285 2935 94 49 226 108 2709 80 20056 17908 1848 1817 1240 82 218386 260082 24894 16060 26442 804 447 427 161 136 25638 10076 1206 15562 1729 631 241 142 117 336 74 262 157 266 390 92 69 42 1098 223 188 67 235188 210822 23692 22485
cat_boundaries=0 1 2 3 4 5 6 7 8 9 10 11 12
cat_threshold=2695168 24 4 37 1 5261312 33 3758231554 16384 16384 18432 1744863652
is_linear=0
shrinkage=0.05


Tree=142
num_leaves=63
num_cat=7
split_feature=4 0 1 18 17 17 18 18 15 14 6 10 10 8 20 20 20 18 17 4 15 1 10 10 10 6 20 17 4 10 18 14 4 16 0 18 18 6 16 0 10 1 0 20 4 20 18 20 20 10 6 20 17 13 12 4 6 17 17 15 4 4
split_gain=1.39843e+06 2.27698e+06 3.02492e+06 6.29172e+06 5.25173e+06 3.77281e+06 5.50271e+06 3.91518e+06 3.29318e+06 4.59591e+06 4.16544e+06 2.22167e+06 2.40988e+06 2.33283e+06 1.9967e+06 1.77056e+06 2.32156e+06 1.71041e+06 2.01174e+06 1.65385e+06 1.90513e+06 1.63554e+06 1.74125e+06 3.78753e+06 3.78184e+06 2.67809e+06 2.80529e+06 5.20012e+06 2.49434e+06 2.02156e+06 1.88464e+06 2.47732e+06 1.86652e+06 2.19334e+06 1.82131e+06 1.61568e+06 3.10185e+06 2.40492e+06 1.80967e+06 1.53382e+06 2.25146e+06 3.71567e+06 5.02881e+06 3.87691e+06 3.71277e+06 4.56937e+06 3.00288e+06 2.47406e+06 1.83737e+06 1.69953e+06 2.0534e+06 2.58582e+06 1.7279e+06 1.89636e+06 1.5117e+06 1.46414e+06 1.93591e+06 3.55457e+06 1.72975e+06 1.64161e+06 1.47927e+06 1.45767e+06
threshold=434.37500000000006 0 1 192.36357142857148 13.505000000000003 1501.4500000000003 1864.097142857142 656.99285714285725 19.850000000000005 29.450000000000003 7.5000000000000009 4.5000000000000009 5.5000000000000009 11.500000000000002 3415.5617713651791 2916.9675990675996 2818.4868421052638 1307.0357142857147 7596.5350000000008 46.005000000000003 20.150000000000002 2 3.5000000000000004 5.5000000000000009 2.5000000000000004 6.5000000000000009 1628.8940523670856 710.34000000000003 104.40500000000002 1.0000000180025095e-35 389.8357142857144 29.450000000000003 312.99500000000006 0.25000000000000006 3 1279.7728571428561 631.17285714285674 2.5000000000000004 9.3500000000000032 4 3.5000000000000004 5 6 2440.9698029269407 1115.3500000000001 1390.8904422667686 2733.1100000000001 3161.1678463094036 4000.0000000000009 4.5000000000000009 2.5000000000000004 3271.8972491814698 4076.0350000000003 60.500000000000007 7.5000000000000009 58.515000000000008 15.500000000000002 506.60500000000008 218.05000000000004 17.850000000000005 72.810000000000016 99.00500000000001
decision_type=2 9 1 2 2 2 2 2 2 2 2 2 2 2 2 2 2 2 2 2 2 1 2 2 2 2 2 2 2 2 2 2 2 2 9 2 2 2 2 9 2 1 9 2 2 2 2 2 2 2 2 2 2 2 2 2 2 2 2 2 2 2
left_child=1 2 3 -1 -5 6 15 14 -8 10 -10 13 -13 17 -7 16 21 -9 19 20 -19 22 24 -24 29 -26 28 -28 -27 32 31 -25 35 -34 -31 36 -6 -38 -39 40 -2 42 43 -42 46 -46 48 -48 -44 50 51 -47 -51 -54 -21 56 -17 58 -58 -57 -61 -62
right_child=39 -3 -4 4 5 7 8 11 9 -11 -12 12 -14 -15 -16 55 -18 18 -20 54 -22 -23 23 30 25 26 27 -29 -30 34 -32 -33 33 -35 -36 -37 37 38 -40 -41 41 -43 44 -45 45 49 47 -49 -50 52 -52 -53 53 -55 -56 59 57 -59 -60 60 61 -63
leaf_value=-0.038535931818511421 -0.11648382799281398 -0.010779637262569988 0.16309745321109476 10.444749812409283 -1.1753450169052819 -1.5507604474371131 4.6456042971068277 -2.7223872251197943 39.656217025793524 6.4991076862110821 13.541638058585091 -8.3008798312057159 -0.34223863660526144 16.588011285463971 -20.773636188507083 1.918261608932248 11.3811272764951 4.3371545382908421 -9.7768527729944754 13.281258626545176 25.635089265732542 0.54893334811244354 -3.3142584139133393 2.4397108264591387 4.9822379572952498 15.851905578115712 31.015118532992428 2.0007811028024425 -1.336921501159668 3.7113548598859625 3.3878552528173738 25.403338220218817 3.1866974671681723 22.830146137873331 -4.155164549094212 -5.574847649364937 -5.0016272592544553 18.064628733528988 2.4504231586456302 -0.03059243045455505 0.96496896979919233 -0.32426876238504287 -1.4023706578189425 -10.110256172361829 -2.0072850329208385 -7.0781352349229767 0.72121988979738161 15.879176228841146 -12.785527090124184 -13.430412577618572 -4.2306162261257043 -24.917308929988319 -20.493209039597286 -4.4946491045651928 1.4581759652405075 3.9394668315172199 14.39247624044833 25.050395972640427 -2.7390179855067558 -8.3557906771961026 6.6397603696187337 -0.54411476292858063
leaf_weight=6981 27042 220536 65468 185 101 22 246 122 26 85 37 110 703 30 35 509 80 21 22 34 21 641 241 23 170 46 47 23 39 128 296 24 27 30 148 41 20 72 25 165040 1332 8679 846 84 848 74 67 45 37 170 532 28 21 157 132 250 23 27 41 57 75 1207
leaf_count=6981 27042 220536 65468 185 101 22 246 122 26 85 37 110 703 30 35 509 80 21 22 34 21 641 241 23 170 46 47 23 39 128 296 24 27 30 148 41 20 72 25 165040 1332 8679 846 84 848 74 67 45 37 170 532 28 21 157 132 250 23 27 41 57 75 1207
internal_value=0.00269445 0.071616 0.302498 0.992033 2.1462 1.89274 2.52972 -0.551923 8.19123 14.0846 24.3191 0.0587338 -1.41905 3.20387 -13.3543 2.02402 3.0183 2.06317 4.6016 6.1224 14.9861 2.70596 3.59948 1.48949 4.9825 9.31617 14.0695 21.4818 7.96527 2.60338 4.86472 14.1658 5.33401 13.5254 -0.523004 3.53128 5.24391 10.7853 14.0403 -0.0979056 -0.375802 -0.918854 -2.12986 0.305804 -3.34748 -4.69591 -0.901091 6.81147 -1.87935 -7.01766 -5.47658 -11.9752 -9.82525 -6.38212 3.87977 1.01476 3.11914 9.83613 3.41761 0.220152 -0.474268 -0.123841
internal_weight=504229 299227 78691 13223 6242 6057 4805 1252 394 148 63 1195 813 382 57 4411 2222 352 230 208 42 2142 1501 584 917 325 155 70 85 592 343 47 316 57 276 259 218 117 97 205002 39962 12920 4241 1416 2825 1830 995 112 883 982 634 102 348 178 166 2189 600 91 64 1589 1339 1282
internal_count=504229 299227 78691 13223 6242 6057 4805 1252 394 148 63 1195 813 382 57 4411 2222 352 230 208 42 2142 1501 584 917 325 155 70 85 592 343 47 316 57 276 259 218 117 97 205002 39962 12920 4241 1416 2825 1830 995 112 883 982 634 102 348 178 166 2189 600 91 64 1589 1339 1282
cat_boundaries=0 2 3 4 5 6 7 8
cat_threshold=1613326336 1 17 16 65536 3087032466 24 2415919122
is_linear=0
shrinkage=0.05


Tree=143
num_leaves=63
num_cat=11
split_feature=1 0 20 7 13 1 0 20 3 13 0 19 17 6 7 12 1 3 0 10 17 20 19 7 17 20 12 19 13 0 20 20 13 3 20 3 0 19 19 12 17 16 0 7 6 20 6 17 7 9 17 6 9 7 7 3 19 20 13 17 20 0
split_gain=1.29373e+06 1.7968e+06 1.86258e+06 1.37058e+06 1.56308e+06 1.95428e+06 1.52577e+06 1.38776e+06 2.92763e+06 2.50906e+06 2.42081e+06 1.7896e+06 1.6853e+06 1.61101e+06 1.42816e+06 1.3714e+06 1.3387e+06 1.33384e+06 3.71731e+06 3.15396e+06 5.00477e+06 3.32449e+06 4.44866e+06 2.02377e+06 2.75703e+06 3.5654e+06 2.13297e+06 2.02108e+06 1.99696e+06 1.84131e+06 1.78505e+06 1.55531e+06 1.62132e+06 2.22342e+06 1.65665e+06 1.61514e+06 2.31754e+06 3.09834e+06 2.09888e+06 3.66051e+06 3.61085e+06 2.2903e+06 2.15503e+06 3.29161e+06 1.04647e+07 2.97946e+06 2.03895e+06 1.69786e+06 1.58719e+06 1.5857e+06 1.91821e+06 1.69922e+06 1.57835e+06 1.56572e+06 1.54931e+06 5.18565e+06 3.01523e+06 3.60789e+06 2.30306e+06 3.01409e+06 1.4599e+06 6.05366e+06
threshold=0 1 2625.3205655104398 2018.5000000000002 144.50000000000003 2 3 5846.5037224942653 5470.869381340538 130.50000000000003 4 217.91650000000001 113.72000000000001 13.500000000000002 2012.5000000000002 8.5000000000000018 5 2784.7630142627772 6 4.5000000000000009 887.09000000000003 3108.6198219573416 17.113166666666668 2009.5000000000002 867.13000000000011 2440.9698029269407 8.5000000000000018 699.8325000000001 80.500000000000014 7 1750.0183598531216 5469.7708618331062 6.5000000000000009 4086.4962359785382 4269.790630326007 4260.878826384117 8 588.57050000000015 393.88000000000005 4.5000000000000009 45.110000000000007 0.35000000000000003 9 2015.5000000000002 16.500000000000004 2818.4868421052638 11.500000000000002 19.060000000000006 2016.5000000000002 17.500000000000004 517.0200000000001 2.5000000000000004 5.5000000000000009 2013.5000000000002 2017.5000000000002 3487.2195577335215 1483.6605000000006 3900.6392308260497 108.50000000000001 867.13000000000011 2980.0949553835444 10
decision_type=1 9 2 2 2 1 9 2 2 2 9 2 2 2 2 2 1 2 9 2 2 2 2 2 2 2 2 2 2 9 2 2 2 2 2 2 9 2 2 2 2 2 9 2 2 2 2 2 2 2 2 2 2 2 2 2 2 2 2 2 2 9
left_child=1 -1 -3 4 5 7 -6 -2 12 10 11 -10 -9 14 -12 -15 -5 60 19 29 21 22 -21 24 25 26 -20 -26 -22 -19 -25 32 33 -32 -35 38 37 48 42 -40 47 54 43 -34 45 -45 -38 -41 -37 50 -39 -51 -52 -33 55 58 -57 -58 59 -42 -7 -62
right_child=3 2 -4 16 6 17 -8 8 9 -11 13 -13 -14 15 -16 -17 -18 18 23 20 28 -23 -24 30 27 -27 -28 -29 -30 -31 31 53 35 34 -36 36 46 49 39 40 41 -43 -44 44 -46 -47 -48 -49 -50 51 52 -53 -54 -55 -56 56 57 -59 -60 -61 61 -63
leaf_value=0.10881431831094335 0.077285503784152332 -0.325085676159796 -6.8375171757828106 -0.1146135969993341 0.39580065061129621 -0.18735179853150219 0.048813662375230805 25.403573894500735 21.075507296919824 15.321267355642011 -0.50399030631986164 4.6345746904611591 6.253908305697971 14.502917869274434 -7.3860453709116527 1.2431890081136654 0.88015817309032096 -7.9368236517502089 -14.058381136258504 -24.808395053659169 -22.884795940161819 7.6435131284925681 -2.9089709867537024 -9.4035863117295886 15.239090732906176 -21.574861798635343 2.7435391524258783 -4.3229272257897167 -8.7393918201658476 -1.3863542852551531 2.0080553964332299 -1.8692456367810568 -0.68968294663030694 23.597212293873664 4.8185555895169578 -19.00094551932812 5.3516292920112614 14.470853382608167 -2.6255650002065054 8.4299115917899385 33.676326925104313 -1.0392077057449907 -1.5783643325801417 20.897057585282759 37.815242038343264 1.9223286868354859 -9.3640442749549617 27.66006651719411 -4.9986290615271116 -16.690051953254208 -11.678013322183064 -2.6888339573103526 1.9329987161614923 -15.228084253495741 0.67399172639746352 -5.2996795836370438 22.999307040572166 1.3004492829430778 3.8868066334724425 11.372619984831129 3.5217049825046711 -6.6158388910919985
leaf_weight=36931 66539 57864 110 5330 37478 78844 204599 20 20 31 261 96 27 26 106 78 9254 108 30 28 56 54 135 49 23 41 51 31 45 1413 216 75 661 23 24 50 125 23 218 22 33 162 1305 22 23 347 29 24 34 31 28 72 89 31 89 64 30 53 20 28 237 363
leaf_count=36931 66539 57864 110 5330 37478 78844 204599 20 20 31 261 96 27 26 106 78 9254 108 30 28 56 54 135 49 23 41 51 31 45 1413 216 75 661 23 24 50 125 23 218 22 33 162 1305 22 23 347 29 24 34 31 28 72 89 31 89 64 30 53 20 28 237 363
internal_value=0.00255963 -0.163759 -0.337384 0.0411249 0.0235397 -0.10175 0.102552 0.0999851 2.37278 1.45788 0.725744 6.87642 14.4027 -0.915629 -2.49172 4.55812 0.517125 -0.260373 -0.978289 -2.8441 -7.38811 -3.10874 -6.67084 -0.149466 -5.39723 -9.56066 -3.47939 4.00904 -16.5824 -1.91277 0.081062 0.19869 0.363404 4.15255 14.0081 0.0851944 -2.61062 -4.90536 0.503346 2.82069 5.08218 3.79717 -0.226843 1.44934 5.0932 3.05361 2.42315 18.463 -13.3333 -2.19385 1.27059 -6.90279 -1.32434 -5.77608 6.26876 8.45268 2.85526 9.14341 18.611 23.4386 -0.20605 -2.66308
internal_weight=504229 94905 57974 409324 394740 152663 242077 67204 665 618 587 116 47 471 367 104 14584 85459 6015 1839 318 217 163 4176 176 122 81 54 101 1521 4000 3951 3845 263 47 3582 481 327 3101 743 525 479 2358 1053 392 369 154 46 84 243 140 103 117 106 317 228 147 83 81 61 79444 600
internal_count=504229 94905 57974 409324 394740 152663 242077 67204 665 618 587 116 47 471 367 104 14584 85459 6015 1839 318 217 163 4176 176 122 81 54 101 1521 4000 3951 3845 263 47 3582 481 327 3101 743 525 479 2358 1053 392 369 154 46 84 243 140 103 117 106 317 228 147 83 81 61 79444 600
cat_boundaries=0 1 2 3 5 6 7 8 9 10 11 12
cat_threshold=8 944464258 163 539904140 1 1090519552 132 2723426444 2148532228 81922 268960082 327938
is_linear=0
shrinkage=0.05


Tree=144
num_leaves=63
num_cat=13
split_feature=0 8 1 21 7 0 1 20 14 4 0 10 10 0 7 0 18 12 0 3 3 3 4 12 14 4 15 12 1 3 0 10 7 20 17 10 6 8 10 14 12 3 17 20 6 20 0 15 3 14 18 20 20 3 14 7 1 3 17 0 20 7
split_gain=1.25169e+06 1.38362e+06 1.77841e+06 1.67041e+06 1.32711e+06 1.36818e+06 1.17319e+06 3.3434e+06 2.85066e+06 1.57508e+06 1.02832e+06 1.00447e+06 3.04206e+06 2.38382e+06 2.37061e+06 3.36377e+06 5.5777e+06 1.49695e+06 1.46177e+06 2.92526e+06 1.40226e+06 1.25589e+06 1.04902e+06 2.38429e+06 1.88217e+06 1.17573e+06 2.15968e+06 4.4117e+06 978382 2.85499e+06 5.94972e+06 5.57954e+06 4.5168e+06 3.1587e+06 3.04336e+06 2.75342e+06 2.0781e+06 2.03371e+06 1.50037e+06 1.63629e+06 1.82271e+06 1.28034e+06 1.16527e+06 1.16165e+06 1.13003e+06 957017 1.42342e+06 947270 3.50295e+06 3.47662e+06 1.58269e+06 2.0761e+06 1.41208e+06 1.18598e+06 946242 1.11128e+06 918644 2.14662e+06 3.7143e+06 2.46049e+06 3.25249e+06 3.35807e+06
threshold=0 4.5000000000000009 1 57.500000000000007 2016.5000000000002 2 3 4501.1082227991183 33.150000000000013 7.8050000000000006 4 4.5000000000000009 5.5000000000000009 5 2011.5000000000002 6 444.74000000000007 23.500000000000004 7 2870.0713595857619 2439.0652173913049 1326.9312353299549 0.70500000000000018 12.500000000000002 33.150000000000013 1.2050000000000003 25.550000000000004 27.500000000000004 8 2476.7546290360606 9 5.5000000000000009 2017.5000000000002 3271.8972491814698 10.005000000000001 4.5000000000000009 8.5000000000000018 1.5000000000000002 1.5000000000000002 23.850000000000005 4.5000000000000009 2870.0713595857619 3.5050000000000003 2783.9153290054519 1.0000000180025095e-35 1298.0943810862038 10 10.65 2400.004260758416 19.150000000000002 1864.097142857142 2505.4020647934699 2477.1922878756609 2870.0713595857619 32.750000000000007 2017.5000000000002 11 2920.4711966842933 35.005000000000003 12 2440.9698029269407 2017.5000000000002
decision_type=9 2 1 2 2 9 1 2 2 2 9 2 2 9 2 9 2 2 9 2 2 2 2 2 2 2 2 2 1 2 9 2 2 2 2 2 2 2 2 2 2 2 2 2 2 2 9 2 2 2 2 2 2 2 2 2 1 2 2 9 2 2
left_child=6 28 3 10 -4 56 7 11 9 -9 -3 47 13 14 45 16 20 -17 19 21 -16 -14 23 24 -20 26 -24 -28 29 33 32 35 37 -2 -33 44 38 -31 41 40 -40 -34 -35 -36 -32 -13 -47 48 52 53 51 -51 -1 -50 -46 -56 -6 58 59 -58 61 -61
right_child=1 2 4 -5 5 -7 -8 8 -10 -11 -12 12 18 -15 15 17 -18 -19 22 -21 -22 -23 25 -25 -26 -27 27 -29 -30 30 31 34 36 42 43 -37 -38 -39 39 -41 -42 -43 -44 -45 54 46 -48 -49 49 50 -52 -53 -54 -55 55 -57 57 -59 -60 60 -62 -63
leaf_value=-0.59840992065514109 -0.1559912114576498 0.55632257049186595 0.17755899415097304 13.415462964773178 0.16605979403426285 0.39083809541854819 0.00597418105552611 -9.6456763101660687 -0.32544783506637964 -28.359076011180878 -0.11561150121058275 0.60940247381471113 -1.0402615053823163 -0.12611558784674759 9.0711875664287955 -0.036417082726524143 1.0102686172914366 2.5525407602823313 3.4308727908134458 -15.677603723069556 20.571905326843265 -5.1256534587930558 -0.66920218694777722 0.23804475030591413 25.122857231199745 -0.27876939442577026 -2.7257142167621193 -30.479943631944202 0.078170753578915231 -13.321318646135001 -8.1613539314270014 -25.540167984755143 -9.3807171323895471 -5.331611113114791 -8.641779411562851 7.5389401752047425 6.6149070154737544 -32.390302382575143 -9.5262912002893607 -5.433340442925692 -29.081026892228564 8.510169887542725 -19.337790340847441 0.17227312864041797 0.63660281431642396 -6.4587181596528929 0.48515544896557306 -0.25060798030422488 -9.9281294666803817 16.13373181025187 -11.550131344795227 -2.2568083518429805 -7.5308075266915395 -21.344240333012173 -9.3796865211833609 0.38361185673744447 2.5049513635344995 0.31948878601576547 1.4149627320344251 30.499483822238062 5.9401150950013779 10.643240721085492
leaf_weight=10009 55888 6186 115532 23 1218 16256 106848 23 39 22 70286 2102 1298 4940 308 1002 344 1261 20 38 29 220 147 124 20 7988 45 21 49584 29 45 23 20 33 140 123 27 27 26 48 22 20 27 51 732 116 182 46799 65 21 26 57 74 35 55 62 302 1478 1425 31 219 68
leaf_count=10009 55888 6186 115532 23 1218 16256 106848 23 39 22 70286 2102 1298 4940 308 1002 344 1261 20 38 29 220 147 124 20 7988 45 21 49584 29 45 23 20 33 140 123 27 27 26 48 22 20 27 51 732 116 182 46799 65 21 26 57 74 35 55 62 302 1478 1425 31 219 68
internal_value=0.00241908 0.0621904 0.135871 -0.05714 0.243998 0.609681 -0.101405 -0.249668 -10.2196 -18.7944 -0.0611995 -0.238865 0.0641115 0.666701 1.3972 2.35065 5.40961 1.40003 -0.560526 -1.96274 10.0609 -1.63235 -0.296994 3.66215 14.2769 -0.37653 -4.04276 -11.5566 -0.084517 -0.225031 -2.41551 -1.01093 -9.81629 -0.168301 -8.35742 0.524998 -6.05567 -22.5153 -8.57116 -11.9611 -18.4889 -0.435274 -11.6344 -6.28829 -0.440007 0.233465 -2.41828 -0.3461 -0.780526 -7.26721 -0.866665 2.69449 -0.649287 -13.9238 -0.0307486 -4.20597 1.35637 1.76626 2.82053 6.05106 9.05521 16.8609
internal_weight=504229 320006 213024 76495 136529 20997 184223 77375 84 45 76472 77291 20205 10284 5344 2944 681 2263 9921 1556 337 1518 8365 164 40 8201 213 66 106982 57398 1450 1231 219 55948 214 1017 163 56 136 96 48 40 60 191 894 2400 298 57086 10287 204 104 78 10083 100 849 117 4741 3523 2045 620 318 99
internal_count=504229 320006 213024 76495 136529 20997 184223 77375 84 45 76472 77291 20205 10284 5344 2944 681 2263 9921 1556 337 1518 8365 164 40 8201 213 66 106982 57398 1450 1231 219 55948 214 1017 163 56 136 96 48 40 60 191 894 2400 298 57086 10287 204 104 78 10083 100 849 117 4741 3523 2045 620 318 99
cat_boundaries=0 1 2 3 4 5 6 7 8 9 10 11 12 13
cat_threshold=3649077810 42 539238468 88 2769024 2432696338 16777232 16777232 76 537141252 2164260864 4 262212
is_linear=0
shrinkage=0.05


Tree=145
num_leaves=63
num_cat=6
split_feature=7 0 3 12 0 4 20 13 7 7 0 4 18 17 3 3 20 7 18 20 17 17 3 3 18 3 15 16 3 7 20 0 21 14 18 7 4 15 7 14 12 17 20 10 9 9 15 3 20 15 14 7 21 0 4 12 0 17 3 20 3 18
split_gain=1.39413e+06 1.2007e+06 1.62457e+06 2.41163e+06 1.13137e+06 1.24685e+06 2.14523e+06 4.38639e+06 2.69685e+06 1.74467e+06 1.63956e+06 1.98386e+06 2.08967e+06 2.41994e+06 4.91923e+06 2.08643e+06 2.85863e+06 1.79889e+06 1.77033e+06 2.64754e+06 6.95498e+06 1.69954e+06 1.66941e+06 1.60235e+06 1.56902e+06 3.17071e+06 4.26647e+06 3.39212e+06 2.48263e+06 1.86008e+06 1.51756e+06 3.69232e+06 2.47156e+06 2.23601e+06 2.70789e+06 4.50821e+06 2.37612e+06 2.17814e+06 2.02573e+06 1.9072e+06 1.46965e+06 1.44373e+06 2.99241e+06 5.18741e+06 2.60653e+06 2.29063e+06 2.69886e+06 1.39754e+06 2.62642e+06 3.22819e+06 2.24793e+06 3.49641e+06 2.03244e+06 1.3218e+06 1.77748e+06 1.94522e+06 1.30068e+06 1.34718e+06 1.29995e+06 1.21587e+06 1.8198e+06 1.67488e+06
threshold=2018.5000000000002 0 5833.4745046068419 14.500000000000002 1 271.41500000000008 5846.5037224942653 190.50000000000003 2016.5000000000002 2013.5000000000002 2 3.5050000000000003 6.4857142857142884 13.505000000000003 3487.2195577335215 1098.4382861115221 994.42657769353184 2014.5000000000002 369.27928571428578 5846.5037224942653 652.19000000000017 4954.6500000000005 1718.4084893054981 1514.2868223926246 40.171428571428599 2870.0713595857619 24.250000000000004 0.75000000000000011 3675.9158203319507 2012.5000000000002 3535.4039992962066 3 1.5000000000000002 21.450000000000003 3.3571428571428656 2015.5000000000002 2.8050000000000006 21.650000000000002 2015.5000000000002 22.450000000000003 49.500000000000007 0.90500000000000014 3535.4039992962066 1.0000000180025095e-35 7.5000000000000009 13.500000000000002 25.650000000000002 4782.7513255980266 3749.3432519861094 18.650000000000002 36.750000000000007 2010.5000000000002 2.5000000000000004 4 6.6050000000000013 51.500000000000007 5 2.0050000000000003 5833.4745046068419 3489.0433262110359 4371.0287820196727 117.07357142857141
decision_type=2 9 2 2 9 2 2 2 2 2 9 2 2 2 2 2 2 2 2 2 2 2 2 2 2 2 2 2 2 2 2 9 2 2 2 2 2 2 2 2 2 2 2 2 2 2 2 2 2 2 2 2 2 9 2 2 9 2 2 2 2 2
left_child=4 2 -2 -4 -1 10 47 9 -9 58 18 12 13 30 -15 -14 -17 23 -6 21 -21 53 -23 -18 25 56 29 -28 -29 -27 -12 32 -32 40 36 37 39 -36 -34 -35 -33 42 -19 -44 -45 -46 -47 -7 49 -49 51 -51 -50 54 55 -20 -25 -58 -8 -43 61 -61
right_child=1 -3 3 -5 5 6 7 8 -10 -11 11 -13 15 14 -16 16 17 41 19 20 -22 22 -24 24 -26 26 27 28 -30 -31 31 33 38 34 35 -37 -38 -39 -40 -41 -42 59 43 44 45 46 -48 48 52 50 -52 -53 -54 -55 -56 -57 57 -59 -60 60 -62 -63
leaf_value=-0.1973709363898416 0.85857916657185784 0.14050240800262798 -6.5462274919537933 8.1331593314303632 0.15793867471473913 -0.086538711979013555 9.7216764460910454 -25.810061496676823 -5.4385488212108619 -11.164620319572656 -0.0074292704155450046 0.063953448919878683 -0.061713865151221986 0.95569954761673537 20.894535063534249 -7.4789745753167445 -0.82761815735070388 -1.888312988879822 -1.5775086094969897 35.107269684672353 -2.7114723613185268 0.11183863188432797 -4.2336577337269814 1.3672840109685573 -1.6865319873464224 -13.690422402895415 -5.9702879407189116 -17.957102088928224 -42.870111317634581 0.20376275877157846 -3.6018797326283378 15.362821418748183 -5.6147396995907748 -14.534606981277467 -9.3768310577080065 0.67308370371659598 16.096251791999453 -27.678247420541169 -25.057802743525119 -0.56982588705287929 -1.0019819923069166 -0.42304041201038062 24.256980773268477 17.639823487530585 -14.852444596653399 11.885352237224581 -7.7698777504505658 24.052101817497842 0.8379527741794377 12.870083904266359 17.626148628053212 -12.376025606691838 -11.453974343047424 0.17239808729912129 1.396119490606643 13.85827498549507 -10.014751107818203 -3.2553840534597365 -1.1022998713898933 -9.6904981277006517 3.0220071770594674 0.39700638545771777
leaf_weight=75760 5774 12084 34 158 77960 197394 33 33 32 37 11065 97477 2321 126 41 221 747 177 727 20 31 700 323 113 520 39 22 20 20 63 61 34 21 25 37 72 21 29 37 1110 23 1105 36 23 23 40 31 26 3084 24 21 32 34 4798 8676 21 95 329 174 136 65 59
leaf_count=75760 5774 12084 34 158 77960 197394 33 33 32 37 11065 97477 2321 126 41 221 747 177 727 20 31 700 323 113 520 39 22 20 20 63 61 34 21 25 37 72 21 29 37 1110 23 1105 36 23 23 40 31 26 3084 24 21 32 34 4798 8676 21 95 329 174 136 65 59
internal_value=-0.0038363 0.427653 1.00735 5.53368 -0.0198511 0.0129105 -0.0760929 -4.23897 -15.781 -1.16425 0.0982142 -0.0269599 -0.495688 -0.128293 5.85086 -1.24776 -1.95653 -1.62334 0.254408 0.746254 12.1194 0.708207 -1.2602 -2.65165 -3.76759 -5.31131 -11.3962 -21.7402 -30.4136 -5.10872 -0.207952 -1.71733 -9.80436 -0.925577 -1.35935 -7.97935 -0.569075 -17.4184 -18.0181 -0.87742 8.75948 -0.429402 2.53842 7.65954 2.55263 -1.13892 3.30349 -0.069681 0.963416 8.81896 3.6753 -1.55626 0.703916 0.849796 1.19323 -1.14415 -3.45297 -4.65996 0.623262 -1.1469 -4.22328 -6.63838
internal_weight=504374 18050 5966 192 486324 410564 200924 309 65 244 209640 116384 18907 12702 167 6205 3884 3663 93256 15296 51 15245 1023 1968 1221 701 164 62 40 102 12535 1470 119 1351 1294 138 1156 66 58 1135 57 1695 330 153 117 94 71 200615 3221 103 77 56 3118 14222 9424 748 537 424 207 1365 260 195
internal_count=504374 18050 5966 192 486324 410564 200924 309 65 244 209640 116384 18907 12702 167 6205 3884 3663 93256 15296 51 15245 1023 1968 1221 701 164 62 40 102 12535 1470 119 1351 1294 138 1156 66 58 1135 57 1695 330 153 117 94 71 200615 3221 103 77 56 3118 14222 9424 748 537 424 207 1365 260 195
cat_boundaries=0 1 2 4 5 6 7
cat_threshold=38744072 2164293664 2015979908 1 33816576 268525568 41943624
is_linear=0
shrinkage=0.05


Tree=146
num_leaves=63
num_cat=6
split_feature=7 3 0 3 10 10 20 7 10 10 19 20 13 14 19 13 0 17 20 17 13 18 0 13 3 14 20 20 10 3 20 0 21 3 19 3 6 18 19 20 14 21 0 0 20 20 17 18 10 3 7 10 13 18 3 19 19 13 20 10 15 20
split_gain=1.27514e+06 1.57959e+06 4.37026e+06 4.91738e+06 2.91547e+06 2.33566e+06 2.31351e+06 2.54124e+06 2.18838e+06 3.88207e+06 2.60827e+06 3.65401e+06 3.42688e+06 2.09879e+06 2.35655e+06 2.46034e+06 2.08494e+06 1.97659e+06 1.90252e+06 1.83139e+06 1.75512e+06 1.61877e+06 1.59869e+06 1.47739e+06 3.53948e+06 1.26597e+06 1.25326e+06 1.31017e+06 1.25152e+06 1.51226e+06 1.20402e+06 1.16796e+06 1.41281e+06 1.14379e+06 8.70793e+06 1.55731e+06 4.69541e+06 4.38788e+06 2.44615e+06 1.48466e+06 3.47611e+06 1.36085e+06 1.09604e+06 1.01362e+06 2.22803e+06 2.12454e+06 3.09418e+06 2.51596e+06 2.40763e+06 1.08028e+06 1.16805e+06 989285 976077 2.11164e+06 1.63821e+06 1.41375e+06 973058 962826 1.23942e+06 941679 918535 913669
threshold=2008.5000000000002 1199.9868236120874 0 1800.0057157622614 1.0000000180025095e-35 4.5000000000000009 1838.8550135501357 2003.5000000000002 2.5000000000000004 3.5000000000000004 611.23666666666679 1259.9863510085763 178.50000000000003 32.150000000000013 386.74000000000007 309.50000000000006 1 867.13000000000011 2335.445547633391 135.60500000000005 301.50000000000006 916.61785714285713 2 214.50000000000003 1939.9037800101239 28.650000000000002 1499.8246655190121 1300.0225903614462 5.5000000000000009 2819.4827892043118 1217.8351326949542 3 118.00000000000001 4086.4962359785382 355.42716666666666 3336.2827255565417 27.500000000000004 561.04214285714295 449.39200000000011 3535.4039992962066 29.850000000000005 1.5000000000000002 4 5 1735.0000642406405 1502.0765302439734 50.405000000000008 5.262857142856884 1.0000000180025095e-35 1100.0000171572108 2005.5000000000002 5.5000000000000009 312.50000000000006 1197.1385714285718 2819.4827892043118 1559.1600000000001 39.560166666666674 252.50000000000003 3600.0489955903977 1.5000000000000002 19.950000000000003 1074.1412281862247
decision_type=2 2 9 2 2 2 2 2 2 2 2 2 2 2 2 2 9 2 2 2 2 2 9 2 2 2 2 2 2 2 2 9 2 2 2 2 2 2 2 2 2 2 9 9 2 2 2 2 2 2 2 2 2 2 2 2 2 2 2 2 2 2
left_child=1 43 3 4 6 33 7 -3 60 10 56 25 -13 14 -9 17 19 21 23 -7 -20 -16 -11 24 -5 -12 27 30 52 -30 -15 -2 -33 35 41 39 37 38 57 42 -41 59 -4 45 -45 -1 47 -47 -48 -50 -51 -18 54 -54 -21 -55 -10 58 -37 -35 -6 -53
right_child=31 2 5 18 8 16 -8 13 9 22 11 12 -14 26 15 -17 51 -19 20 28 -22 -23 -24 -25 -26 -27 -28 -29 29 -31 -32 32 -34 34 -36 36 -38 -39 -40 40 -42 -43 -44 44 -46 46 48 -49 49 50 -52 61 53 55 -56 -57 -58 -59 -60 -61 -62 -63
leaf_value=0.15022966410347707 -0.064503781345065278 -13.299057665356884 -0.5150744975125543 -25.79627513885498 -1.3329149677100676 -0.28320772916116488 18.168029325658626 1.2204039436578751 3.1184226582758132 0.23003701622050909 8.4413523756939437 5.5712621921446264 26.413734096288682 1.1372761894674863 5.4043229992337096 26.659206142425536 0.69275411216623595 -4.3012136826148399 -27.659967861175542 -4.761836747341393 -7.6046913862228394 22.579321483943772 -5.7750162974806729 -3.2340252857359633 -6.474235598543256 -6.4966243112409447 -14.17966236841111 7.7079461413045083 -1.1441572261190236 -14.770365489664535 -13.317209632873537 0.12535642264032554 10.031373779020377 7.068683382868767 -27.380699388908621 -3.0851583517830949 -16.333177774060857 25.782065023224931 -11.947976589202881 1.9820997873942059 -23.676326760378753 -6.547230885392529 0.15867336350596162 -0.11439534269584016 -8.0291172627652632 8.808773568960337 22.780113848772917 -9.9092809849771957 8.22632042961399 -4.25341564290067 7.294430280313259 -7.2443206339081136 -6.4892210052176216 14.610482732816175 -18.600198095495053 0.57157997421382623 -3.0348491451074913 16.508622889085249 11.53305912182249 -0.50991820661645193 -5.5329207933783531 -0.93621759529226933
leaf_weight=36643 129861 27 8891 27 176 786 22 160 128 179 23 41 38 34 34 20 1349 26 20 767 24 23 304 252 194 37 21 31 670 21 25 205243 36 64 33 29 22 29 20 33 22 59 18747 96334 89 26 22 58 137 47 41 60 108 22 22 97 129 22 29 114 500 1326
leaf_count=36643 129861 27 8891 27 176 786 22 160 128 179 23 41 38 34 34 20 1349 26 20 767 24 23 304 252 194 37 21 31 670 21 25 205243 36 64 33 29 22 29 20 33 22 59 18747 96334 89 26 22 58 137 47 41 60 108 22 22 97 129 22 29 114 500 1326
internal_value=-0.00364301 -0.11552 -0.410237 -2.42448 -1.29936 -0.258705 2.38114 1.51502 -2.30055 -0.655627 3.0141 8.5318 15.5968 2.58449 5.01783 10.9167 -1.22923 7.12337 -6.77599 -2.27122 -16.7207 12.3346 -3.66434 -5.8509 -8.83485 -0.7704 -3.18099 -0.614628 -3.19992 -1.55827 -4.98751 0.052851 0.127087 -0.0783214 -3.31698 -0.0469165 5.01702 8.65813 3.69219 -0.0745283 -8.28127 0.0336643 -0.0581968 -0.0363447 -0.121688 0.186202 4.17408 -4.1156 6.99324 5.44963 1.12683 -0.270149 -4.31643 -1.42715 -5.1477 3.16701 0.0298154 7.60224 4.22395 2.21497 -4.43943 -1.2093
internal_weight=504374 169234 35837 2495 1978 33342 423 401 1555 879 396 139 79 374 263 103 5228 83 517 2493 44 57 483 473 221 60 111 90 1707 691 59 335140 205279 28114 270 27844 151 129 100 27693 55 237 27638 133397 96423 36974 331 84 247 225 88 2735 1016 227 789 119 257 80 58 178 676 1386
internal_count=504374 169234 35837 2495 1978 33342 423 401 1555 879 396 139 79 374 263 103 5228 83 517 2493 44 57 483 473 221 60 111 90 1707 691 59 335140 205279 28114 270 27844 151 129 100 27693 55 237 27638 133397 96423 36974 331 84 247 225 88 2735 1016 227 789 119 257 80 58 178 676 1386
cat_boundaries=0 1 2 3 4 6 7
cat_threshold=2148810752 78106 1048576 3516039266 1082141338 1 546531464
is_linear=0
shrinkage=0.05


Tree=147
num_leaves=63
num_cat=4
split_feature=1 20 9 19 21 15 17 16 7 3 17 20 11 3 20 7 4 17 18 3 3 20 1 3 20 3 6 4 3 1 16 20 9 20 18 3 18 3 18 15 3 13 4 19 3 11 20 20 6 4 4 4 4 17 7 19 13 12 1 4 3 20
split_gain=1.59472e+06 3.80429e+06 4.15376e+06 3.89093e+06 2.20949e+06 1.88577e+06 1.73924e+06 1.35069e+06 1.27013e+06 4.46858e+06 3.91887e+06 4.12213e+06 1.98976e+06 1.49802e+06 1.39566e+06 5.27813e+06 3.33379e+06 2.89368e+06 5.7926e+06 5.09614e+06 4.42412e+06 3.9613e+06 3.66925e+06 5.54085e+06 3.09105e+06 2.84591e+06 2.42446e+06 3.21709e+06 2.19705e+06 3.64954e+06 9.91228e+06 3.5486e+06 2.80919e+06 2.15539e+06 3.94961e+06 2.30423e+06 3.00275e+06 1.96325e+06 1.95419e+06 2.76689e+06 1.93572e+06 1.90523e+06 1.87497e+06 1.80802e+06 1.79412e+06 4.0423e+06 1.78926e+06 1.77662e+06 1.73593e+06 2.68562e+06 4.50062e+06 2.66349e+06 1.99101e+06 1.91559e+06 3.12686e+06 2.29222e+06 2.17599e+06 2.68389e+06 1.72136e+06 2.34054e+06 5.74555e+06 3.41443e+06
threshold=0 5846.5037224942653 7.5000000000000009 1039.7378333333334 127.50000000000001 20.150000000000002 1.2050000000000003 3.5500000000000003 2004.5000000000002 1431.2509292975271 352.10500000000008 2023.3249596634193 1.0000000180025095e-35 1769.8694283200996 2092.2258833249689 2008.5000000000002 26845.535000000003 9.9950000000000028 19.355000000000008 1226.9881149806524 3063.3519712210964 2916.9675990675996 1 3063.3519712210964 3108.6198219573416 4086.4962359785382 11.500000000000002 96.015000000000015 3158.1210901774289 2 2.4500000000000006 1361.5925202790247 11.500000000000002 3900.6392308260497 561.04214285714295 3063.3519712210964 461.92214285714255 1686.6704729814053 6.4857142857142884 24.750000000000004 1318.9562571762679 322.50000000000006 1.2050000000000003 12.990333333333336 2506.6491761407019 1.0000000180025095e-35 5229.0057692225555 2783.9153290054519 8.5000000000000018 817.05000000000007 1572.1400000000001 75.29000000000002 2462.6300000000006 208.57000000000002 2008.5000000000002 3128.5466666666666 298.50000000000006 31.500000000000004 3 5.0050000000000008 1718.4084893054981 1298.0943810862038
decision_type=1 2 2 2 2 2 2 2 2 2 2 2 2 2 2 2 2 2 2 2 2 2 1 2 2 2 2 2 2 1 2 2 2 2 2 2 2 2 2 2 2 2 2 2 2 2 2 2 2 2 2 2 2 2 2 2 2 2 1 2 2 2
left_child=4 8 -3 5 6 -4 -1 -7 9 -2 -11 12 13 -12 28 25 17 18 19 -17 21 37 23 24 40 33 -22 -28 43 41 31 -31 -32 35 -35 -16 -37 -20 39 -24 -19 48 -33 -10 -42 -46 -21 -18 53 51 -51 -50 -52 54 -30 56 57 -56 -45 60 -60 -62
right_child=1 2 3 -5 -6 7 -8 -9 14 10 11 -13 -14 -15 15 16 47 22 20 46 26 -23 38 -25 -26 -27 27 -29 29 30 32 42 -34 34 -36 36 -38 -39 -40 -41 44 -43 -44 58 45 -47 -48 -49 49 50 52 -53 -54 -55 55 -57 -58 -59 59 -61 61 -63
leaf_value=1.3770611356460276 -0.19475863540149593 -22.148035838741524 -17.720433455128823 15.661117969859731 15.726115793767185 5.4613208223272256 0.16618560328033163 -11.682167274951937 0.44706070097464412 -0.97522901640945214 -2.7074998787120932 -25.014353854080728 -13.534440206413841 -10.61068710314261 -3.2426603053670386 18.96455273628235 -4.9791402489349652 -14.027362798055012 -9.0074564236109378 -0.39447138775684648 2.3279508868033445 -8.8585707066461197 3.177678753187259 -25.793500141302747 -16.179061900244818 -20.768668452898662 -15.881372725709955 2.0088869995541043 -19.273273221084054 -39.024153518676762 17.201589723995752 -24.237840414047241 -4.1848098558538096 -6.1444484548135243 19.147761194048257 -1.5673295266700515 -22.183580773755125 -2.2336087161640763 0.13853119158998892 23.34049592494965 -0.50210431057214744 9.2222070794635354 -7.9999839591979978 0.23293978220692613 -2.112807944241692 -15.450221158518936 -14.669013777646152 -22.446430163582168 -3.7857402133941651 18.889613033476333 -19.551634863148564 -29.281195667811801 -1.7762237254381181 11.084694588337189 1.306154279086901 -10.75494211614132 -9.7689591718756645 17.85347240598578 -0.46876419656372026 -0.027425229227779055 -12.771766625466896 -3.6087202975972268
leaf_weight=3120 50213 39 31 22 23 27 59895 20 25194 753 316 29 67 74 893 34 37 30 122 10220 412 421 114 24 36 24 47 54 21 20 28 32 34 33 29 33 38 868 38798 20 1750 45 40 66052 408 66 22 24 20 21 23 21 50 39 69 32 23 38 6652 236002 122 610
leaf_count=3120 50213 39 31 22 23 27 59895 20 25194 753 316 29 67 74 893 34 37 30 122 10220 412 421 114 24 36 24 47 54 21 20 28 32 34 33 29 33 38 868 38798 20 1750 45 40 66052 408 66 22 24 20 21 23 21 50 39 69 32 23 38 6652 236002 122 610
internal_value=-0.00346678 -0.0370693 -8.30755 -2.90977 0.231757 -8.14771 0.226138 -1.83378 -0.0344645 -0.267954 -3.23433 -6.73454 -5.57455 -4.20708 -0.00364052 -0.238165 -0.169273 -0.155939 -0.832409 -0.360979 -3.3503 -4.79599 0.0441513 -1.88586 -1.64353 -3.74888 0.626065 -6.31628 0.034532 -3.10592 -9.37032 -20.3923 5.47356 -3.35076 5.68578 -3.93194 -12.6014 -3.06837 0.159309 6.18705 -1.41138 -0.461555 -15.2168 0.03975 -1.2412 -3.96992 -0.425133 -11.8515 -1.69513 -6.1662 -1.50869 -16.8444 -7.3767 1.02377 -1.12036 1.23279 4.18362 7.18277 0.00658731 -0.0548493 -0.931432 -5.13589
internal_weight=504374 441336 139 100 63038 78 63015 47 441197 51452 1239 486 457 390 389745 54557 53507 53446 12200 10276 1924 1411 41246 2314 2290 1050 513 101 335188 556 154 92 62 1026 62 964 71 990 38932 134 2254 402 72 334632 2224 474 10242 61 357 135 94 41 73 222 183 162 130 107 309438 243386 7384 732
internal_count=504374 441336 139 100 63038 78 63015 47 441197 51452 1239 486 457 390 389745 54557 53507 53446 12200 10276 1924 1411 41246 2314 2290 1050 513 101 335188 556 154 92 62 1026 62 964 71 990 38932 134 2254 402 72 334632 2224 474 10242 61 357 135 94 41 73 222 183 162 130 107 309438 243386 7384 732
cat_boundaries=0 1 2 3 4
cat_threshold=33 130 20 144
is_linear=0
shrinkage=0.05


Tree=148
num_leaves=63
num_cat=8
split_feature=1 20 4 19 21 0 4 0 3 18 3 20 4 1 0 19 17 20 18 3 20 14 3 10 17 15 21 20 0 19 3 17 20 19 8 20 9 20 3 17 0 3 16 17 17 3 15 17 15 19 3 20 19 20 17 3 15 3 1 15 18 4
split_gain=1.43923e+06 3.43337e+06 4.36507e+06 3.94198e+06 1.99406e+06 1.84905e+06 1.63404e+06 4.80902e+06 3.53407e+06 3.30709e+06 3.54339e+06 3.04476e+06 2.37245e+06 2.35973e+06 3.40583e+06 2.68216e+06 3.18352e+06 6.3688e+06 2.87118e+06 2.38189e+06 2.048e+06 3.71192e+06 2.67999e+06 3.25306e+06 2.57897e+06 2.45988e+06 2.04054e+06 1.96466e+06 4.54713e+06 3.89458e+06 3.69881e+06 1.91054e+06 2.6295e+06 2.69181e+06 2.71382e+06 2.36891e+06 2.03897e+06 2.03776e+06 1.88854e+06 1.77238e+06 1.71267e+06 2.57574e+06 1.70141e+06 1.63402e+06 1.80174e+06 2.2716e+06 2.20301e+06 2.04498e+06 2.38367e+06 1.65794e+06 1.60782e+06 1.60352e+06 4.86554e+06 2.56337e+06 2.39141e+06 3.14349e+06 2.03803e+06 1.98266e+06 1.85889e+06 2.26065e+06 3.01264e+06 1.57299e+06
threshold=0 5846.5037224942653 384.01500000000004 622.81283333333351 127.50000000000001 1 3.5050000000000003 2 4628.4457362818657 12.460000000000004 1525.0002183693621 1250.7979724006766 199.80500000000004 3 4 22.685333333333336 54.105000000000011 1974.8037944361051 362.2928571428572 3336.2827255565417 3535.4039992962066 26.950000000000003 3600.0489955903977 1.5000000000000002 16.005000000000006 23.150000000000002 1.5000000000000002 3600.0489955903977 5 37.843499999999999 2980.9585434173673 2386.6200000000003 1380.0108695652177 1266.9316666666671 7.5000000000000009 4633.3644804982769 5.5000000000000009 2916.9675990675996 3600.0489955903977 9.3100000000000023 6 3267.977079231146 1.6500000000000001 0.50500000000000012 0.70500000000000018 3675.9158203319507 24.150000000000002 54.105000000000011 24.250000000000004 93.083833333333331 4500.0473101299594 2200.0358052196057 13.806666666666667 3209.0769230769233 9.9950000000000028 2279.1554194469331 21.950000000000003 2476.7546290360606 7 24.950000000000003 444.74000000000007 24.605000000000004
decision_type=1 2 2 2 2 9 2 9 2 2 2 2 2 1 9 2 2 2 2 2 2 2 2 2 2 2 2 2 9 2 2 2 2 2 2 2 2 2 2 2 9 2 2 2 2 2 2 2 2 2 2 2 2 2 2 2 2 2 1 2 2 2
left_child=4 5 3 -3 -1 50 7 8 9 20 -11 -12 13 14 15 16 -8 -18 27 31 22 26 -7 25 -25 -24 -22 -17 -29 -30 -31 32 -20 -34 36 -33 -35 -38 -28 -23 41 -13 -32 -42 46 -46 -45 48 -47 -49 -2 -16 53 -53 55 -54 -55 -56 -59 -60 -61 -36
right_child=1 2 -4 -5 -6 6 12 -9 -10 10 11 40 -14 -15 51 18 17 -19 19 -21 21 39 23 24 -26 -27 38 28 29 30 42 35 33 34 61 -37 37 -39 -40 -41 43 -43 -44 44 45 47 -48 49 -50 -51 -52 52 54 56 57 -57 -58 58 59 60 -62 -63
leaf_value=0.21483157579525677 -0.19302265034045019 -8.4171830632529421 -26.81301829648018 14.751161189701248 14.939808884910915 -0.29688224025714727 1.9985548889627898 0.45663617765258036 -17.5833961725235 -0.97131390784531613 -10.73559485113384 -5.2564604748415471 -0.055548257624890698 0.074244028122537553 0.38787898058218989 0.54576980792614449 1.0871318043520055 30.76445219927821 1.4901336458477235 -4.431145371430584 -5.5724661234547117 -1.7009865804134234 4.0234447807073597 6.8646908701443285 26.235249843597412 -17.695441089976921 -7.0490485963367284 3.3111750117557892 2.2359606313705447 -22.720943546036015 -9.987503764722959 0.55746249641224821 3.4448973251992729 27.901489821724272 -6.3158186983179165 -17.045227434635162 16.646741605242966 2.96034089465474 -26.884498187473845 12.657492342862216 -10.336904798448087 -20.329572198050364 0.90081388062121825 19.924561274051669 -1.8315263702956803 -5.1668056798167532 -0.77238367141948805 9.111964910370963 -24.179785074907191 -10.319547978691434 -12.175839192526681 -4.3181799541600698 -9.4669737866646813 -24.023140201062869 2.0922878482235214 -1.2949306896447137 -5.6829140050070635 1.8450041976529534 -0.2056909713933216 -2.8185496679207445 -19.33137957705506 7.0115598814274236
leaf_weight=63015 124792 91 25 23 23 8037 3931 10090 32 2551 151 149 171915 79553 17092 11224 48 29 893 124 85 931 32 122 20 22 21 194 90 46 121 431 617 23 27 20 74 43 28 22 64 35 51 20 1018 32 36 21 34 23 28 287 142 33 1088 687 28 779 2478 581 29 123
leaf_count=63015 124792 91 25 23 23 8037 3931 10090 32 2551 151 149 171915 79553 17092 11224 48 29 893 124 85 931 32 122 20 22 21 194 90 46 121 431 617 23 27 20 74 43 28 22 64 35 51 20 1018 32 36 21 34 23 28 287 142 33 1088 687 28 779 2478 581 29 123
internal_value=-0.00329321 -0.0352155 -7.89218 -3.74287 0.220169 -0.032741 0.0315543 -0.368897 -0.986154 -0.947411 -2.12445 -3.98272 0.0637993 0.233526 0.539946 1.05383 2.19578 12.2643 0.729991 2.31532 -0.425322 -2.46514 -0.156006 5.62065 9.59294 -4.82499 -10.2571 0.408897 -2.65138 -6.30966 -10.1271 2.68695 3.4161 5.31233 9.28546 -0.223145 14.2921 11.6167 -18.3836 -1.36952 -3.27065 -7.70488 -6.75899 -2.53483 -2.13451 -2.5691 6.61938 -9.39499 -14.9614 -1.04542 -0.195695 0.138966 -0.554616 -6.29656 -0.209146 -2.69473 -15.6047 0.206706 -0.323812 -0.874077 -3.60359 4.61263
internal_weight=504374 441336 139 114 63038 441197 316377 23576 13486 13454 4134 1583 292801 120886 41333 18109 4008 77 14101 2375 9320 1087 8233 196 142 54 134 11726 502 308 218 2251 1800 907 290 451 140 117 49 953 1432 184 172 1248 1184 1128 56 110 66 44 124820 23224 6132 348 5784 829 61 4955 3867 3088 610 150
internal_count=504374 441336 139 114 63038 441197 316377 23576 13486 13454 4134 1583 292801 120886 41333 18109 4008 77 14101 2375 9320 1087 8233 196 142 54 134 11726 502 308 218 2251 1800 907 290 451 140 117 49 953 1432 184 172 1248 1184 1128 56 110 66 44 124820 23224 6132 348 5784 829 61 4955 3867 3088 610 150
cat_boundaries=0 1 2 4 5 7 9 10 11
cat_threshold=33 2197979744 269777930 1 80 270870538 1 8 1 264192 64
is_linear=0
shrinkage=0.05


Tree=149
num_leaves=63
num_cat=0
split_feature=7 13 3 7 18 21 3 20 17 6 10 14 13 13 10 17 18 17 19 6 3 6 7 18 3 13 15 15 18 10 20 10 9 10 9 17 18 21 20 19 10 17 21 20 9 12 14 9 15 3 20 17 15 14 17 20 3 3 6 19 3 3
split_gain=1.25978e+06 1.04613e+06 1.9786e+06 2.3954e+06 1.29869e+06 2.13267e+06 1.61984e+06 3.45182e+06 1.99346e+06 1.89035e+06 1.57701e+06 1.39656e+06 1.36809e+06 4.72619e+06 2.09966e+06 1.24496e+06 2.27121e+06 1.50471e+06 1.31999e+06 1.31508e+06 1.15125e+06 1.53834e+06 2.10974e+06 2.73414e+06 1.46955e+06 1.42646e+06 1.86195e+06 3.16147e+06 1.33974e+06 1.54116e+06 1.3105e+06 1.58382e+06 2.38031e+06 1.23165e+06 1.56705e+06 1.13892e+06 1.09105e+06 1.04584e+06 1.21757e+06 1.04438e+06 954562 2.28367e+06 1.28998e+06 1.11259e+06 892155 2.23442e+06 1.8965e+06 1.6747e+06 1.33521e+06 879503 1.23403e+06 992544 1.37173e+06 868517 852374 2.25208e+06 2.01361e+06 1.82081e+06 1.31656e+06 1.0886e+06 4.80399e+06 2.24438e+06
threshold=2018.5000000000002 88.500000000000014 4782.7513255980266 2011.5000000000002 2.857142857142859 60.000000000000007 5833.4745046068419 4269.790630326007 1.0050000000000001 2.5000000000000004 1.5000000000000002 28.250000000000004 300.50000000000006 325.50000000000006 4.5000000000000009 1319.3300000000002 33.62499999999585 126.70500000000001 1678.537166666667 2.5000000000000004 3207.3745910625325 12.500000000000002 2015.5000000000002 1.4885714285714939 3904.2033643443924 142.50000000000003 17.650000000000002 20.850000000000005 1.114285714285715 2.5000000000000004 3824.8560737548437 3.5000000000000004 17.500000000000004 1.5000000000000002 5.5000000000000009 1.5050000000000003 1.4885714285714939 1.5000000000000002 4633.3644804982769 3.7213333333333338 3.5000000000000004 0.90500000000000014 1.5000000000000002 2916.9675990675996 9.5000000000000018 14.500000000000002 35.95000000000001 5.5000000000000009 25.150000000000002 1352.1589640531095 2044.5544314459996 0.90500000000000014 11.65 27.150000000000002 2.0050000000000003 1059.0759323049276 1251.320545339252 857.89619907622216 9.5000000000000018 28.17316666666667 3408.994814838808 2550.1108647450114
decision_type=2 2 2 2 2 2 2 2 2 2 2 2 2 2 2 2 2 2 2 2 2 2 2 2 2 2 2 2 2 2 2 2 2 2 2 2 2 2 2 2 2 2 2 2 2 2 2 2 2 2 2 2 2 2 2 2 2 2 2 2 2 2
left_child=1 2 -1 15 5 20 54 -8 -9 10 -10 -12 14 -14 44 16 -4 19 -17 -18 30 24 23 39 33 26 -26 -28 29 -24 -3 32 -32 34 -22 -25 -36 -27 -39 -23 41 -35 -43 -42 45 -11 48 -47 -46 50 51 52 -2 -40 55 56 -6 -57 -58 60 -59 -61
right_child=49 4 3 -5 6 -7 7 8 9 12 11 -13 13 -15 -16 18 17 -19 -20 -21 21 22 28 35 25 37 27 -29 -30 -31 31 -33 -34 40 36 -37 -38 38 53 -41 43 42 -44 -45 46 47 -48 -49 -50 -51 -52 -53 -54 -55 -56 57 58 59 -60 61 -62 -63
leaf_value=-0.18185801806129639 -2.0242649935185302 0.633992687754239 0.28232053334896384 0.33409902922900264 0.3683451634172028 16.43497378882908 -16.972053124965765 13.163603435321287 -1.653208042894091 4.6676618773762781 -6.5859973564147953 -23.471817255020142 21.3160382270813 -6.0735377258724643 -16.633836356453273 -9.7070748726526901 24.277624839544298 5.9310063447271082 2.4912994722899509 10.127979206809632 -13.975512509686608 1.3490146199377573 -21.370239500958913 -2.3451692771911623 -3.659130223095417 2.1096124192790771 21.148087254777934 2.3921612822784568 -3.0390262452038854 -4.3863256056200379 21.020790044723018 -2.7398625697408403 0.046782199914256736 -1.230223731994629 -0.91100518163396504 -17.382105097349953 -9.8559963362557568 1.0243963733860633 -2.2242187286245412 -7.6855779329935716 -12.467429434734843 5.3826841146781526 19.602054257826374 -0.91482657982153937 0.50356208060514485 -2.361561540010813 -11.876894362767537 -17.405178553349263 11.275175678028781 0.68000031115547399 -10.911506306208096 -0.051164313754817406 14.135625543265508 -14.358819513320924 0.021550571748236672 -6.3783724674811735 2.9334828085818536 -0.69445016093486456 14.773286325503619 -1.2774755904574597 -6.2049079552182098 1.6460789469793899
leaf_weight=112301 24 11006 117 1962 3175 21 39 22 42 41 25 24 28 36 23 24 24 147 292 52 35 287 34 20 32 389 39 53 44 22 31 28 24 145 181 34 42 82 29 36 23 58 22 222 187 37 27 37 34 11200 26 6771 29 30 348642 156 59 2468 39 1786 471 1038
leaf_count=112301 24 11006 117 1962 3175 21 39 22 42 41 25 24 28 36 23 24 24 147 292 52 35 287 34 20 32 389 39 53 44 22 31 28 24 145 181 34 42 82 29 36 23 58 22 222 187 37 27 37 34 11200 26 6771 29 30 348642 156 59 2468 39 1786 471 1038
internal_value=-0.00312291 -0.0183465 -0.150181 1.20863 0.0224453 0.513977 0.00466063 -2.58679 -1.59029 -2.19027 -8.76273 -14.8566 -0.861169 5.9094 -1.98375 3.82423 5.92414 8.8842 1.56484 14.5963 0.488155 -0.663337 -3.11156 -1.39896 0.181671 1.9019 6.72958 10.343 -9.56804 -14.698 0.681195 6.94037 11.8685 -1.3637 -4.13948 -11.8129 -2.59571 0.772402 -2.91678 0.342063 0.160034 2.51137 9.29301 -1.99936 -1.05551 -4.69561 0.632443 -9.88337 2.16073 0.407048 -0.0392382 0.00218599 6.81794 -8.39435 0.00902033 -0.466237 0.58623 -1.04821 7.64524 -0.903931 -1.57755 -0.202883
internal_weight=504374 486324 114919 2618 371405 12969 358436 602 563 541 91 49 450 64 386 656 340 223 316 76 12948 1859 477 377 1382 654 124 92 100 56 11089 83 55 728 258 54 223 530 141 323 470 225 80 245 363 115 248 74 221 18050 6850 6824 53 59 357834 9192 3273 5919 98 5763 2939 2824
internal_count=504374 486324 114919 2618 371405 12969 358436 602 563 541 91 49 450 64 386 656 340 223 316 76 12948 1859 477 377 1382 654 124 92 100 56 11089 83 55 728 258 54 223 530 141 323 470 225 80 245 363 115 248 74 221 18050 6850 6824 53 59 357834 9192 3273 5919 98 5763 2939 2824
is_linear=0
shrinkage=0.05


Tree=150
num_leaves=63
num_cat=11
split_feature=19 21 1 3 4 0 3 4 10 1 17 20 0 4 3 20 10 10 3 4 10 13 3 19 20 0 1 18 3 9 9 17 20 18 10 19 20 13 0 1 3 20 3 8 20 3 9 10 0 3 3 21 4 0 4 0 10 19 3 10 19 20
split_gain=1.36376e+06 2.24171e+06 1.21551e+06 1.24133e+06 1.19715e+06 1.10347e+06 2.20515e+06 2.2606e+06 2.28003e+06 1.89269e+06 3.04547e+06 7.41963e+06 5.25051e+06 2.63188e+06 2.69857e+06 3.35748e+06 2.19525e+06 4.69801e+06 2.146e+06 3.60424e+06 2.03984e+06 1.88388e+06 1.88042e+06 1.87917e+06 2.80122e+06 2.39525e+06 2.84888e+06 4.33982e+06 3.55471e+06 2.58809e+06 9.73222e+06 3.4362e+06 1.99056e+06 1.95623e+06 2.45494e+06 1.87081e+06 1.83263e+06 2.26583e+06 1.79756e+06 2.64679e+06 1.7735e+06 3.63377e+06 1.89383e+06 1.74887e+06 1.74489e+06 1.72841e+06 1.71502e+06 1.66903e+06 2.71752e+06 4.21172e+06 3.68077e+06 3.06679e+06 7.05084e+06 1.6533e+06 1.62638e+06 1.58428e+06 6.63193e+06 7.2897e+06 7.28549e+06 5.45687e+06 5.71287e+06 4.87528e+06
threshold=1.0975000000000004 63.500000000000007 0 257.34282873925321 1.2050000000000003 1 5833.4745046068419 4.995000000000001 4.5000000000000009 2 14.305000000000001 970.92935660712351 3 6.0050000000000008 1059.4655861734054 632.30538949871641 5.5000000000000009 3.5000000000000004 2980.9585434173673 5.0050000000000008 1.5000000000000002 168.50000000000003 4086.4962359785382 36.098333333333343 4383.0987632676979 4 5 479.93714285714236 3207.3745910625325 13.500000000000002 6.5000000000000009 2643.1000000000004 1235.7521001463308 2561.5935714285761 4.5000000000000009 3244.1281666666669 3007.6825888012204 158.50000000000003 6 7 3158.1210901774289 2477.1922878756609 2593.7228879249046 10.500000000000002 2867.2189680627957 3600.0489955903977 26.500000000000004 4.5000000000000009 8 4172.1826972747822 5470.869381340538 1.5000000000000002 499.37500000000006 9 0.10500000000000002 10 2.5000000000000004 432.50833333333338 1067.11650683534 1.0000000180025095e-35 416.29816666666676 2505.4020647934699
decision_type=2 2 1 2 2 9 2 2 2 1 2 2 9 2 2 2 2 2 2 2 2 2 2 2 2 9 1 2 2 2 2 2 2 2 2 2 2 2 9 1 2 2 2 2 2 2 2 2 9 2 2 2 2 9 2 9 2 2 2 2 2 2
left_child=1 4 3 -2 -1 6 9 -8 -9 10 11 -4 -13 14 -12 -16 17 55 21 -20 -21 -14 -15 24 -19 26 27 -25 32 30 33 -32 -29 -30 -35 -31 -34 -38 39 -18 41 -17 -43 -10 -42 -7 -37 -28 50 -50 51 -49 -53 -47 -40 56 58 -58 -11 60 -60 -62
right_child=2 -3 5 -5 -6 45 7 8 43 16 13 12 18 22 15 40 38 23 19 20 -22 -23 -24 25 -26 -27 47 28 29 35 31 -33 36 34 -36 46 37 -39 54 -41 44 42 -44 -45 -46 53 -48 48 49 -51 -52 52 -54 -55 -56 -57 57 -59 59 -61 61 -63
leaf_value=0.42767097962901524 -1.1340802295116383 17.36738260984421 -0.03444142888510527 -0.14244645971871103 2.743008695189372 0.047438176948467164 -18.001788856506348 -1.1435848173857512 -14.993075451097992 27.465017433961233 -0.35822890657276163 -0.061918761479927122 -6.9036078300399542 -0.092613783375341055 -18.882589765497155 -3.5291548589979183 3.278767118896349 1.1349507560198455 -17.721456128900702 0.57559056907024198 14.699987652722527 -3.7381232474054955 4.7429066370324335 0.62242020476798099 -11.492581590248479 -0.19365136099858321 -0.25135504558570171 0.75102369013805037 -11.444341368675232 -8.455206909100216 -14.083834899796381 -34.808829650878913 -5.0190359512075986 11.71552367074149 -7.2932505231915101 3.7170356506324675 -4.3392657530307774 7.3750004203352209 -6.844608944112605 -0.16994050377432038 -16.24586366224289 21.112562561035158 1.2320816192626953 1.8860273747217087 -3.5000648001144676 3.0867910585342311 -10.593241759708951 -1.5308677056585491 -2.3850523182087477 -12.212407721297161 15.789854218810797 -3.5723005598241637 34.050955348014831 0.46486312871753466 0.46802037605589963 0.15945207943517439 0.52216399696039317 10.080135756550414 -1.2825569928690754 -1.8615936449685293 3.0359264478601258 13.886332247049914
leaf_weight=7231 3270 20 5181 90462 605 251521 25 422 57 24 1097 976 771 42829 37 611 1491 1828 22 103 34 1204 202 632 45 8055 4357 293 40 150 36 45 761 35 33 83 95 73 77 891 50 23 25 21 58 614 28 2466 414 148 32 33 20 17183 6068 48030 402 396 403 1687 290 161
leaf_count=7231 3270 20 5181 90462 605 251521 25 422 57 24 1097 976 771 42829 37 611 1491 1828 22 103 34 1204 202 632 45 8055 4357 293 40 150 36 45 761 35 33 83 95 73 77 891 50 23 25 21 58 614 28 2466 414 148 32 33 20 17183 6068 48030 402 396 403 1687 290 161
internal_value=-0.0045208 0.649103 -0.0148646 -0.177022 0.606433 0.022884 -0.0947286 -3.32883 -2.59518 -0.0819547 -0.312757 -1.1933 -3.12387 -0.150346 -1.97099 -4.17149 0.0723545 -0.0185595 -4.50288 1.06424 4.08092 -4.97386 -0.0699144 -0.675013 0.831566 -0.833285 -1.35883 -2.89461 -4.24132 -8.04045 -12.4964 -25.5977 -2.8423 -2.67044 2.49068 -4.81371 -3.97561 0.750862 0.830447 1.99344 -3.46182 -2.4885 10.7581 -10.4487 -9.4009 0.0811288 0.107236 -0.881914 -1.76729 -4.8861 -1.0569 -1.2751 10.6252 0.557316 0.375778 0.233098 1.28062 5.26522 0.0459648 -0.213011 3.04362 6.90935
internal_weight=504276 7856 496420 93732 7836 402688 133370 525 500 132845 53223 8291 3110 44932 1901 804 79622 71095 2134 159 137 1975 43031 19702 1873 17829 9774 2304 1672 450 189 81 1222 108 68 261 929 168 8527 2382 767 659 48 78 108 269318 111 7470 3113 562 2551 2519 53 17797 6145 51393 3363 798 2565 2541 854 451
internal_count=504276 7856 496420 93732 7836 402688 133370 525 500 132845 53223 8291 3110 44932 1901 804 79622 71095 2134 159 137 1975 43031 19702 1873 17829 9774 2304 1672 450 189 81 1222 108 68 261 929 168 8527 2382 767 659 48 78 108 269318 111 7470 3113 562 2551 2519 53 17797 6145 51393 3363 798 2565 2541 854 451
cat_boundaries=0 1 2 3 4 5 6 7 8 9 11 12
cat_threshold=8 2558582962 68 134217904 268460034 16 134225920 145 268443648 1049604 1 16384
is_linear=0
shrinkage=0.05


Tree=151
num_leaves=63
num_cat=13
split_feature=7 3 19 3 1 3 11 0 3 21 11 0 3 0 1 0 0 3 17 4 7 1 17 3 4 15 15 7 12 1 0 7 1 0 3 4 19 18 17 3 4 19 12 19 11 4 4 18 4 3 2 11 19 17 19 6 7 15 4 4 3 8
split_gain=1.28446e+06 1.54198e+06 1.90761e+06 1.28201e+06 3.30702e+06 5.45003e+06 4.08944e+06 2.8522e+06 2.6768e+06 2.58658e+06 2.11853e+06 2.4269e+06 2.01967e+06 1.89222e+06 1.43334e+06 6.97783e+06 1.81347e+06 2.3317e+06 1.73019e+06 2.83407e+06 1.41091e+06 1.79346e+06 1.39667e+06 1.43537e+06 2.00447e+06 1.26551e+06 1.28471e+06 1.25392e+06 1.11709e+06 1.10545e+06 1.56098e+06 2.71648e+06 4.58548e+06 5.72049e+06 1.08631e+07 1.82282e+07 1.82911e+07 1.09429e+07 8.3246e+06 1.59527e+07 7.77308e+06 6.90052e+06 5.59621e+06 5.5685e+06 6.89375e+06 4.68413e+06 8.69503e+06 1.0494e+07 3.6899e+06 3.59338e+06 3.87344e+06 5.24244e+06 3.64713e+06 3.36959e+06 3.00107e+06 3.80946e+06 3.77932e+06 7.72179e+06 3.57386e+06 3.34457e+06 4.04541e+06 2.96859e+06
threshold=2006.5000000000002 4000.0000000000009 61.098333333333343 1145.2345080786401 0 1616.0996792483809 1.0000000180025095e-35 1 3158.1210901774289 2.5000000000000004 1.0000000180025095e-35 2 1462.9129980433106 3 4 5 6 785.97376589613498 29.915000000000006 4.0050000000000008 2004.5000000000002 7 1626.825 2130.7475790510211 353.23500000000007 23.350000000000005 22.650000000000002 2005.5000000000002 40.500000000000007 8 9 2014.5000000000002 10 11 4000.0000000000009 2547.7150000000006 2248.7808333333337 389.8357142857144 468.15000000000003 2819.4827892043118 392.2000000000001 1133.9040000000002 18.500000000000004 1483.6605000000006 1.0000000180025095e-35 630.0100000000001 72.810000000000016 436.14785714285671 894.11000000000013 1577.7277639242122 12 1.0000000180025095e-35 600.37333333333333 85.370000000000019 3494.5803333333338 1.5000000000000002 2012.5000000000002 21.050000000000004 960.35000000000002 781.10500000000013 4500.0473101299594 7.5000000000000009
decision_type=2 2 2 2 1 2 2 9 2 2 2 9 2 9 1 9 9 2 2 2 2 1 2 2 2 2 2 2 2 1 9 2 1 9 2 2 2 2 2 2 2 2 2 2 2 2 2 2 2 2 1 2 2 2 2 2 2 2 2 2 2 2
left_child=1 3 -3 14 8 7 9 12 13 22 11 20 -6 -5 15 18 17 -17 19 -1 -9 27 23 -7 -25 26 -20 -22 -10 30 31 32 33 34 35 38 -37 -36 39 41 -41 45 -42 49 -45 46 -2 -48 -35 61 -51 52 -52 -44 56 -56 58 -58 59 60 -39 -40
right_child=29 2 -4 4 5 6 -8 10 28 -11 -12 -13 -14 -15 -16 16 -18 -19 25 -21 21 -23 -24 24 -26 -27 -28 -29 -30 -31 -32 -33 -34 48 37 36 -38 54 43 40 42 -43 53 44 -46 -47 47 -49 -50 50 51 -53 -54 -55 55 -57 57 -59 -60 -61 -62 -63
leaf_value=7.2189351787692617 10.10631570155804 -1.4318645571553432 -19.027788798014324 -4.3274146671757503 -4.8652104808599166 -0.62163492468050963 -13.402636465674542 0.73303199660812712 4.7702207152907912 -16.390562807886223 -2.9347685993560861 -0.60878997779064947 -21.091226169041224 -0.048546455213970496 -0.12716729560503953 15.921805454889935 -0.02863667787436136 1.7879433783873471 6.1293273633176639 29.165850098927816 6.2293995568918632 0.62745463224127895 -8.8657563903085563 -15.991977249609457 -3.5096658248938923 12.149640274770332 -5.037567219138146 16.124761712317376 18.451871803283691 -0.0082468125039560202 0.08478858202609818 -0.17710911502224699 0.18406255376142469 1.5983799394631131 -31.85307742059231 63.611797496250702 9.39336982182094 8.9360927475823306 1.3434973754134834 -6.3523093573930787 -2.2858453209335741 45.93540419006348 6.318047533035279 21.243463704802775 2.7095383709503547 5.401351433879924 64.055473258278582 21.598309729820073 -2.8427441595493446 -8.96177594561677 20.824066552248869 -9.7549426425587047 2.5280249192164495 31.914884241422016 -26.082688474655153 -2.343351018538169 34.121178090130847 2.8825550789768632 2.2710055786025043 -21.730873181743007 -18.278542310541326 20.416979282042561
leaf_weight=38 65 43 24 253 221 463 122 344 37 38 813 4054 21 14745 84199 30 6730 1068 132 24 86 118 92 37 246 66 32 51 25 297024 73895 7197 6730 2565 26 28 35 36 51 123 37 25 20 77 144 53 22 43 572 143 33 77 156 36 20 109 27 74 594 31 22 34
leaf_count=38 65 43 24 253 221 463 122 344 37 38 813 4054 21 14745 84199 30 6730 1068 132 24 86 118 92 37 246 66 32 51 25 297024 73895 7197 6730 2565 26 28 35 36 51 123 37 25 20 77 144 53 22 43 572 143 33 77 156 36 20 109 27 74 594 31 22 34
internal_value=-0.00428825 -0.15181 -7.73488 -0.147357 -0.492547 -1.41515 -4.82616 -0.821242 -0.0807311 -3.63172 -0.578802 -0.168398 -6.02431 -0.123644 -0.0659715 0.568046 0.27994 2.15449 8.02664 15.7145 2.77597 5.64081 -3.05316 -2.33632 -5.14163 6.30324 3.95042 9.23872 10.287 0.0388773 0.189202 0.590698 1.05137 2.15286 4.14251 7.30975 33.4904 0.132283 5.86165 11.4125 1.89531 21.2957 12.8034 2.56995 9.16706 17.9297 23.0374 35.9684 0.78608 -0.381382 -2.32542 1.24224 5.72257 22.7732 1.04315 -6.02387 2.20596 11.2335 0.870998 -8.47287 -1.3867 8.97289
internal_weight=504276 114152 67 114085 21766 6706 998 5708 15060 876 5466 4653 242 14998 92319 8120 7828 1098 292 62 599 255 838 746 283 230 164 137 62 390124 93100 19205 12008 5278 2141 1202 63 939 1139 424 216 208 93 715 221 183 130 65 3137 494 409 266 189 56 913 129 784 101 683 89 58 85
internal_count=504276 114152 67 114085 21766 6706 998 5708 15060 876 5466 4653 242 14998 92319 8120 7828 1098 292 62 599 255 838 746 283 230 164 137 62 390124 93100 19205 12008 5278 2141 1202 63 939 1139 424 216 208 93 715 221 183 130 65 3137 494 409 266 189 56 913 129 784 101 683 89 58 85
cat_boundaries=0 1 2 3 4 5 6 7 8 9 10 11 12 13
cat_threshold=101 3243278336 65536 16384 17 1130496 536879114 16 49 17123844 16 65536 1
is_linear=0
shrinkage=0.05


Tree=152
num_leaves=63
num_cat=5
split_feature=19 21 20 1 15 20 16 4 3 4 9 1 3 20 13 13 20 10 10 10 19 18 15 6 4 13 14 20 6 20 3 13 16 20 14 6 14 3 15 9 15 16 14 9 21 6 15 1 3 15 3 12 10 1 20 3 3 4 3 1 18 20
split_gain=1.24364e+06 1.94282e+06 1.17806e+06 1.08964e+06 1.55609e+06 1.43779e+06 1.18837e+06 938564 1.2009e+06 852562 879734 914045 826337 1.69346e+06 955097 839000 1.27508e+06 804586 803908 1.18801e+06 2.59033e+06 872866 1.0758e+06 994128 783070 774433 836686 753900 1.21115e+06 725126 680261 754519 666839 1.35098e+06 973598 1.23696e+06 1.06562e+06 1.13667e+06 745276 935314 920810 921874 1.01011e+06 890889 824429 908602 787035 729524 961334 1.01604e+06 706960 837415 666518 665212 2.50983e+06 3.66681e+06 1.77644e+06 1.04409e+06 1.90588e+06 2.32565e+06 4.03588e+06 1.93992e+06
threshold=0.899166666666667 60.000000000000007 4990.3547654076292 0 17.450000000000003 2589.2934923515691 1.2500000000000002 1.2050000000000003 3158.1210901774289 0.10500000000000002 1.5000000000000002 1 1137.2758720104073 888.76539094683324 130.50000000000003 140.50000000000003 2105.8163348239118 4.5000000000000009 1.5000000000000002 2.5000000000000004 1.5566666666666673 22.613571428571429 25.150000000000002 10.500000000000002 15.005000000000001 315.50000000000006 20.250000000000004 2625.3205655104398 9.5000000000000018 1578.4560009048018 2023.7699460511092 330.50000000000006 10.65 2477.1922878756609 33.550000000000004 30.500000000000004 35.150000000000013 3008.6330320794664 20.150000000000002 15.500000000000002 25.750000000000004 7.6500000000000012 31.650000000000002 4.5000000000000009 3.5000000000000004 4.5000000000000009 14.350000000000003 2 3828.1534090909095 25.650000000000002 2980.9585434173673 27.500000000000004 1.5000000000000002 3 1525.0001183039942 2702.1792559104724 1352.1589640531095 3.5050000000000003 1789.01581027668 4 2.857142857142859 2980.0949553835444
decision_type=2 2 2 1 2 2 2 2 2 2 2 1 2 2 2 2 2 2 2 2 2 2 2 2 2 2 2 2 2 2 2 2 2 2 2 2 2 2 2 2 2 2 2 2 2 2 2 1 2 2 2 2 2 1 2 2 2 2 2 1 2 2
left_child=1 2 7 4 5 12 -7 32 27 10 -5 -12 -2 14 -14 16 17 -15 -13 20 -20 -21 -23 -24 -16 -17 30 -9 -29 -19 -27 -32 33 50 35 38 37 -36 43 40 41 42 -40 46 -45 -46 -35 48 49 52 -1 -52 -34 54 55 -11 -56 58 -55 60 61 -60
right_child=3 -3 -4 9 -6 6 -8 8 -10 53 11 18 13 15 24 25 -18 29 19 21 -22 22 23 -25 -26 26 -28 28 -30 -31 31 -33 47 34 36 -37 -38 -39 39 -41 -42 -43 -44 44 45 -47 -48 -49 -50 -51 51 -53 -54 57 56 -57 -58 -59 59 -61 -62 -63
leaf_value=0.78370089903691287 -0.31069708206184349 16.271645635962486 -5.8334997913111817 -8.6744491827793606 -0.009423767459416147 -3.66661177342481 -17.006821629106998 3.1129675653676192 -3.9594929974906301 3.1499327283856031 2.0792710423767566 0.5816387291443389 -1.9366934364040693 -1.1322112308203276 -19.183532060895647 0.23621893998602519 -11.286734508143532 -3.5592127391796433 -21.526855693819623 -0.086355255418038249 -3.6483733613445213 -1.7886121134688384 -15.610366881977427 -2.391991388320923 -7.2077454050381977 -2.3268677014647134 -0.69652502185612009 15.027794340096023 1.4598270679342338 -13.181327711452139 -2.0049694204330444 -12.675379397418048 -1.0085478261113168 -12.062313917759926 -19.015217487920417 -10.41890634616216 -2.181517780874715 -3.7046403496353713 5.0952661463442972 -0.73196147358552976 -4.5325756359845402 -2.852546215057373 15.638957346639325 -0.90363397668768908 11.343354932665825 -2.03449892076579 -2.4270878649469636 1.0991341165620503 -2.6420028071249688 16.208828329086305 11.495719031131628 -1.4702928924560548 7.7630991562088925 0.017279524610284348 13.794334216912588 23.201740848541263 0.18654266132994707 0.028212369305908765 1.3025937787613941 -0.44570924434084919 -4.5250272012947876 -4.0408966125912142
leaf_weight=3427 29682 20 69 39 58900 101 20 225 49 259 190 289 48 962 21 1837 36 178 24 378 130 137 33 25 39 301 1597 38 29 22 30 37 32 31 22 30 165 27 85 176 24 24 31 549 30 22 67 609 31 25 33 20 67 14164 24 25 35264 345775 693 5763 1071 225
leaf_count=3427 29682 20 69 39 58900 101 20 225 49 259 190 289 48 962 21 1837 36 178 24 378 130 137 33 25 39 301 1597 38 29 22 30 37 32 31 22 30 165 27 85 176 24 24 31 549 30 22 67 609 31 25 33 20 67 14164 24 25 35264 345775 693 5763 1071 225
internal_value=-0.00407806 0.714085 0.661677 -0.0126631 -0.166184 -0.430709 -5.87161 0.738051 3.28385 0.022944 -1.28346 -1.04445 -0.411785 -0.999197 -7.19368 -0.865396 -2.01923 -1.73211 -1.63301 -2.53584 -6.43463 -1.488 -4.20503 -9.91279 -11.3993 -0.501826 -1.19179 4.49935 9.15509 -4.61765 -3.3411 -7.89758 0.580983 0.361024 -1.02583 -0.40957 -4.10425 -10.5788 -0.120561 1.79952 4.51623 6.06746 7.91298 -1.05451 -0.333699 5.68349 -5.47497 1.95227 4.9162 7.20222 0.872326 6.60288 4.92782 0.0269779 0.23341 4.91506 0.195798 0.00700023 -0.327667 -0.957932 -2.42762 -0.00708524
internal_weight=504276 5957 5937 498319 93811 34911 121 5868 341 404508 1245 1206 34790 5108 108 5000 1198 1162 1016 727 154 573 195 58 60 3802 1965 292 67 200 368 67 5527 4763 1283 1069 214 49 1039 340 164 140 116 699 601 52 98 764 155 124 3480 53 99 403263 35572 284 35288 367691 21916 7752 1989 918
internal_count=504276 5957 5937 498319 93811 34911 121 5868 341 404508 1245 1206 34790 5108 108 5000 1198 1162 1016 727 154 573 195 58 60 3802 1965 292 67 200 368 67 5527 4763 1283 1069 214 49 1039 340 164 140 116 699 601 52 98 764 155 124 3480 53 99 403263 35572 284 35288 367691 21916 7752 1989 918
cat_boundaries=0 1 2 3 4 5
cat_threshold=8 32 64 1 66
is_linear=0
shrinkage=0.05


Tree=153
num_leaves=63
num_cat=12
split_feature=7 17 19 1 0 13 18 13 10 10 17 15 15 12 7 14 18 9 0 13 7 17 9 18 0 19 12 8 15 6 17 10 0 0 1 10 10 0 1 0 7 0 10 10 18 18 1 7 7 19 6 13 7 18 7 19 9 13 18 17 13 18
split_gain=1.2212e+06 1.0661e+06 2.16539e+06 2.68836e+06 4.70302e+06 3.51758e+06 5.94995e+06 3.84525e+06 2.82957e+06 2.60146e+06 2.60549e+06 2.14939e+06 2.00031e+06 1.75085e+06 1.67261e+06 2.12499e+06 2.24908e+06 1.70021e+06 1.52932e+06 1.51509e+06 1.41669e+06 1.39245e+06 1.29532e+06 1.65501e+06 1.26589e+06 1.20954e+06 1.20325e+06 2.02846e+06 1.61967e+06 1.85962e+06 1.21848e+06 1.18228e+06 2.46767e+06 2.28321e+06 3.64597e+06 2.06043e+06 5.35123e+06 1.28503e+07 8.82829e+06 4.68611e+06 3.34418e+06 3.24673e+06 3.72524e+06 3.4537e+06 5.11885e+06 2.32068e+06 2.25278e+06 2.18083e+06 4.46891e+06 4.31201e+06 2.47754e+06 2.09479e+06 1.85863e+06 3.05523e+06 1.71511e+06 3.23428e+06 1.85138e+06 1.64512e+06 1.51203e+06 1.99614e+06 1.65454e+06 2.42434e+06
threshold=2008.5000000000002 1423.1750000000004 1240.1503333333337 0 1 334.50000000000006 3046.536428571429 258.50000000000006 5.5000000000000009 4.5000000000000009 25.805000000000003 23.450000000000003 21.250000000000004 38.500000000000007 2016.5000000000002 27.550000000000004 3677.5071428571423 11.500000000000002 2 223.50000000000003 2015.5000000000002 101.82000000000001 9.5000000000000018 2561.5935714285761 3 2910.4181666666673 15.500000000000002 4.5000000000000009 22.850000000000005 17.500000000000004 367.65500000000003 1.5000000000000002 4 5 6 5.5000000000000009 4.5000000000000009 7 8 9 2016.5000000000002 10 3.5000000000000004 2.5000000000000004 19.355000000000008 76.533571428571449 11 2012.5000000000002 2015.5000000000002 93.083833333333331 19.500000000000004 32.500000000000007 2017.5000000000002 74.000000000000071 2014.5000000000002 9.7371666666666687 16.500000000000004 291.50000000000006 97.514285714286004 41.970000000000006 256.50000000000006 81.810000000000016
decision_type=2 2 2 1 9 2 2 2 2 2 2 2 2 2 2 2 2 2 9 2 2 2 2 2 9 2 2 2 2 2 2 2 9 9 1 2 2 9 1 9 2 9 2 2 2 2 1 2 2 2 2 2 2 2 2 2 2 2 2 2 2 2
left_child=-1 2 24 4 5 7 -7 8 9 10 11 -4 -12 25 15 16 17 -15 -3 26 -17 -8 -10 -24 -2 -9 -14 -28 29 -29 -30 33 35 34 52 36 41 40 47 45 -38 42 43 -33 54 -37 -42 -39 49 -49 51 -51 58 -54 -45 -56 -57 -53 60 -60 -26 -62
right_child=1 18 3 -5 -6 6 21 13 22 -11 12 -13 19 14 -16 20 -18 -19 -20 -21 -22 -23 23 -25 31 -27 27 28 30 -31 -32 32 -34 -35 -36 39 37 38 -40 -41 46 -43 -44 44 -46 -47 -48 48 -50 50 -52 57 53 -55 55 56 -58 -59 59 -61 61 -63
leaf_value=-0.11317344976774271 -0.2198233777523412 -0.55392811233320749 2.1964022785425188 0.3565220084596919 0.22199814648130839 32.54516133604379 -4.5342098474502563 -19.670579452514648 22.383909401526822 -5.6286086111299456 4.1574594010909403 -12.879156865744756 16.676868457328982 -23.185723813374839 10.414370866503035 7.4833840694427494 0.98874011907661163 -5.8041284848661983 0.00093367415058395959 23.173889332725892 -5.0825379826128483 11.747256338185279 2.4462369237627306 15.972193023136683 -1.9083950237374367 -2.4896330606369745 -7.0209110173312101 -3.4627699870812267 21.029603737762997 15.077117592947824 8.3279391916786754 1.8623965365307353 0.064778019563729569 0.039088535852309474 -0.1284586376109465 8.7536099771244675 0.030719665293870248 4.2463635472162276 1.3772689801541733 -1.8182703528575308 -2.4893502676458859 0.3473529552647685 -3.107186797372441 -0.97551244725572317 27.202801495943319 1.1521504657840405 -11.153339762501419 -2.5909054567939358 6.1207592547661065 27.254691901573768 28.920041610797245 9.8474653767066069 -17.463490001360576 -3.9468110149243367 4.660732028689436 30.062710674285889 10.175000182065098 19.194543901458385 -6.801102095814457 -1.9592830397522167 1.2537419385724915 16.653229134849138
leaf_weight=169600 35728 15614 128 20595 1647 29 24 20 26 62 309 29 41 24 35 75 57 34 60539 21 32 29 42 49 558 21 22 38 35 21 41 214 102578 55295 5428 108 1130 405 1212 2523 255 24734 134 47 39 1428 110 38 625 26 30 178 48 324 93 25 22 64 267 1050 293 28
leaf_count=169600 35728 15614 128 20595 1647 29 24 20 26 62 309 29 41 24 35 75 57 34 60539 21 32 29 42 49 558 21 22 38 35 21 41 214 102578 55295 5428 108 1130 405 1212 2523 255 24734 134 47 39 1428 110 38 625 26 30 178 48 324 93 25 22 64 267 1050 293 28
internal_value=-0.00387145 0.0515183 0.0999523 0.557727 1.98298 4.29409 14.3373 3.62231 5.31151 4.1791 5.0668 -0.588255 6.74832 -1.27523 0.255549 -1.34607 -6.06469 -12.9965 -0.112905 10.4039 3.72535 4.37452 12.5415 9.72944 0.0542094 -10.8706 9.04953 7.05768 9.35197 3.13617 14.1774 0.103338 0.186412 -0.0751793 -0.864347 0.559342 0.705388 2.38742 4.51597 -0.496432 -1.30456 0.434685 4.12006 6.41472 10.7253 1.67572 -5.47419 7.27058 8.62075 13.271 15.2937 13.7684 -2.41327 -5.6909 7.28886 10.0633 20.7536 12.3194 -1.86903 -2.94088 -0.26308 2.597
internal_weight=504276 334676 258523 23486 2891 1244 82 1162 864 747 685 157 528 298 257 222 115 58 76153 219 107 53 117 91 235037 41 198 157 135 59 76 199309 136018 63291 7996 33440 29381 4073 2578 4059 1495 25308 574 440 226 1536 365 1366 961 336 298 268 2568 372 187 140 47 242 2196 1317 879 321
internal_count=504276 334676 258523 23486 2891 1244 82 1162 864 747 685 157 528 298 257 222 115 58 76153 219 107 53 117 91 235037 41 198 157 135 59 76 199309 136018 63291 7996 33440 29381 4073 2578 4059 1495 25308 574 440 226 1536 365 1366 961 336 298 268 2568 372 187 140 47 242 2196 1317 879 321
cat_boundaries=0 1 2 3 4 5 6 7 8 9 10 11 12
cat_threshold=16 90112 2969579528 2155970736 1211779332 137379840 65 1075839236 69 1207959812 2621440 198
is_linear=0
shrinkage=0.05


Tree=154
num_leaves=63
num_cat=10
split_feature=19 21 7 3 19 3 15 3 1 3 10 0 7 17 3 1 0 17 6 10 17 3 1 15 0 17 7 16 1 15 3 6 7 14 3 1 0 3 17 19 1 7 7 19 7 3 6 19 3 19 15 19 12 10 6 17 3 17 17 7 7 3
split_gain=1.11798e+06 1.83134e+06 1.12778e+06 1.14685e+06 1.66743e+06 1.40789e+06 2.67271e+06 1.00508e+06 3.09042e+06 2.91148e+06 2.00619e+06 2.37697e+06 1.82175e+06 1.94069e+06 1.66503e+06 1.60626e+06 7.15967e+06 2.07179e+06 2.16687e+06 1.12703e+06 1.12285e+06 1.01424e+06 949772 1.10281e+06 903627 881836 833028 817756 1.31259e+06 1.45267e+06 945713 1.00749e+06 870644 1.30914e+06 812988 809262 3.07597e+06 6.49688e+06 4.10404e+06 5.19628e+06 7.91394e+06 6.67713e+06 1.44189e+07 9.73943e+06 4.84456e+06 4.12442e+06 4.75208e+06 3.25849e+06 3.23462e+06 3.19813e+06 5.22168e+06 2.94556e+06 2.79889e+06 2.70953e+06 3.41839e+06 2.69969e+06 2.87015e+06 2.74143e+06 2.63319e+06 2.43018e+06 2.42594e+06 4.09411e+06
threshold=1.0975000000000004 63.500000000000007 2005.5000000000002 4000.0000000000009 71.27233333333335 3207.3745910625325 18.550000000000004 1090.463864711194 0 1995.9682429870286 4.5000000000000009 1 2002.5000000000002 352.10500000000008 1371.1691601496093 2 3 195.00500000000002 14.500000000000002 4.5000000000000009 1423.1750000000004 1700.0197676540358 4 23.050000000000004 5 2.5050000000000003 2002.5000000000002 9.9500000000000011 6 25.750000000000004 3104.7188819842099 6.5000000000000009 2017.5000000000002 28.950000000000003 873.04174931663124 7 8 3063.3519712210964 477.72500000000008 343.81450000000007 9 2007.5000000000002 2015.5000000000002 1240.1503333333337 2013.5000000000002 2045.1531147001931 16.500000000000004 974.92200000000003 1629.2412929626068 1109.3031666666668 17.350000000000005 514.14650000000006 11.500000000000002 1.0000000180025095e-35 1.5000000000000002 33.955000000000005 2784.7630142627772 9.3100000000000023 1351.6400000000003 2009.5000000000002 2016.5000000000002 2200.001928317613
decision_type=2 2 2 2 2 2 2 2 1 2 2 9 2 2 2 1 9 2 2 2 2 2 1 2 9 2 2 2 1 2 2 2 2 2 2 1 9 2 2 2 1 2 2 2 2 2 2 2 2 2 2 2 2 2 2 2 2 2 2 2 2 2
left_child=1 25 3 5 -5 7 -7 15 -9 10 20 -12 13 -11 -13 16 17 18 -2 -14 22 -22 24 -24 -10 27 -23 -1 29 30 -29 -32 -30 -34 -17 36 37 38 39 44 41 -41 43 45 -4 46 -43 53 58 50 -49 -44 -47 54 -39 56 -46 -58 -40 -51 -38 -62
right_child=2 -3 35 4 -6 6 -8 8 9 12 11 14 19 -15 -16 34 -18 -19 -20 -21 21 26 23 -25 -26 -27 -28 28 32 -31 31 -33 33 -35 -36 -37 60 47 48 40 -42 42 51 -45 55 52 -48 49 -50 59 -52 -53 -54 -55 -56 -57 57 -59 -60 -61 61 -63
leaf_value=0.27412964570633058 8.5227711713715895 15.698871140480044 -0.59645394326033319 -0.23645057678222658 -17.667697010869567 16.821150675686923 -5.6776297916065568 0.012249254984467113 1.065583745816862 -7.5889068371540791 -0.45524896426276645 -4.0289151580181235 -3.1503404990732671 -26.920583721399307 -10.671220397032224 -0.11440276789286495 0.17377874885453137 4.7803867527528814 24.06108297665914 -14.837573039013407 -2.2186351164911065 -3.2176991140842439 -2.4852625258466143 -13.29524564213223 -0.71755581712961247 4.8392538444723119 -17.648807817101481 6.4183969636802125 0.27146036323620798 14.335476402334265 -5.852553516210512 5.6650606435887951 1.5024739050689866 14.190565079656142 -0.76358486664112979 -0.012221431242687637 -0.085431538765131099 -15.748943472001702 4.6429237034772681 5.7133123632089093 -1.2626499016473933 41.757454495816624 8.3919587230071055 55.966700820922853 5.5301416007299276 -3.6857660913467409 14.978853456974031 33.250080559253696 -0.26832519480921774 6.6925027192575586 3.9809635449200869 -12.863967985766275 20.305441394928962 -0.42110268809861351 -2.9768809562706848 2.6250181194808748 11.874281071904882 31.27620761108399 22.935498939860953 0.56991841258434872 5.2472742128990975 0.50306378318681921
leaf_weight=6618 89 20 537 34 23 33 22 9925 898 37 399 344 200 20 130 56705 5175 342 30 23 620 20 187 27 3271 118 20 113 776 37 43 34 68 29 5271 337095 54713 60 186 190 154 37 39 25 126 20 30 20 1012 175 64 28 31 2173 413 225 67 25 22 2194 472 12442
leaf_count=6618 89 20 537 34 23 33 22 9925 898 37 399 344 200 20 130 56705 5175 342 30 23 620 20 187 27 3271 118 20 113 776 37 43 34 68 29 5271 337095 54713 60 186 190 154 37 39 25 126 20 30 20 1012 175 64 28 31 2173 413 225 67 25 22 2194 472 12442
internal_value=-0.00369171 0.58811 -0.0130572 -0.180232 -7.27011 -0.175409 7.82164 -0.180662 -0.535425 -1.41046 -1.17694 -3.38992 -6.39476 -14.372 -5.72976 -0.0960742 0.711352 6.61412 12.44 -4.35575 -0.793843 -2.71649 -0.504327 -3.6773 -0.331838 0.549542 -10.4333 0.483957 1.74636 5.04913 3.50648 -0.766854 0.820326 5.29582 -0.169588 0.0209168 0.168892 1.10492 3.06322 4.78453 8.65499 12.1998 18.6496 27.6176 2.59654 21.6114 29.767 0.0494073 0.898869 1.36216 10.9498 -0.491115 10.8971 -1.16759 -4.59702 6.46706 10.4325 17.1465 6.57772 1.0222 0.0600502 0.676462
internal_weight=504276 7856 496420 83845 57 83788 55 83733 16121 6196 5916 873 280 57 474 67612 5636 461 119 223 5043 660 4383 214 4169 7836 40 7718 1100 227 190 77 873 97 61976 412575 75480 7853 2754 1534 554 400 210 143 980 118 67 5099 1220 2453 84 67 51 2646 473 443 218 92 208 2369 67627 12914
internal_count=504276 7856 496420 83845 57 83788 55 83733 16121 6196 5916 873 280 57 474 67612 5636 461 119 223 5043 660 4383 214 4169 7836 40 7718 1100 227 190 77 873 97 61976 412575 75480 7853 2754 1534 554 400 210 143 980 118 67 5099 1220 2453 84 67 51 2646 473 443 218 92 208 2369 67627 12914
cat_boundaries=0 1 3 4 5 6 7 8 9 10 11
cat_threshold=37 5247242 1 16 1138688 80 73728 64 17 329792 16
is_linear=0
shrinkage=0.05


Tree=155
num_leaves=63
num_cat=7
split_feature=7 0 20 3 14 8 3 0 20 16 0 19 19 21 3 0 18 7 8 19 6 4 4 20 9 4 3 7 9 3 0 4 0 17 9 3 11 5 7 19 3 0 7 20 17 17 3 20 3 20 7 11 3 4 20 17 17 3 12 6 14 14
split_gain=1.21963e+06 1.7183e+06 5.4496e+06 1.97746e+06 2.80127e+06 938156 2.46024e+06 2.19689e+06 2.00313e+06 1.38029e+06 1.264e+06 1.16092e+06 1.19081e+06 1.13321e+06 2.09535e+06 1.12806e+06 3.04369e+06 3.56441e+06 2.77361e+06 9.37615e+06 2.20167e+06 2.06634e+06 1.76381e+06 2.69671e+06 1.23852e+06 1.1268e+06 1.02309e+06 4.23208e+06 977368 949663 3.24334e+06 2.27498e+06 2.68751e+06 2.54064e+06 1.92899e+06 1.30701e+06 2.66435e+06 1.65378e+06 1.5347e+06 1.48473e+06 1.43531e+06 1.24038e+06 1.23977e+06 1.36954e+06 1.80148e+06 1.20951e+06 2.13488e+06 2.95823e+06 2.18721e+06 1.62397e+06 1.1886e+06 1.32644e+06 1.52991e+06 2.47381e+06 1.18432e+06 1.1602e+06 1.15372e+06 1.11084e+06 1.30332e+06 1.04674e+06 1.03217e+06 1.01849e+06
threshold=2018.5000000000002 0 1107.7360349994294 1550.0234741784041 25.950000000000003 5.5000000000000009 5224.9642948227502 1 3489.0433262110359 0.15000000000000005 2 148.52500000000001 10.450333333333328 63.500000000000007 1686.6704729814053 3 1.4885714285714939 2016.5000000000002 4.5000000000000009 3.7213333333333338 14.500000000000002 9.9950000000000028 21.110000000000003 5229.0057692225555 12.500000000000002 233.00500000000002 5833.4745046068419 2013.5000000000002 18.500000000000004 1789.01581027668 4 6.0050000000000008 5 1541.7950000000003 5.5000000000000009 2187.5862658914652 1.0000000180025095e-35 1.0000000180025095e-35 2013.5000000000002 3014.2755000000006 2746.2840768770461 6 2017.5000000000002 2549.1546543786994 7.1050000000000013 1.905 3104.7188819842099 2335.445547633391 3408.994814838808 1390.8904422667686 2015.5000000000002 1.0000000180025095e-35 1577.7277639242122 7.8050000000000006 3108.6198219573416 0.70500000000000018 2110.0600000000004 1995.9682429870286 17.500000000000004 2.5000000000000004 21.650000000000002 22.650000000000002
decision_type=2 9 2 2 2 2 2 9 2 2 9 2 2 2 2 9 2 2 2 2 2 2 2 2 2 2 2 2 2 2 9 2 9 2 2 2 2 2 2 2 2 9 2 2 2 2 2 2 2 2 2 2 2 2 2 2 2 2 2 2 2 2
left_child=5 2 -2 4 -4 6 29 9 -9 11 13 12 -8 -7 -15 16 -10 18 20 -20 22 -22 24 -24 -18 -19 -17 28 -28 41 31 32 42 -33 56 -36 37 39 -38 61 -39 50 43 44 -31 57 49 -48 -49 -47 -1 52 53 -52 -51 -54 -35 58 -34 -32 -57 -37
right_child=1 -3 3 -5 -6 10 7 8 15 -11 -12 -13 -14 14 -16 26 17 25 19 -21 21 -23 23 -25 -26 -27 27 -29 -30 30 59 33 45 34 35 36 38 40 -40 -41 -42 -43 -44 -45 -46 46 47 48 -50 54 51 -53 55 -55 -56 60 -58 -59 -60 -61 -62 -63
leaf_value=0.40369940907541357 23.158316161686727 0.32807123497402524 1.2545261150056666 0.38135221016022469 23.985616978355079 0.1881963319513088 10.363024310270946 14.974534893035889 -14.441030751741849 1.044719719673906 -0.031523620622926726 4.3542793234189352 26.666602779570084 -2.5283747633298237 20.08501380823553 0.96473255738667785 -8.319417695457286 -5.2066514811964124 39.112918426513673 0.079291980117559446 20.716572150062113 5.3784734057803307 21.285848773609509 2.9923248085516767 2.3911705826813323 1.0182080739798645 1.5904897802843239 -18.724916204724995 -4.0868778993517667 -14.148857227147344 -0.56482092030891295 -0.39532748828528497 1.483406968166431 -5.6509372174739845 -0.87554033893756766 -13.885660832503746 -2.7891196673771121 -3.4940328675508496 -12.966783836895857 -0.36559008081744193 -22.436764922142032 -0.083116676101304909 -18.253843322753905 -1.0221591796875 -2.831071140727059 -10.474517098912655 -26.049616513933458 -16.473381033013847 -1.5176032992615098 -0.94005932562233285 9.9789954184115626 -0.97411222917808071 9.9027249618010096 2.0243469320062233 -10.788776946067811 -12.953648357391359 2.9298900338125904 -1.047360476544613 16.221790717840197 0.1210695802447813 -0.45628476205625035 -4.0856017272690357
leaf_weight=2902 33 17581 33 310 23 93828 24 26 26 35 194863 24 21 21 20 863 55 117 25 40 34 62 22 239 53 192 212 35 118 83 7358 9061 60 48 378 29 53 20 123 378 20 148530 25 75 61 53 21 34 87 662 174 185 22 223 32 20 213 709 20 22795 95 309
leaf_count=2902 33 17581 33 310 23 93828 24 26 26 35 194863 24 21 21 20 863 55 117 25 40 34 62 22 239 53 192 212 35 118 83 7358 9061 60 48 378 29 53 20 123 378 20 148530 25 75 61 53 21 34 87 662 174 185 22 223 32 20 213 709 20 22795 95 309
internal_value=-0.00134976 0.403037 3.60761 1.94341 10.5905 -0.0163162 -0.100417 1.55355 1.17602 8.3314 0.0410886 13.235 17.9714 0.191807 8.50255 1.01023 2.37976 2.92939 5.41781 15.0922 4.06548 10.8107 2.31062 4.53431 -3.0633 -1.33878 0.0259486 -2.19299 -0.439599 -0.119286 -0.327631 -1.00254 -2.58641 -0.717163 -2.5734 -3.35545 -4.36125 -3.07135 -9.90192 -2.51861 -12.9654 -0.0608055 -7.40181 -6.50097 -9.35452 -1.83117 -3.10672 -8.72654 -5.72005 -2.03843 0.852255 2.67455 3.9386 5.51077 -1.39418 -0.617227 1.35181 -0.417159 5.168 -0.0462875 -2.62974 -4.92644
internal_weight=503793 17980 399 366 56 485813 197081 2223 2119 104 288732 69 45 93869 41 2093 865 839 530 65 465 96 369 261 108 309 1228 365 330 194858 42707 12554 1922 10632 1571 1310 932 756 176 716 40 152151 244 219 144 1678 889 142 121 747 3621 719 534 397 694 137 261 789 80 30153 115 338
internal_count=503793 17980 399 366 56 485813 197081 2223 2119 104 288732 69 45 93869 41 2093 865 839 530 65 465 96 369 261 108 309 1228 365 330 194858 42707 12554 1922 10632 1571 1310 932 756 176 716 40 152151 244 219 144 1678 889 142 121 747 3621 719 534 397 694 137 261 789 80 30153 115 338
cat_boundaries=0 1 2 3 4 5 6 7
cat_threshold=528384 1744830464 544758414 16908866 2689873964 5246976 537657348
is_linear=0
shrinkage=0.05


Tree=156
num_leaves=63
num_cat=11
split_feature=17 0 18 1 0 1 20 13 7 18 18 14 3 7 14 11 0 3 13 3 7 20 13 20 14 3 7 3 7 0 17 20 19 3 18 1 3 20 1 3 20 0 20 20 15 12 3 1 17 18 20 7 20 19 13 17 0 19 20 3 20 3
split_gain=1.14917e+06 1.76438e+06 2.50522e+06 3.27566e+06 3.15698e+06 2.63768e+06 3.1451e+06 3.32569e+06 3.50555e+06 2.47305e+06 2.24823e+06 1.86088e+06 3.11263e+06 5.8966e+06 1.5781e+06 1.49257e+06 2.3259e+06 3.79442e+06 3.14544e+06 1.92347e+06 1.85975e+06 1.69873e+06 1.67298e+06 1.62016e+06 1.42606e+06 1.5897e+06 1.98572e+06 1.95219e+06 1.40211e+06 2.35309e+06 2.54977e+06 1.86068e+06 4.32981e+06 2.86758e+06 1.47606e+06 1.36375e+06 3.78375e+06 2.78825e+06 1.28802e+06 3.96371e+06 1.29986e+06 1.65081e+06 3.89226e+06 1.73875e+06 2.2341e+06 1.27739e+06 1.27027e+06 1.26459e+06 2.24119e+06 2.21782e+06 1.25609e+06 1.28747e+06 1.83138e+06 1.24779e+06 1.16837e+06 1.15005e+06 3.20582e+06 1.63308e+06 1.55333e+06 1.28747e+06 1.52717e+06 2.23749e+06
threshold=312.51000000000005 0 428.0800000000001 1 2 3 3343.4136040308244 204.50000000000003 2015.5000000000002 436.14785714285671 561.04214285714295 38.050000000000004 4086.4962359785382 2007.5000000000002 36.350000000000001 1.0000000180025095e-35 4 1718.4084893054981 40.500000000000007 4782.7513255980266 2010.5000000000002 4633.3644804982769 166.50000000000003 1217.8351326949542 26.650000000000002 3675.9158203319507 2017.5000000000002 4782.7513255980266 2018.5000000000002 5 1.905 2549.1546543786994 12.191666666666675 2746.2840768770461 3.8350000000000004 6 3267.977079231146 3415.5617713651791 7 4628.4457362818657 900.01401869158894 8 3749.3432519861094 2335.445547633391 15.350000000000003 32.500000000000007 1380.2919187605287 9 47.010000000000012 5.262857142856884 5846.5037224942653 2016.5000000000002 4269.790630326007 622.81283333333351 26.500000000000004 35.005000000000003 10 13.806666666666667 3676.7253487126823 3675.9158203319507 2335.445547633391 2372.6448168027196
decision_type=2 9 2 1 9 1 2 2 2 2 2 2 2 2 2 2 9 2 2 2 2 2 2 2 2 2 2 2 2 9 2 2 2 2 2 1 2 2 1 2 2 9 2 2 2 2 2 1 2 2 2 2 2 2 2 2 9 2 2 2 2 2
left_child=1 2 28 -4 5 6 9 8 -8 -5 -9 14 13 -13 24 38 17 18 54 -18 -20 23 -21 -19 -11 26 -26 -27 -1 30 34 33 -33 -32 -30 36 37 -6 39 40 -3 42 43 47 45 -45 -22 49 -49 -42 51 52 -7 -34 -17 56 -43 -57 -59 60 -58 -62
right_child=-2 15 3 4 35 50 7 10 -10 11 -12 12 -14 -15 -16 16 19 21 20 22 46 -23 -24 -25 25 27 -28 -29 29 -31 31 32 53 -35 -36 -37 -38 -39 -40 -41 41 55 -44 44 -46 -47 -48 48 -50 -51 -52 -53 -54 -55 -56 57 59 58 -60 -61 61 -63
leaf_value=0.086024308890918513 -0.081989306457263114 -0.037090839337084507 -0.26184961002247809 21.685845618247988 -0.34951975864706064 1.2894597464903077 15.320960570670463 3.4437047123908999 -4.0689982284629158 1.4156820617977219 -16.180591926640936 3.7299398612976078 -3.6867316281353988 33.054347385962807 -9.1183951238791163 11.013493019739787 0.17618022286852067 -11.363999840617181 -0.52290471240510827 -2.6291128729070938 9.9256341424182803 15.004994857311249 -17.976768315984653 0.58950757389507946 4.9806672170868982 -1.8465472466759867 15.017454330737776 11.905766813216673 1.7776163345955789 0.083794130665081887 3.3631782720908783 -20.113176765441896 1.3467588820363388 21.752819243344394 12.649256402318196 0.6913969700644631 -19.325096488821096 -17.011961775559648 0.021715199061472998 -20.643114190300309 11.911602644018226 -0.19748597274656829 -22.09599302540655 -22.009057411193851 -1.4494254447881458 -8.2120900479017518 3.7601224428524334 -5.3211340769948414 -1.0324181866390925 -0.47469843726753808 -7.2909778572264177 3.6673460048942985 -4.395011862749989 -11.00562849953061 26.390630524499073 -7.8946472413612128 -1.6050234810907034 -0.094283016038130496 3.8066427557861213 3.6118812722610496 -7.8906005520691238 -2.0234887880725037
leaf_weight=118759 235172 22549 5050 20 731 3323 37 20 63 454 54 40 27 30 24 30 22729 29 142 56 141 20 26 1259 942 154 52 31 47 2553 582 25 773 22 93 3880 29 26 55228 24 37 8556 23 25 103 51 205 421 1102 1554 42 542 148 21 21 66 3100 11470 261 102 258 439
leaf_count=118759 235172 22549 5050 20 731 3323 37 20 63 454 54 40 27 30 24 30 22729 29 142 56 141 20 26 1259 942 154 52 31 47 2553 582 25 773 22 93 3880 29 26 55228 24 37 8556 23 25 103 51 205 421 1102 1554 42 542 148 21 21 66 3100 11470 261 102 258 439
internal_value=-0.00128206 0.0693754 0.193487 0.787847 1.28375 2.04188 3.55564 -2.84109 3.10529 4.20309 -10.8767 4.00375 10.7349 16.2975 3.60971 -0.0629233 0.287258 1.98892 5.53005 0.148537 4.29526 0.544904 -7.49544 0.320368 3.79677 4.71366 5.50573 0.457895 0.117468 1.02471 2.54479 1.92764 0.374966 4.033 8.99949 0.306094 -1.5807 -0.92181 -0.144877 -0.32831 -0.318647 -0.548943 -1.59393 -1.45557 -6.24768 -12.7506 6.27266 -1.18011 -2.20347 -0.185479 1.30772 1.40098 1.04708 1.02006 17.3453 -0.405237 -0.740499 -0.0516181 -0.00749232 -1.92664 -2.0805 -4.19525
internal_weight=503793 268621 138594 15719 10669 6003 1948 174 100 1774 74 1754 97 70 1657 130027 24658 1847 539 22811 488 1308 82 1288 1633 1179 994 185 122875 4116 1563 1423 819 604 140 4666 786 757 105369 50141 50117 27568 3316 3293 179 76 346 3114 1523 1591 4055 4013 3471 794 51 24252 12455 11797 11731 3899 3797 697
internal_count=503793 268621 138594 15719 10669 6003 1948 174 100 1774 74 1754 97 70 1657 130027 24658 1847 539 22811 488 1308 82 1288 1633 1179 994 185 122875 4116 1563 1423 819 604 140 4666 786 757 105369 50141 50117 27568 3316 3293 179 76 346 3114 1523 1591 4055 4013 3471 794 51 24252 12455 11797 11731 3899 3797 697
cat_boundaries=0 2 3 4 5 6 7 8 9 10 11 12
cat_threshold=1881750286 1 38 805380104 16 134496256 1342779648 16 88 2148564992 24 134612096
is_linear=0
shrinkage=0.05


Tree=157
num_leaves=63
num_cat=5
split_feature=7 0 21 4 4 19 3 21 3 16 16 19 20 4 13 3 20 10 20 20 10 3 14 20 4 10 3 18 17 6 3 5 15 20 16 17 3 18 0 16 10 10 0 10 0 7 3 16 17 14 17 13 13 15 20 15 10 6 2 13 17 17
split_gain=1.14471e+06 1.71571e+06 2.86678e+06 2.73653e+06 2.88954e+06 3.67106e+06 2.89316e+06 4.36445e+06 3.32117e+06 3.21146e+06 3.22351e+06 2.63359e+06 3.03883e+06 2.94861e+06 3.87787e+06 2.63908e+06 2.52135e+06 3.37662e+06 2.73234e+06 2.44976e+06 2.27729e+06 3.38825e+06 3.70751e+06 3.10091e+06 2.51087e+06 2.29204e+06 2.13172e+06 2.70708e+06 2.09649e+06 2.07819e+06 4.21363e+06 2.09207e+06 2.07108e+06 2.21042e+06 2.06142e+06 1.99056e+06 1.83013e+06 2.99423e+06 2.0459e+06 2.26627e+06 3.18104e+06 1.76162e+06 2.89258e+06 1.82499e+06 5.97862e+06 5.40578e+06 5.66457e+06 2.09521e+06 1.80606e+06 1.78276e+06 1.75493e+06 1.75451e+06 2.55548e+06 2.23577e+06 1.71725e+06 1.6641e+06 2.11516e+06 1.65267e+06 1.61359e+06 1.58442e+06 1.56422e+06 1.56366e+06
threshold=2012.5000000000002 0 47.000000000000007 1234.1500000000003 3.5050000000000003 3.7213333333333338 2023.7699460511092 1.5000000000000002 2066.3076879164314 8.8500000000000032 3.0500000000000003 1293.9900000000002 1616.4279076017899 384.01500000000004 102.50000000000001 1919.3951353138928 4269.790630326007 3.5000000000000004 1007.5428504061637 1955.1746025670002 2.5000000000000004 4500.0473101299594 25.250000000000004 4792.6836324509404 42.540000000000006 4.5000000000000009 1671.4551326991498 8316.0128571428595 22.205000000000005 1.5000000000000002 3104.7188819842099 1.0000000180025095e-35 23.850000000000005 5469.7708618331062 0.95000000000000007 867.13000000000011 1326.9312353299549 9.6428571428571122 1 8.4500000000000011 3.5000000000000004 5.5000000000000009 2 4.5000000000000009 3 2015.5000000000002 3063.3519712210964 5.5500000000000007 4.0050000000000008 12.15 1671.2600000000002 94.500000000000014 46.500000000000007 24.750000000000004 1310.0072150072153 15.550000000000002 4.5000000000000009 11.500000000000002 4 70.500000000000014 652.19000000000017 88.145000000000024
decision_type=2 9 2 2 2 2 2 2 2 2 2 2 2 2 2 2 2 2 2 2 2 2 2 2 2 2 2 2 2 2 2 2 2 2 2 2 2 2 9 2 2 2 9 2 9 2 2 2 2 2 2 2 2 2 2 2 2 2 1 2 2 2
left_child=-1 2 3 4 28 6 9 8 -8 10 -6 20 -13 26 -15 -16 17 29 -19 -11 -7 23 -23 36 34 61 -14 -28 -2 30 -5 50 33 -27 -25 -17 37 59 39 55 -41 43 -43 -38 45 46 51 -48 -44 -47 -32 52 -45 58 -50 -39 -57 -37 -53 -22 -46 -24
right_child=1 -3 -4 16 5 11 7 -9 -10 19 -12 12 13 14 15 35 -18 18 -20 -21 21 22 25 24 -26 32 27 -29 -30 -31 31 -33 -34 -35 -36 57 41 38 -40 40 -42 42 48 44 60 49 47 -49 54 -51 -52 53 -54 -55 -56 56 -58 -59 -60 -61 -62 -63
leaf_value=-0.065861069019576376 -0.07270996026327077 0.010553749918229573 16.344820251635142 -0.12400453556659102 0.70439258026626872 0.065095547798883033 32.631790475845342 -5.2948064352336681 10.788995801157027 -0.14047905748540707 17.516930389709962 0.67544398861884059 8.4935642761169099 0.70836570976424396 -2.7740520246567266 22.764813952329686 -4.4545406191210661 1.1599781589736293 -3.0077159268247371 -21.397613060992697 0.71959248613088567 -19.793348831683399 6.0723394093974949 31.021192493438718 1.4368068734804789 -5.7267191213205324 1.3222265984567971 -17.090372218404497 -2.5268330920761084 0.78139888096624721 -1.8489445120619057 -22.312740990320844 -13.079462258475168 10.023078312192645 8.5916356881459546 12.993609498186808 0.56607890187593457 -2.158240354519624 1.2316823829943895 26.394781138979159 2.30956360743596 3.9320571721208837 6.2387783041419951 14.514779765555199 0.72583290669762535 15.624850410223008 5.1768286824226379 -10.034330234911883 -7.6548304306494224 1.7350245976563983 -16.789312769373257 5.4118310218387187 -3.3307740797315328 29.879010057449342 -1.2375467416955335 2.4562766666029709 16.283253367741903 1.9809462710868482 16.249922625525244 9.0595779450301315 -3.9486628044644996 -1.300965089075949
leaf_weight=290263 5552 165755 28 395 106 14850 20 38 134 33 39 1226 101 137 31 41 392 521 1604 23 78 30 93 20 36 109 404 21 1032 4201 57 30 70 28 21 164 6841 78 3763 29 26 296 76 47 1211 24 56 38 111 617 30 45 35 24 1714 81 42 43 145 211 210 317
leaf_count=290263 5552 165755 28 395 106 14850 20 38 134 33 39 1226 101 137 31 41 392 521 1604 23 78 30 93 20 36 109 404 21 1032 4201 57 30 70 28 21 164 6841 78 3763 29 26 296 76 47 1211 24 56 38 111 617 30 45 35 24 1714 81 42 43 145 211 210 317
internal_value=-0.00121762 0.0866557 0.350615 0.341309 0.501209 0.687203 5.49161 9.88103 13.6257 1.29873 5.22639 0.630908 2.31631 4.45188 7.59745 10.9803 -0.55477 -0.331209 -1.9859 -8.87109 0.514436 0.918305 -2.62845 1.06286 11.0724 -1.79385 1.96413 0.412428 -0.457378 0.414858 -2.59264 -10.9269 -6.08275 -2.50778 19.5329 12.6996 1.01407 1.89295 1.53947 5.78951 15.009 0.684544 -0.58875 0.98557 2.15594 5.03035 9.72073 -0.972363 -1.30649 2.25508 -7.0008 13.1165 6.89778 15.4994 -1.62786 3.55479 7.17768 10.706 13.683 6.80865 0.034776 0.371516
internal_weight=503793 213530 47775 47747 40517 33933 393 192 154 201 145 33540 2168 942 416 279 7230 6838 2125 56 31372 16522 647 15875 77 617 526 425 6584 4713 512 117 207 137 41 248 15798 4308 4019 256 55 11490 2197 9293 2452 1031 390 94 1901 641 87 296 82 214 1825 201 123 207 190 289 1421 410
internal_count=503793 213530 47775 47747 40517 33933 393 192 154 201 145 33540 2168 942 416 279 7230 6838 2125 56 31372 16522 647 15875 77 617 526 425 6584 4713 512 117 207 137 41 248 15798 4308 4019 256 55 11490 2197 9293 2452 1031 390 94 1901 641 87 296 82 214 1825 201 123 207 190 289 1421 410
cat_boundaries=0 1 2 3 4 5
cat_threshold=11302934 2113536 8192 18448 4
is_linear=0
shrinkage=0.05


Tree=158
num_leaves=63
num_cat=2
split_feature=7 20 13 20 1 7 13 17 19 10 10 20 13 14 19 7 3 3 17 19 6 10 7 6 14 20 7 19 19 3 19 16 14 7 14 20 7 6 20 19 17 19 20 20 9 13 3 13 20 3 6 9 19 17 3 19 15 3 13 1 13 13
split_gain=1.03327e+06 1.34796e+06 2.38986e+06 1.66958e+06 3.57757e+06 2.22047e+06 2.07552e+06 2.12167e+06 2.48301e+06 2.02171e+06 2.99787e+06 3.67023e+06 2.4636e+06 2.63345e+06 2.35899e+06 1.88751e+06 1.74874e+06 2.3313e+06 2.13941e+06 1.71617e+06 1.99364e+06 2.47691e+06 1.68142e+06 2.423e+06 2.71236e+06 2.11815e+06 1.92677e+06 2.41716e+06 2.78306e+06 5.49732e+06 3.11705e+06 1.68428e+06 1.67205e+06 1.79873e+06 1.69337e+06 1.66463e+06 2.42025e+06 1.93214e+06 1.60038e+06 2.78714e+06 2.29993e+06 1.5991e+06 1.53052e+06 1.49985e+06 1.48941e+06 1.48746e+06 1.49935e+06 3.19741e+06 2.20703e+06 1.48018e+06 1.43251e+06 1.32743e+06 1.90999e+06 3.01436e+06 2.17368e+06 1.31698e+06 1.2787e+06 1.24525e+06 1.20378e+06 2.83895e+06 1.75623e+06 2.10814e+06
threshold=2012.5000000000002 5229.0057692225555 98.500000000000014 2092.2258833249689 0 2007.5000000000002 64.500000000000014 8.2050000000000036 9.0916666666666597 3.5000000000000004 5.5000000000000009 4501.1082227991183 104.50000000000001 37.750000000000007 36.098333333333343 2010.5000000000002 1193.4350199794501 923.76340757796743 0.50500000000000012 566.14666666666676 2.5000000000000004 1.5000000000000002 2008.5000000000002 15.500000000000002 31.550000000000004 2668.9288511288119 2010.5000000000002 2316.6016666666669 514.14650000000006 4172.1826972747822 1384.531666666667 2.1500000000000008 31.650000000000002 2009.5000000000002 28.850000000000005 2589.2934923515691 2005.5000000000002 2.5000000000000004 2818.4868421052638 1293.9900000000002 2242.5400000000004 822.68333333333351 2505.4020647934699 3415.5617713651791 15.500000000000002 288.50000000000006 1919.3951353138928 328.50000000000006 2440.9698029269407 5224.9642948227502 14.500000000000002 23.500000000000004 504.33100000000007 638.55000000000007 2920.4711966842933 534.22066666666683 17.350000000000005 1919.3951353138928 8.5000000000000018 1 22.500000000000004 241.50000000000003
decision_type=2 2 2 2 1 2 2 2 2 2 2 2 2 2 2 2 2 2 2 2 2 2 2 2 2 2 2 2 2 2 2 2 2 2 2 2 2 2 2 2 2 2 2 2 2 2 2 2 2 2 2 2 2 2 2 2 2 2 2 1 2 2
left_child=1 3 49 -1 45 16 19 8 -8 12 14 38 13 51 50 -15 17 -6 -18 57 21 -21 23 24 -14 -24 27 28 -27 32 31 -31 33 -30 -35 36 -20 -37 -12 43 -41 42 -10 -40 -23 58 47 -47 -49 -3 -11 52 -9 -54 -55 -53 -44 -7 -5 60 -60 -62
right_child=-2 2 -4 4 5 6 7 9 41 10 11 -13 22 15 -16 -17 18 -19 35 20 -22 44 25 -25 -26 26 -28 -29 29 30 -32 -33 -34 34 -36 37 -38 -39 39 40 -42 -43 56 -45 -46 46 -48 48 -50 -51 -52 55 53 54 -56 -57 -58 -59 59 -61 61 -63
leaf_value=-0.028485745531135 0.082335077239087284 13.935829093239526 -1.6133598328889669 1.8664048327708107 -11.240593688488007 -9.5533439558605817 -1.0362342608871662 -0.36292258555861728 -3.3912912198812659 0.10305236062360189 1.2257130502106723 -13.6545360300276 0.28801963219330429 26.939077477228075 -3.5509499952023216 6.6054691677093507 2.2048280629482901 8.7938531650687164 -11.124976498612734 -24.430732400076732 -3.6086799239678822 -0.1707787648225442 -0.64621590777401494 -19.122706065575283 -15.197471719629625 0.52468145594733662 0.070850562084616958 -8.8717960331588994 6.9353364021547383 -17.222541632475679 6.9464801082777434 1.1901211437647758 2.7104712320410691 15.655300413551979 29.53721813746861 -21.048854888810055 -2.403398582262378 -6.987079129804318 6.2567700999848386 26.845660619382507 5.0669579744338993 2.1607341813259437 -19.634385584901882 -10.091316275596618 -13.902622479498389 -1.7192161093366907 0.50915115710259828 5.7691435480117796 29.2586669921875 3.0558112883346684 10.765657353117353 2.9733793797031529 25.200957580407461 -4.2944743226556223 13.861721853911877 -12.450841926574707 -7.9903082546127102 -0.65583643604555864 -1.297877817287058 -0.30756576431381322 -11.241664767852972 0.0030404540441804017
leaf_weight=260051 213530 33 333 596 20 43 1037 87 202 126 349 36 168 21 1220 25 91 53 107 28 275 39 1813 24 34 183 519 32 31 27 86 23 23 59 35 36 310 76 47 27 22 61 27 20 40 47 5626 20 20 593 42 31 24 34 32 25 186 460 197 14230 142 59
leaf_count=260051 213530 33 333 596 20 43 1037 87 202 126 349 36 168 21 1220 25 91 53 107 28 275 39 1813 24 34 183 519 32 31 27 86 23 23 59 35 36 310 76 47 27 22 61 27 20 40 47 5626 20 20 593 42 31 24 34 32 25 186 460 197 14230 142 59
internal_value=-0.00115161 -0.062568 1.80889 -0.0687716 -0.426902 -1.30353 -1.05876 -0.759755 -2.40855 -0.282314 -1.58934 1.72606 0.457783 4.95546 -2.78604 15.8882 -4.01486 3.30496 -4.87672 -3.33524 -5.86181 -11.6526 0.0472989 -4.10297 -2.31845 0.378617 2.20379 4.42221 5.33315 8.43156 1.17472 -8.75272 15.1 17.3797 20.8241 -6.0949 -4.64131 -11.5069 2.91682 8.00472 17.0675 -5.39824 -6.50932 1.37674 -7.12361 -0.0780513 0.609879 7.1236 17.5139 3.62936 2.7687 2.79706 4.91984 10.0265 4.50853 -3.91243 -9.46632 -1.41646 -0.336257 -0.426002 -4.53877 -7.94098
internal_weight=503793 290263 959 289304 29253 8316 7623 6738 1513 5225 1889 501 3336 279 1388 46 693 73 620 885 382 107 3057 226 202 2831 1018 499 467 284 136 50 148 125 94 529 417 112 465 116 49 476 415 67 79 20937 5713 87 40 626 168 233 177 90 66 56 213 503 15224 14628 398 201
internal_count=503793 290263 959 289304 29253 8316 7623 6738 1513 5225 1889 501 3336 279 1388 46 693 73 620 885 382 107 3057 226 202 2831 1018 499 467 284 136 50 148 125 94 529 417 112 465 116 49 476 415 67 79 20937 5713 87 40 626 168 233 177 90 66 56 213 503 15224 14628 398 201
cat_boundaries=0 1 2
cat_threshold=165 4
is_linear=0
shrinkage=0.05


Tree=159
num_leaves=63
num_cat=0
split_feature=17 19 7 3 17 18 3 20 21 13 15 4 20 10 20 3 3 17 4 3 18 7 19 3 4 21 4 15 4 12 13 7 15 20 16 3 10 20 3 12 15 3 17 14 14 14 3 20 16 20 16 20 18 19 15 16 9 4 3 4 20 13
split_gain=1.02437e+06 1.50622e+06 1.21851e+06 848292 932579 1.20218e+06 1.39852e+06 1.16684e+06 1.22333e+06 862456 1.15673e+06 864566 821953 804981 1.46174e+06 4.01129e+06 1.69495e+06 931081 1.13083e+06 929090 910995 905302 1.68404e+06 1.35279e+06 3.91126e+06 1.27597e+06 1.09801e+06 3.0963e+06 1.00715e+06 4.36241e+06 7.22798e+06 1.91395e+06 1.50491e+06 1.73025e+06 1.15878e+06 1.10539e+06 1.0742e+06 1.6795e+06 4.18412e+06 1.93271e+06 1.54904e+06 1.50992e+06 1.17342e+06 1.132e+06 1.21636e+06 1.07969e+06 1.54921e+06 4.55985e+06 1.20491e+06 1.44888e+06 1.15394e+06 1.1013e+06 1.06022e+06 1.28227e+06 1.00221e+06 967602 1.14853e+06 1.01237e+06 966430 1.39926e+06 3.04129e+06 2.78281e+06
threshold=306.42500000000007 566.14666666666676 2018.5000000000002 3828.1534090909095 12.005000000000001 10.957142857142861 4981.5572559041984 4792.6836324509404 2.5000000000000004 126.50000000000001 25.450000000000003 28.505000000000006 232.75791747745299 1.5000000000000002 1194.915155478059 683.33628791715921 1184.6226540807204 5.0050000000000008 122.13000000000001 2200.001928317613 12.460000000000004 2013.5000000000002 3.7213333333333338 5833.4745046068419 90.715000000000018 9.5000000000000018 2462.6300000000006 21.850000000000005 4.0050000000000008 25.500000000000004 132.50000000000003 2014.5000000000002 22.350000000000005 1890.1586458975469 2.6500000000000008 2130.7475790510211 2.5000000000000004 2505.4020647934699 2372.6448168027196 33.500000000000007 14.950000000000001 3530.0651334834361 1.905 29.950000000000003 26.050000000000004 30.650000000000002 2667.2795652755995 2186.955134142715 4.6500000000000012 4269.790630326007 1.4500000000000002 5846.5037224942653 0.95714285714285741 2.0328333333333415 25.550000000000004 4.5500000000000007 14.500000000000002 0.50500000000000012 1289.4264958116785 6.0050000000000008 5846.5037224942653 92.500000000000014
decision_type=2 2 2 2 2 2 2 2 2 2 2 2 2 2 2 2 2 2 2 2 2 2 2 2 2 2 2 2 2 2 2 2 2 2 2 2 2 2 2 2 2 2 2 2 2 2 2 2 2 2 2 2 2 2 2 2 2 2 2 2 2 2
left_child=1 2 13 -4 5 7 -7 8 -5 10 -6 -11 -2 14 19 -16 17 20 -19 -1 -17 58 25 26 -25 28 -24 -28 36 30 34 -31 -33 -34 -30 -35 37 40 -39 41 42 43 -23 44 -40 51 -47 -48 49 50 -49 -38 -41 -54 -52 56 57 -43 -15 -60 -61 -62
right_child=12 -3 3 4 9 6 -8 -9 -10 11 -12 -13 -14 21 15 16 -18 18 -20 -21 -22 22 23 24 -26 -27 27 -29 29 31 -32 32 33 35 -36 -37 45 38 39 52 -42 55 -44 -45 -46 46 47 48 -50 -51 54 -53 53 -55 -56 -57 -58 -59 59 60 61 -63
leaf_value=0.081159886361986594 -1.0919815689697825 0.43206665851084297 0.44027248710062433 2.3501793144390599 0.1280419172947867 18.218120908737184 4.2179517781192608 -8.1360710951297186 14.876141107082368 -2.4393522684914726 -9.40301220030398 3.7476871735429116 -0.06819597090830834 0.087112930881045436 -10.147845334502367 -1.2926768240900559 -0.23949299305774605 0.16123820107846221 -2.6886221798685379 8.349969858281753 -5.4483312694660881 2.4731634169169094 0.1760928638627732 -1.2161847540034969 -22.039282123859113 13.589143953436897 -2.1999117929488423 22.878684930652383 1.2041753981171586 13.304205017089846 30.206416440691267 2.2885518611316953 0.12197970420122146 -21.532834976911545 14.127337317033247 -6.1934575438499451 -0.17762442871718342 24.581303134331336 7.1407657663027457 2.3662642990841589 -0.90253385064601899 1.7619393920898441 13.120875286890403 15.991800408363344 -6.6452962756156921 0.033411058083790357 26.3388633814725 1.7329841131663455 7.599818266928196 13.610137138764063 -12.854823290068527 -8.2096135413104836 21.023446050183527 6.6122473024960726 1.6941743469238284 -13.208855568468572 5.1602443972975021 -13.46965204079946 -0.81299602896657319 -0.073259074248725894 21.531824999470867 -2.3903534603118897
leaf_weight=40181 1977 25436 7695 171 228 30 44 23 22 70 37 292 235038 72097 104 244 37012 797 618 34 287 92 47076 170 26 21 32 20 82 20 35 71 40 24 22 23 1420 26 48 34 375 20 36 20 24 522 22 181 97 21 29 44 29 33 20 20 40 24 8075 22391 31 20
leaf_count=40181 1977 25436 7695 171 228 30 44 23 22 70 37 292 235038 72097 104 244 37012 797 618 34 287 92 47076 170 26 21 32 20 82 20 35 71 40 24 22 23 1420 26 48 34 375 20 36 20 24 522 22 181 97 21 29 44 29 33 20 20 40 24 8075 22391 31 20
internal_value=-0.00109433 0.0661081 0.0275382 0.611578 2.04909 4.39365 9.8937 2.50938 3.77801 0.964676 -1.20271 2.5513 -0.0767356 0.00592627 -0.123449 -0.341294 -0.315115 -1.75342 -1.08344 0.0881508 -3.53877 0.0727641 0.245302 0.166874 -3.97843 1.30121 0.184114 7.4457 1.22735 3.91477 10.5523 -1.26847 -3.11311 -7.52136 3.93792 -14.0263 0.959205 2.51667 5.36087 3.64946 0.718553 0.802579 5.46783 5.46854 2.54541 0.416471 1.78773 4.26274 2.86712 1.03815 -0.109723 -0.419023 9.46184 13.353 -6.91646 -3.325 -0.971703 -6.5462 -0.0127178 -0.24857 -0.0454801 12.1506
internal_weight=503793 266778 241342 8612 917 290 74 216 193 627 265 362 237015 232730 79277 39062 38958 1946 1415 40215 531 153453 50839 47324 196 3515 47128 52 3494 317 139 178 158 87 104 47 3177 821 318 292 503 196 128 92 72 2356 892 370 348 251 230 1464 96 62 49 104 84 44 102614 30517 22442 51
internal_count=503793 266778 241342 8612 917 290 74 216 193 627 265 362 237015 232730 79277 39062 38958 1946 1415 40215 531 153453 50839 47324 196 3515 47128 52 3494 317 139 178 158 87 104 47 3177 821 318 292 503 196 128 92 72 2356 892 370 348 251 230 1464 96 62 49 104 84 44 102614 30517 22442 51
is_linear=0
shrinkage=0.05


Tree=160
num_leaves=63
num_cat=3
split_feature=0 13 19 21 21 20 3 3 19 15 15 10 6 0 20 20 10 20 16 9 9 15 20 16 16 20 3 20 16 19 16 21 13 12 12 17 16 19 9 9 15 15 19 15 15 10 18 19 10 15 15 3 0 20 16 10 20 18 16 17 18 9
split_gain=1.08506e+06 1.26836e+06 1.27962e+06 1.6334e+06 1.09488e+06 1.36641e+06 852270 1.50458e+06 1.68373e+06 1.86253e+06 2.12885e+06 1.41855e+06 1.3643e+06 1.1024e+06 1.25134e+06 2.4469e+06 2.11446e+06 1.52314e+06 1.30471e+06 1.81138e+06 1.49654e+06 1.27593e+06 1.5654e+06 1.2921e+06 1.20013e+06 1.17511e+06 1.12923e+06 1.0722e+06 924210 892963 910450 1.19985e+06 1.85674e+06 1.36729e+06 1.57522e+06 798067 770860 829526 761350 740098 1.3026e+06 742739 1.42194e+06 729770 2.02796e+06 688420 676848 631866 578046 573951 571194 569958 4.61341e+06 2.65835e+06 1.75264e+06 3.4199e+06 5.96256e+06 1.89641e+06 1.57117e+06 1.13978e+06 1.35273e+06 1.50813e+06
threshold=0 94.500000000000014 2.571166666666667 51.500000000000007 42.000000000000007 2335.445547633391 3530.0651334834361 3904.2033643443924 1.0975000000000004 22.250000000000004 24.150000000000002 2.5000000000000004 3.5000000000000004 1 3209.0769230769233 1872.4046726614349 1.5000000000000002 2002.1355204632964 4.6500000000000012 7.5000000000000009 22.500000000000004 24.750000000000004 3007.6825888012204 2.6500000000000008 8.5500000000000025 2668.9288511288119 1789.01581027668 3900.6392308260497 8.6500000000000004 2.0328333333333415 2.8500000000000001 1.5000000000000002 295.50000000000006 40.500000000000007 28.500000000000004 4709.4500000000007 25.750000000000004 1.0975000000000004 26.500000000000004 11.500000000000002 25.150000000000002 24.950000000000003 0.899166666666667 18.550000000000004 20.050000000000004 3.5000000000000004 0.43857142857142833 0.899166666666667 1.5000000000000002 25.350000000000005 26.350000000000005 4981.5572559041984 2 2867.2189680627957 1.1500000000000001 4.5000000000000009 5469.7708618331062 155.79857142857142 1.4500000000000002 0.90500000000000014 87.01428571428599 19.500000000000004
decision_type=9 2 2 2 2 2 2 2 2 2 2 2 2 9 2 2 2 2 2 2 2 2 2 2 2 2 2 2 2 2 2 2 2 2 2 2 2 2 2 2 2 2 2 2 2 2 2 2 2 2 2 2 9 2 2 2 2 2 2 2 2 2
left_child=-1 -2 3 6 35 -6 13 8 39 45 -11 -12 28 14 15 -3 17 -17 -16 -20 24 22 26 -23 -21 -25 -18 -15 43 30 31 33 -33 34 -14 51 37 46 -35 40 -8 42 -41 48 -45 -10 -19 -26 -9 -27 -42 -4 59 -54 -55 58 57 -57 -56 -53 61 -61
right_child=1 2 4 -5 5 -7 7 12 9 10 11 -13 29 27 18 16 21 36 19 20 -22 23 -24 25 47 49 -28 -29 -30 -31 -32 32 -34 38 -36 -37 -38 -39 -40 41 50 -43 -44 44 -46 -47 -48 -49 -50 -51 -52 52 53 54 55 56 -58 -59 -60 60 -62 -63
leaf_value=-0.11099288438746445 -0.10313659300212802 0.79495559306106767 0.12338453465749699 14.62547603760447 -0.95701015181011639 -15.536177242279052 14.068711704299563 8.1313666468081269 3.8310393775764262 -20.259559379816057 -13.89609631729126 2.2305119510491691 -1.8331546154484819 0.47544343198564082 -6.2362303590774539 10.532528643047108 16.815524673461915 -4.1699004193147031 11.923203586041929 3.2632131980015679 9.0360174814860041 22.71845004081726 -6.1973310223647529 3.3180163650512697 -3.94456946849823 19.110412166736747 5.2551704783898758 11.291788994747661 -2.8508332946083765 5.7804401290182978 1.1930822698990882 -1.0310844571249826 -17.694899517297745 0.17888025004288247 -17.823107907325031 -0.21958594956933283 8.0612633114769352 -7.2004700307492859 10.343139019718876 -14.621449303627015 -7.0288388116019114 0.30882089303271609 -0.22122508570551874 22.447072102806786 4.7393793965949387 -6.3982039891440294 3.6585820956413566 -15.563068769454956 -2.1944510864489009 8.800839063856337 2.827215691975185 2.5276376632973552 -13.555409126962935 1.2712473705942851 -8.905734609603881 5.2765703049145252 -29.26648184348797 -10.626238397649818 0.26695134081898936 -7.1457419803407465 -4.0235956477952177 -18.12030471339822
leaf_weight=139089 95787 953 238118 21 45 25 21 23 38 40 25 30 67 5960 90 34 23 48 32 26 24 20 28 50 22 27 259 23 33 51 211 35 32 58 20 19251 21 54 27 30 21 101 40 22 61 29 65 25 33 27 49 32 35 1654 50 38 29 37 704 90 143 48
leaf_count=139089 95787 953 238118 21 45 25 21 23 38 40 25 30 67 5960 90 34 23 48 32 26 24 20 28 50 22 27 259 23 33 51 211 35 32 58 20 19251 21 54 27 30 21 101 40 22 61 29 65 25 33 27 49 32 35 1654 50 38 29 37 704 90 143 48
internal_value=0.00783806 0.0531202 0.108716 0.697267 0.0885268 -6.16386 0.664432 -0.640592 -2.97351 -6.98048 -11.4828 -5.09976 0.829181 0.847714 1.91955 2.41268 4.76283 0.793783 -1.61583 1.6077 -1.79535 6.79308 5.07845 11.0796 -5.35635 8.84139 6.19804 0.516161 4.67131 -0.489872 -1.20051 -3.31368 -8.98992 -1.10258 -5.50901 0.0902087 -0.96748 -2.10283 3.40753 -0.495919 3.14693 -2.43451 -6.39275 6.45714 9.43298 -0.596544 0.333209 -10.1246 2.04651 13.9556 -0.129601 0.114957 -0.586685 0.128847 0.320024 -1.51369 -10.0134 -2.56882 -0.341317 -6.2148 -7.43155 -10.963
internal_weight=504104 365015 269228 8929 260299 70 8908 1097 424 162 95 55 673 7811 1828 1609 656 222 219 129 97 434 310 124 73 104 282 5983 172 501 450 239 67 172 87 260229 188 167 85 262 91 171 70 139 83 67 113 47 56 54 70 240978 2860 2547 2512 858 104 75 754 313 281 138
internal_count=504104 365015 269228 8929 260299 70 8908 1097 424 162 95 55 673 7811 1828 1609 656 222 219 129 97 434 310 124 73 104 282 5983 172 501 450 239 67 172 87 260229 188 167 85 262 91 171 70 139 83 67 113 47 56 54 70 240978 2860 2547 2512 858 104 75 754 313 281 138
cat_boundaries=0 1 2 3
cat_threshold=2441118320 538460160 134217728
is_linear=0
shrinkage=0.05


Tree=161
num_leaves=63
num_cat=7
split_feature=0 4 0 20 6 10 20 19 14 19 16 15 17 20 19 15 17 13 19 19 19 20 16 13 1 20 0 10 15 20 10 0 19 1 4 17 7 20 17 15 20 8 7 10 7 14 4 19 1 20 6 7 6 16 14 15 10 17 14 19 17 10
split_gain=979275 1.31535e+06 2.63549e+06 5.08113e+06 7.29065e+06 5.94286e+06 3.23558e+06 2.23163e+06 2.1914e+06 1.95822e+06 1.62207e+06 1.54076e+06 1.44144e+06 1.43131e+06 2.47285e+06 1.4089e+06 1.40386e+06 1.32518e+06 1.39946e+06 1.3145e+06 1.25339e+06 1.22296e+06 1.6038e+06 1.20647e+06 1.22422e+06 1.54944e+06 2.21724e+06 2.91038e+06 1.95129e+06 1.48577e+06 1.28564e+06 1.20371e+06 2.50365e+06 4.87296e+06 1.78533e+06 1.67982e+06 1.89155e+06 3.97974e+06 2.83977e+06 2.73366e+06 2.27183e+06 2.23128e+06 1.93273e+06 1.86628e+06 3.01301e+06 1.80136e+06 1.49189e+06 1.45955e+06 1.50064e+06 1.50148e+06 2.56117e+06 3.93375e+06 3.65562e+06 2.22926e+06 1.91384e+06 1.59875e+06 1.41036e+06 1.36644e+06 1.28976e+06 1.25162e+06 1.58584e+06 1.56946e+06
threshold=0 1572.1400000000001 1 1499.8246655190121 1.5000000000000002 4.5000000000000009 2743.3444444444444 2632.4541666666669 29.450000000000003 1240.1503333333337 21.350000000000005 24.450000000000003 5910.5400000000009 5846.5037224942653 1861.7524999999998 19.950000000000003 4474.9100000000008 219.50000000000003 3244.1281666666669 3639.3623333333339 2719.6865000000003 3749.3432519861094 1.0000000180025095e-35 94.500000000000014 2 2440.9698029269407 3 5.5000000000000009 19.450000000000003 2916.9675990675996 4.5000000000000009 4 1384.531666666667 5 2.0050000000000003 2555.0500000000006 2013.5000000000002 2980.0949553835444 345.02000000000004 21.250000000000004 1400.0010844575547 6.5000000000000009 2012.5000000000002 4.5000000000000009 2016.5000000000002 28.450000000000003 289.31500000000005 2.571166666666667 6 3007.6825888012204 9.5000000000000018 2016.5000000000002 6.5000000000000009 18.850000000000005 29.550000000000004 25.950000000000003 5.5000000000000009 1626.825 30.650000000000002 3923.8378333333344 5246.0300000000016 5.5000000000000009
decision_type=9 2 9 2 2 2 2 2 2 2 2 2 2 2 2 2 2 2 2 2 2 2 2 2 1 2 9 2 2 2 2 9 2 1 2 2 2 2 2 2 2 2 2 2 2 2 2 2 1 2 2 2 2 2 2 2 2 2 2 2 2 2
left_child=-1 23 3 -3 6 9 15 -8 -9 -6 12 -7 17 -4 -15 -5 -10 18 -11 -20 -17 -14 -23 24 25 -2 27 30 29 -29 -27 32 47 35 57 36 39 46 -39 42 45 -42 -34 44 -37 -41 -38 48 49 55 51 58 54 -52 -53 -25 -40 -35 -51 61 -61 -45
right_child=1 2 13 4 5 11 7 8 16 10 -12 -13 21 14 -16 20 -18 -19 19 -21 -22 22 -24 31 -26 26 -28 28 -30 -31 -32 -33 33 34 -36 43 37 38 56 40 41 -43 -44 59 -46 -47 -48 -49 -50 50 53 52 -54 -55 -56 -57 -58 -59 -60 60 -62 -63
leaf_value=-0.10544363995099391 -0.19914366754259463 -0.051818135635727416 -0.0065359660117560101 -7.0822095450293823 -3.2104220003313473 -7.4171102907111592 -6.3804350248042576 -21.526280520874778 -17.739817449024745 0.22466724692840045 -7.5452224608913472 5.3426000318527223 -1.2266367904433142 18.896671645453683 1.2502548592885336 -5.3399092412952873 -0.50286218369448632 -0.82782446587356329 7.532719151547413 2.0666918453505194 5.0610186558961878 -2.7734585264454719 -18.944076209223791 4.2156164645806129 0.14990060653959175 -3.7346336949248062 -0.068682955567796453 -29.909096795036682 -4.7571446032137485 -11.1007329645611 3.9208767667893443 0.10540606806948907 3.1891838824152945 -15.519129474701423 0.50117470986825408 3.18073345481133 14.648544864265288 -12.889841485023499 11.829780837418376 -4.0920602917671207 9.4752870702743532 30.174823694643766 -9.505971388146282 -9.0755763479641498 19.725507342430856 11.041769611251121 30.853576278686525 0.17991366150296567 0.34625441045866423 -2.8234056860628263 -8.0376746875899183 -3.7582004615238738 28.220564622145435 5.9773772791812299 14.275659348887784 18.620497255325319 -0.49257673331669399 -0.4197035805932407 5.8694629911516536 12.499484778853024 0.23201250367694431 0.18599191793438161
leaf_weight=139089 40119 8768 60883 173 668 441 94 81 21 733 74 25 802 27 75 56 27 916 151 405 60 46 23 522 33726 475 759 21 37 21 62 178825 475 31 2643 245 49 20 69 32 30 23 32 70 31 51 20 30011 1262 142 112 28 26 38 31 20 35 29 61 34 117 132
leaf_count=139089 40119 8768 60883 173 668 441 94 81 21 733 74 25 802 27 75 56 27 916 151 405 60 46 23 522 33726 475 759 21 37 21 62 178825 475 31 2643 245 49 20 69 32 30 23 32 70 31 51 20 30011 1262 142 112 28 26 38 31 20 35 29 61 34 117 132
internal_value=0.00744604 0.0504642 -0.136888 -0.766977 -2.07602 -1.40208 -7.71504 -12.2399 -16.5096 -0.751472 -0.230018 -6.73258 -0.0540347 0.00337815 5.92137 -4.22352 -8.04403 0.626233 1.65953 3.55117 0.0398811 -1.77618 -8.16366 0.0985505 -0.0738273 -0.255646 -1.90611 -4.10236 -13.1294 -20.5049 -2.85076 0.15879 0.420756 1.57406 0.306428 3.88431 5.37943 9.72056 4.36466 4.07642 10.3711 18.4581 2.38791 1.95892 5.03902 5.20704 19.3457 0.271847 1.50245 2.95762 0.810696 3.57001 12.6006 -4.48719 5.71722 4.74716 7.68283 -8.22107 -0.211263 -0.449324 2.99422 -3.02346
internal_weight=504104 365015 74549 13564 4796 4284 512 223 129 3818 3150 466 3076 60985 102 289 48 2205 1289 556 116 871 69 290466 75220 41494 1375 616 79 42 537 215246 36421 4168 2703 1465 836 193 124 643 136 53 507 629 276 83 69 32253 2242 980 438 288 85 150 59 542 104 60 203 353 151 202
internal_count=504104 365015 74549 13564 4796 4284 512 223 129 3818 3150 466 3076 60985 102 289 48 2205 1289 556 116 871 69 290466 75220 41494 1375 616 79 42 537 215246 36421 4168 2703 1465 836 193 124 643 136 53 507 629 276 83 69 32253 2242 980 438 288 85 150 59 542 104 60 203 353 151 202
cat_boundaries=0 1 2 3 4 5 6 7
cat_threshold=2441118320 536895498 76 537163778 539516928 17 224
is_linear=0
shrinkage=0.05


end of trees

feature_importances:
avg_price=1896
lag_1_price=1564
state=963
day_of_week=837
year=789
crop=642
arrivals_tonnes=603
rolling_30_avg=529
lag_1_arrivals=451
rolling_7_avg=377
day_of_year=252
temp_min=248
temp_max=178
week_of_year=149
days_to_nearest_festival=136
precipitation_mm=110
day=97
days_since_last_record=80
is_weekend=56
season=41
month=38
is_festival=8

parameters:
[boosting: gbdt]
[objective: regression]
[metric: l1]
[tree_learner: serial]
[device_type: cpu]
[data_sample_strategy: bagging]
[data: ]
[valid: ]
[num_iterations: 3000]
[learning_rate: 0.05]
[num_leaves: 63]
[num_threads: 0]
[seed: 42]
[deterministic: 0]
[force_col_wise: 0]
[force_row_wise: 0]
[histogram_pool_size: -1]
[max_depth: -1]
[min_data_in_leaf: 20]
[min_sum_hessian_in_leaf: 0.001]
[bagging_fraction: 0.8]
[pos_bagging_fraction: 1]
[neg_bagging_fraction: 1]
[bagging_freq: 5]
[bagging_seed: 400]
[bagging_by_query: 0]
[feature_fraction: 0.8]
[feature_fraction_bynode: 1]
[feature_fraction_seed: 30056]
[extra_trees: 0]
[extra_seed: 12879]
[early_stopping_round: 0]
[early_stopping_min_delta: 0]
[first_metric_only: 0]
[max_delta_step: 0]
[lambda_l1: 0]
[lambda_l2: 0]
[linear_lambda: 0]
[min_gain_to_split: 0]
[drop_rate: 0.1]
[max_drop: 50]
[skip_drop: 0.5]
[xgboost_dart_mode: 0]
[uniform_drop: 0]
[drop_seed: 17869]
[top_rate: 0.2]
[other_rate: 0.1]
[min_data_per_group: 100]
[max_cat_threshold: 32]
[cat_l2: 10]
[cat_smooth: 10]
[max_cat_to_onehot: 4]
[top_k: 20]
[monotone_constraints: ]
[monotone_constraints_method: basic]
[monotone_penalty: 0]
[feature_contri: ]
[forcedsplits_filename: ]
[refit_decay_rate: 0.9]
[cegb_tradeoff: 1]
[cegb_penalty_split: 0]
[cegb_penalty_feature_lazy: ]
[cegb_penalty_feature_coupled: ]
[path_smooth: 0]
[interaction_constraints: ]
[verbosity: -1]
[saved_feature_importance_type: 0]
[use_quantized_grad: 0]
[num_grad_quant_bins: 4]
[quant_train_renew_leaf: 0]
[stochastic_rounding: 1]
[linear_tree: 0]
[max_bin: 255]
[max_bin_by_feature: ]
[min_data_in_bin: 3]
[bin_construct_sample_cnt: 200000]
[data_random_seed: 175]
[is_enable_sparse: 1]
[enable_bundle: 1]
[use_missing: 1]
[zero_as_missing: 0]
[feature_pre_filter: 1]
[pre_partition: 0]
[two_round: 0]
[header: 0]
[label_column: ]
[weight_column: ]
[group_column: ]
[ignore_column: ]
[categorical_feature: 0,1,2]
[forcedbins_filename: ]
[precise_float_parser: 0]
[parser_config_file: ]
[objective_seed: 16083]
[num_class: 1]
[is_unbalance: 0]
[scale_pos_weight: 1]
[sigmoid: 1]
[boost_from_average: 1]
[reg_sqrt: 0]
[alpha: 0.9]
[fair_c: 1]
[poisson_max_delta_step: 0.7]
[tweedie_variance_power: 1.5]
[lambdarank_truncation_level: 30]
[lambdarank_norm: 1]
[label_gain: ]
[lambdarank_position_bias_regularization: 0]
[eval_at: ]
[multi_error_top_k: 1]
[auc_mu_weights: ]
[num_machines: 1]
[local_listen_port: 12400]
[time_out: 120]
[machine_list_filename: ]
[machines: ]
[gpu_platform_id: -1]
[gpu_device_id: -1]
[gpu_use_dp: 0]
[num_gpu: 1]

end of parameters

pandas_categorical:[["Andaman and Nicobar", "Andhra Pradesh", "Arunachal Pradesh", "Assam", "Bihar", "Chandigarh", "Chattisgarh", "Goa", "Gujarat", "Haryana", "Himachal Pradesh", "Jammu and Kashmir", "Jharkhand", "Karnataka", "Kerala", "Madhya Pradesh", "Maharashtra", "Manipur", "Meghalaya", "Mizoram", "NCT of Delhi", "Nagaland", "Odisha", "Pondicherry", "Punjab", "Rajasthan", "Sikkim", "Tamil Nadu", "Telangana", "Tripura", "Uttar Pradesh", "Uttrakhand", "West Bengal"], ["Cotton", "Maize", "Onion", "Potato", "Rice", "Soyabean", "Tomato", "Wheat"], ["Kharif", "Rabi", "Zaid"]]
